[2026-06-10T18:49:58.464+0000] {manager.py:469} INFO - Processing files using up to 2 processes at a time 
[2026-06-10T18:49:58.464+0000] {manager.py:470} INFO - Process each file at most once every 30 seconds
[2026-06-10T18:49:58.464+0000] {manager.py:471} INFO - Checking for new files in /opt/airflow/dags every 300 seconds
[2026-06-10T18:49:58.465+0000] {manager.py:738} INFO - Searching for files in /opt/airflow/dags
[2026-06-10T18:49:58.465+0000] {manager.py:741} INFO - There are 0 files in /opt/airflow/dags
[2026-06-10T18:53:49.945+0000] {manager.py:469} INFO - Processing files using up to 2 processes at a time 
[2026-06-10T18:53:49.946+0000] {manager.py:470} INFO - Process each file at most once every 30 seconds
[2026-06-10T18:53:49.947+0000] {manager.py:471} INFO - Checking for new files in /opt/airflow/dags every 300 seconds
[2026-06-10T18:53:49.947+0000] {manager.py:738} INFO - Searching for files in /opt/airflow/dags
[2026-06-10T18:53:49.948+0000] {manager.py:741} INFO - There are 0 files in /opt/airflow/dags
[2026-06-10T18:58:50.032+0000] {manager.py:738} INFO - Searching for files in /opt/airflow/dags
[2026-06-10T18:58:50.034+0000] {manager.py:741} INFO - There are 1 files in /opt/airflow/dags
[2026-06-10T18:59:12.374+0000] {manager.py:879} INFO - 
================================================================================
DAG File Processing Stats

File Path                                PID    Runtime      # DAGs    # Errors  Last Runtime    Last Run
---------------------------------------  -----  ---------  --------  ----------  --------------  -------------------
/opt/airflow/dags/ingest_matches_dag.py                           1           0  0.34s           2026-06-10T18:58:50
================================================================================
[2026-06-10T18:59:41.944+0000] {manager.py:879} INFO - 
================================================================================
DAG File Processing Stats

File Path                                PID    Runtime      # DAGs    # Errors  Last Runtime    Last Run
---------------------------------------  -----  ---------  --------  ----------  --------------  -------------------
/opt/airflow/dags/ingest_matches_dag.py                           1           0  0.11s           2026-06-10T18:59:20
================================================================================
[2026-06-10T19:00:11.303+0000] {manager.py:879} INFO - 
================================================================================
DAG File Processing Stats

File Path                                PID    Runtime      # DAGs    # Errors  Last Runtime    Last Run
---------------------------------------  -----  ---------  --------  ----------  --------------  -------------------
/opt/airflow/dags/ingest_matches_dag.py                           1           0  0.10s           2026-06-10T18:59:51
================================================================================
[2026-06-10T19:00:40.574+0000] {manager.py:879} INFO - 
================================================================================
DAG File Processing Stats

File Path                                PID    Runtime      # DAGs    # Errors  Last Runtime    Last Run
---------------------------------------  -----  ---------  --------  ----------  --------------  -------------------
/opt/airflow/dags/ingest_matches_dag.py                           1           0  0.27s           2026-06-10T19:00:19
================================================================================
[2026-06-10T19:01:10.113+0000] {manager.py:879} INFO - 
================================================================================
DAG File Processing Stats

File Path                                PID    Runtime      # DAGs    # Errors  Last Runtime    Last Run
---------------------------------------  -----  ---------  --------  ----------  --------------  -------------------
/opt/airflow/dags/ingest_matches_dag.py                           1           0  0.10s           2026-06-10T19:00:49
================================================================================
[2026-06-10T19:01:39.410+0000] {manager.py:879} INFO - 
================================================================================
DAG File Processing Stats

File Path                                PID    Runtime      # DAGs    # Errors  Last Runtime    Last Run
---------------------------------------  -----  ---------  --------  ----------  --------------  -------------------
/opt/airflow/dags/ingest_matches_dag.py                           1           0  0.10s           2026-06-10T19:01:20
================================================================================
[2026-06-10T19:02:08.747+0000] {manager.py:879} INFO - 
================================================================================
DAG File Processing Stats

File Path                                PID    Runtime      # DAGs    # Errors  Last Runtime    Last Run
---------------------------------------  -----  ---------  --------  ----------  --------------  -------------------
/opt/airflow/dags/ingest_matches_dag.py                           1           0  0.09s           2026-06-10T19:01:50
================================================================================
[2026-06-10T19:02:38.025+0000] {manager.py:879} INFO - 
================================================================================
DAG File Processing Stats

File Path                                PID    Runtime      # DAGs    # Errors  Last Runtime    Last Run
---------------------------------------  -----  ---------  --------  ----------  --------------  -------------------
/opt/airflow/dags/ingest_matches_dag.py                           1           0  0.10s           2026-06-10T19:02:20
================================================================================
[2026-06-10T19:03:07.299+0000] {manager.py:879} INFO - 
================================================================================
DAG File Processing Stats

File Path                                PID    Runtime      # DAGs    # Errors  Last Runtime    Last Run
---------------------------------------  -----  ---------  --------  ----------  --------------  -------------------
/opt/airflow/dags/ingest_matches_dag.py                           1           0  0.10s           2026-06-10T19:02:51
================================================================================
[2026-06-10T19:03:36.561+0000] {manager.py:879} INFO - 
================================================================================
DAG File Processing Stats

File Path                                PID    Runtime      # DAGs    # Errors  Last Runtime    Last Run
---------------------------------------  -----  ---------  --------  ----------  --------------  -------------------
/opt/airflow/dags/ingest_matches_dag.py                           1           0  0.11s           2026-06-10T19:03:21
================================================================================
[2026-06-10T19:03:50.640+0000] {manager.py:738} INFO - Searching for files in /opt/airflow/dags
[2026-06-10T19:03:50.642+0000] {manager.py:741} INFO - There are 1 files in /opt/airflow/dags
[2026-06-10T19:04:05.891+0000] {manager.py:879} INFO - 
================================================================================
DAG File Processing Stats

File Path                                PID    Runtime      # DAGs    # Errors  Last Runtime    Last Run
---------------------------------------  -----  ---------  --------  ----------  --------------  -------------------
/opt/airflow/dags/ingest_matches_dag.py                           1           0  0.12s           2026-06-10T19:03:51
================================================================================
[2026-06-10T19:04:34.931+0000] {manager.py:451} INFO - Exiting gracefully upon receiving signal 15
[2026-06-10T19:06:15.792+0000] {manager.py:469} INFO - Processing files using up to 2 processes at a time 
[2026-06-10T19:06:15.803+0000] {manager.py:470} INFO - Process each file at most once every 30 seconds
[2026-06-10T19:06:15.804+0000] {manager.py:471} INFO - Checking for new files in /opt/airflow/dags every 300 seconds
[2026-06-10T19:06:15.804+0000] {manager.py:738} INFO - Searching for files in /opt/airflow/dags
[2026-06-10T19:06:15.805+0000] {manager.py:741} INFO - There are 1 files in /opt/airflow/dags
[2026-06-10T19:06:15.909+0000] {manager.py:879} INFO - 
================================================================================
DAG File Processing Stats

File Path                                  PID  Runtime      # DAGs    # Errors  Last Runtime    Last Run
---------------------------------------  -----  ---------  --------  ----------  --------------  ----------
/opt/airflow/dags/ingest_matches_dag.py    174  0.05s             0           0
================================================================================
[2026-06-10T19:06:45.155+0000] {manager.py:879} INFO - 
================================================================================
DAG File Processing Stats

File Path                                PID    Runtime      # DAGs    # Errors  Last Runtime    Last Run
---------------------------------------  -----  ---------  --------  ----------  --------------  -------------------
/opt/airflow/dags/ingest_matches_dag.py                           1           0  0.15s           2026-06-10T19:06:16
================================================================================
[2026-06-10T19:07:14.495+0000] {manager.py:879} INFO - 
================================================================================
DAG File Processing Stats

File Path                                PID    Runtime      # DAGs    # Errors  Last Runtime    Last Run
---------------------------------------  -----  ---------  --------  ----------  --------------  -------------------
/opt/airflow/dags/ingest_matches_dag.py                           1           0  0.76s           2026-06-10T19:06:46
================================================================================
[2026-06-10T19:07:43.569+0000] {manager.py:879} INFO - 
================================================================================
DAG File Processing Stats

File Path                                PID    Runtime      # DAGs    # Errors  Last Runtime    Last Run
---------------------------------------  -----  ---------  --------  ----------  --------------  -------------------
/opt/airflow/dags/ingest_matches_dag.py                           1           0  0.16s           2026-06-10T19:07:17
================================================================================
[2026-06-10T19:08:12.697+0000] {manager.py:879} INFO - 
================================================================================
DAG File Processing Stats

File Path                                PID    Runtime      # DAGs    # Errors  Last Runtime    Last Run
---------------------------------------  -----  ---------  --------  ----------  --------------  -------------------
/opt/airflow/dags/ingest_matches_dag.py                           1           0  0.13s           2026-06-10T19:07:47
================================================================================
[2026-06-10T19:08:29.347+0000] {manager.py:451} INFO - Exiting gracefully upon receiving signal 15
[2026-06-10T19:08:37.864+0000] {manager.py:469} INFO - Processing files using up to 2 processes at a time 
[2026-06-10T19:08:37.865+0000] {manager.py:470} INFO - Process each file at most once every 30 seconds
[2026-06-10T19:08:37.865+0000] {manager.py:471} INFO - Checking for new files in /opt/airflow/dags every 300 seconds
[2026-06-10T19:08:37.865+0000] {manager.py:738} INFO - Searching for files in /opt/airflow/dags
[2026-06-10T19:08:37.866+0000] {manager.py:741} INFO - There are 1 files in /opt/airflow/dags
[2026-06-10T19:08:37.935+0000] {manager.py:879} INFO - 
================================================================================
DAG File Processing Stats

File Path                                  PID  Runtime      # DAGs    # Errors  Last Runtime    Last Run
---------------------------------------  -----  ---------  --------  ----------  --------------  ----------
/opt/airflow/dags/ingest_matches_dag.py    174  0.03s             0           0
================================================================================
[2026-06-10T19:09:07.180+0000] {manager.py:879} INFO - 
================================================================================
DAG File Processing Stats

File Path                                PID    Runtime      # DAGs    # Errors  Last Runtime    Last Run
---------------------------------------  -----  ---------  --------  ----------  --------------  -------------------
/opt/airflow/dags/ingest_matches_dag.py                           1           0  0.11s           2026-06-10T19:08:38
================================================================================
[2026-06-10T19:09:36.489+0000] {manager.py:879} INFO - 
================================================================================
DAG File Processing Stats

File Path                                PID    Runtime      # DAGs    # Errors  Last Runtime    Last Run
---------------------------------------  -----  ---------  --------  ----------  --------------  -------------------
/opt/airflow/dags/ingest_matches_dag.py                           1           0  0.12s           2026-06-10T19:09:08
================================================================================
[2026-06-10T19:10:05.806+0000] {manager.py:879} INFO - 
================================================================================
DAG File Processing Stats

File Path                                PID    Runtime      # DAGs    # Errors  Last Runtime    Last Run
---------------------------------------  -----  ---------  --------  ----------  --------------  -------------------
/opt/airflow/dags/ingest_matches_dag.py                           1           0  0.15s           2026-06-10T19:09:38
================================================================================
[2026-06-10T19:10:35.160+0000] {manager.py:879} INFO - 
================================================================================
DAG File Processing Stats

File Path                                PID    Runtime      # DAGs    # Errors  Last Runtime    Last Run
---------------------------------------  -----  ---------  --------  ----------  --------------  -------------------
/opt/airflow/dags/ingest_matches_dag.py                           0           1  0.08s           2026-06-10T19:10:31
================================================================================
[2026-06-10T19:10:45.382+0000] {manager.py:451} INFO - Exiting gracefully upon receiving signal 15
[2026-06-10T19:10:53.829+0000] {manager.py:469} INFO - Processing files using up to 2 processes at a time 
[2026-06-10T19:10:53.829+0000] {manager.py:470} INFO - Process each file at most once every 30 seconds
[2026-06-10T19:10:53.829+0000] {manager.py:471} INFO - Checking for new files in /opt/airflow/dags every 300 seconds
[2026-06-10T19:10:53.830+0000] {manager.py:738} INFO - Searching for files in /opt/airflow/dags
[2026-06-10T19:10:53.831+0000] {manager.py:741} INFO - There are 1 files in /opt/airflow/dags
[2026-06-10T19:10:53.922+0000] {manager.py:879} INFO - 
================================================================================
DAG File Processing Stats

File Path                                  PID  Runtime      # DAGs    # Errors  Last Runtime    Last Run
---------------------------------------  -----  ---------  --------  ----------  --------------  ----------
/opt/airflow/dags/ingest_matches_dag.py    174  0.05s             0           0
================================================================================
[2026-06-10T19:11:23.134+0000] {manager.py:879} INFO - 
================================================================================
DAG File Processing Stats

File Path                                PID    Runtime      # DAGs    # Errors  Last Runtime    Last Run
---------------------------------------  -----  ---------  --------  ----------  --------------  -------------------
/opt/airflow/dags/ingest_matches_dag.py                           1           0  0.12s           2026-06-10T19:10:53
================================================================================
[2026-06-10T19:11:52.447+0000] {manager.py:879} INFO - 
================================================================================
DAG File Processing Stats

File Path                                PID    Runtime      # DAGs    # Errors  Last Runtime    Last Run
---------------------------------------  -----  ---------  --------  ----------  --------------  -------------------
/opt/airflow/dags/ingest_matches_dag.py                           1           0  0.10s           2026-06-10T19:11:24
================================================================================
[2026-06-10T19:12:21.726+0000] {manager.py:879} INFO - 
================================================================================
DAG File Processing Stats

File Path                                PID    Runtime      # DAGs    # Errors  Last Runtime    Last Run
---------------------------------------  -----  ---------  --------  ----------  --------------  -------------------
/opt/airflow/dags/ingest_matches_dag.py                           1           0  0.10s           2026-06-10T19:11:54
================================================================================
[2026-06-10T19:12:50.993+0000] {manager.py:879} INFO - 
================================================================================
DAG File Processing Stats

File Path                                PID    Runtime      # DAGs    # Errors  Last Runtime    Last Run
---------------------------------------  -----  ---------  --------  ----------  --------------  -------------------
/opt/airflow/dags/ingest_matches_dag.py                           1           0  0.10s           2026-06-10T19:12:24
================================================================================
[2026-06-10T19:13:20.279+0000] {manager.py:879} INFO - 
================================================================================
DAG File Processing Stats

File Path                                PID    Runtime      # DAGs    # Errors  Last Runtime    Last Run
---------------------------------------  -----  ---------  --------  ----------  --------------  -------------------
/opt/airflow/dags/ingest_matches_dag.py                           1           0  0.10s           2026-06-10T19:12:55
================================================================================
[2026-06-10T19:13:49.554+0000] {manager.py:879} INFO - 
================================================================================
DAG File Processing Stats

File Path                                PID    Runtime      # DAGs    # Errors  Last Runtime    Last Run
---------------------------------------  -----  ---------  --------  ----------  --------------  -------------------
/opt/airflow/dags/ingest_matches_dag.py                           1           0  0.09s           2026-06-10T19:13:25
================================================================================
[2026-06-10T19:14:18.810+0000] {manager.py:879} INFO - 
================================================================================
DAG File Processing Stats

File Path                                PID    Runtime      # DAGs    # Errors  Last Runtime    Last Run
---------------------------------------  -----  ---------  --------  ----------  --------------  -------------------
/opt/airflow/dags/ingest_matches_dag.py                           1           0  0.09s           2026-06-10T19:13:55
================================================================================
[2026-06-10T19:14:48.073+0000] {manager.py:879} INFO - 
================================================================================
DAG File Processing Stats

File Path                                PID    Runtime      # DAGs    # Errors  Last Runtime    Last Run
---------------------------------------  -----  ---------  --------  ----------  --------------  -------------------
/opt/airflow/dags/ingest_matches_dag.py                           1           0  0.11s           2026-06-10T19:14:25
================================================================================
[2026-06-10T19:15:17.338+0000] {manager.py:879} INFO - 
================================================================================
DAG File Processing Stats

File Path                                PID    Runtime      # DAGs    # Errors  Last Runtime    Last Run
---------------------------------------  -----  ---------  --------  ----------  --------------  -------------------
/opt/airflow/dags/ingest_matches_dag.py                           1           0  0.10s           2026-06-10T19:14:56
================================================================================
[2026-06-10T19:15:46.608+0000] {manager.py:879} INFO - 
================================================================================
DAG File Processing Stats

File Path                                PID    Runtime      # DAGs    # Errors  Last Runtime    Last Run
---------------------------------------  -----  ---------  --------  ----------  --------------  -------------------
/opt/airflow/dags/ingest_matches_dag.py                           1           0  0.12s           2026-06-10T19:15:26
================================================================================
[2026-06-10T19:15:54.653+0000] {manager.py:738} INFO - Searching for files in /opt/airflow/dags
[2026-06-10T19:15:54.655+0000] {manager.py:741} INFO - There are 1 files in /opt/airflow/dags
[2026-06-10T19:16:15.905+0000] {manager.py:879} INFO - 
================================================================================
DAG File Processing Stats

File Path                                PID    Runtime      # DAGs    # Errors  Last Runtime    Last Run
---------------------------------------  -----  ---------  --------  ----------  --------------  -------------------
/opt/airflow/dags/ingest_matches_dag.py                           1           0  0.10s           2026-06-10T19:15:56
================================================================================
[2026-06-10T19:16:45.151+0000] {manager.py:879} INFO - 
================================================================================
DAG File Processing Stats

File Path                                PID    Runtime      # DAGs    # Errors  Last Runtime    Last Run
---------------------------------------  -----  ---------  --------  ----------  --------------  -------------------
/opt/airflow/dags/ingest_matches_dag.py                           1           0  0.09s           2026-06-10T19:16:27
================================================================================
[2026-06-10T19:17:14.396+0000] {manager.py:879} INFO - 
================================================================================
DAG File Processing Stats

File Path                                PID    Runtime      # DAGs    # Errors  Last Runtime    Last Run
---------------------------------------  -----  ---------  --------  ----------  --------------  -------------------
/opt/airflow/dags/ingest_matches_dag.py                           1           0  0.11s           2026-06-10T19:16:57
================================================================================
[2026-06-10T19:17:43.605+0000] {manager.py:879} INFO - 
================================================================================
DAG File Processing Stats

File Path                                PID    Runtime      # DAGs    # Errors  Last Runtime    Last Run
---------------------------------------  -----  ---------  --------  ----------  --------------  -------------------
/opt/airflow/dags/ingest_matches_dag.py                           1           0  0.10s           2026-06-10T19:17:27
================================================================================
[2026-06-10T19:18:12.944+0000] {manager.py:879} INFO - 
================================================================================
DAG File Processing Stats

File Path                                PID    Runtime      # DAGs    # Errors  Last Runtime    Last Run
---------------------------------------  -----  ---------  --------  ----------  --------------  -------------------
/opt/airflow/dags/ingest_matches_dag.py                           1           0  0.11s           2026-06-10T19:17:57
================================================================================
[2026-06-10T19:18:42.239+0000] {manager.py:879} INFO - 
================================================================================
DAG File Processing Stats

File Path                                PID    Runtime      # DAGs    # Errors  Last Runtime    Last Run
---------------------------------------  -----  ---------  --------  ----------  --------------  -------------------
/opt/airflow/dags/ingest_matches_dag.py                           1           0  0.10s           2026-06-10T19:18:28
================================================================================
[2026-06-10T19:19:11.543+0000] {manager.py:879} INFO - 
================================================================================
DAG File Processing Stats

File Path                                PID    Runtime      # DAGs    # Errors  Last Runtime    Last Run
---------------------------------------  -----  ---------  --------  ----------  --------------  -------------------
/opt/airflow/dags/ingest_matches_dag.py                           1           0  0.09s           2026-06-10T19:19:10
================================================================================
[2026-06-10T19:19:40.847+0000] {manager.py:879} INFO - 
================================================================================
DAG File Processing Stats

File Path                                  PID  Runtime      # DAGs    # Errors  Last Runtime    Last Run
---------------------------------------  -----  ---------  --------  ----------  --------------  -------------------
/opt/airflow/dags/ingest_matches_dag.py    275  0.01s             1           0  0.09s           2026-06-10T19:19:10
================================================================================
[2026-06-10T19:20:10.049+0000] {manager.py:879} INFO - 
================================================================================
DAG File Processing Stats

File Path                                PID    Runtime      # DAGs    # Errors  Last Runtime    Last Run
---------------------------------------  -----  ---------  --------  ----------  --------------  -------------------
/opt/airflow/dags/ingest_matches_dag.py                           1           0  0.16s           2026-06-10T19:19:41
================================================================================
[2026-06-10T19:20:39.421+0000] {manager.py:879} INFO - 
================================================================================
DAG File Processing Stats

File Path                                PID    Runtime      # DAGs    # Errors  Last Runtime    Last Run
---------------------------------------  -----  ---------  --------  ----------  --------------  -------------------
/opt/airflow/dags/ingest_matches_dag.py                           1           0  0.10s           2026-06-10T19:20:11
================================================================================
[2026-06-10T19:20:55.571+0000] {manager.py:738} INFO - Searching for files in /opt/airflow/dags
[2026-06-10T19:20:55.573+0000] {manager.py:741} INFO - There are 1 files in /opt/airflow/dags
[2026-06-10T19:21:08.665+0000] {manager.py:879} INFO - 
================================================================================
DAG File Processing Stats

File Path                                PID    Runtime      # DAGs    # Errors  Last Runtime    Last Run
---------------------------------------  -----  ---------  --------  ----------  --------------  -------------------
/opt/airflow/dags/ingest_matches_dag.py                           1           0  0.11s           2026-06-10T19:20:41
================================================================================
[2026-06-10T19:21:37.905+0000] {manager.py:879} INFO - 
================================================================================
DAG File Processing Stats

File Path                                PID    Runtime      # DAGs    # Errors  Last Runtime    Last Run
---------------------------------------  -----  ---------  --------  ----------  --------------  -------------------
/opt/airflow/dags/ingest_matches_dag.py                           1           0  0.10s           2026-06-10T19:21:11
================================================================================
[2026-06-10T19:22:07.213+0000] {manager.py:879} INFO - 
================================================================================
DAG File Processing Stats

File Path                                PID    Runtime      # DAGs    # Errors  Last Runtime    Last Run
---------------------------------------  -----  ---------  --------  ----------  --------------  -------------------
/opt/airflow/dags/ingest_matches_dag.py                           1           0  0.10s           2026-06-10T19:21:42
================================================================================
[2026-06-10T19:22:36.437+0000] {manager.py:879} INFO - 
================================================================================
DAG File Processing Stats

File Path                                PID    Runtime      # DAGs    # Errors  Last Runtime    Last Run
---------------------------------------  -----  ---------  --------  ----------  --------------  -------------------
/opt/airflow/dags/ingest_matches_dag.py                           1           0  0.09s           2026-06-10T19:22:12
================================================================================
[2026-06-10T19:23:05.737+0000] {manager.py:879} INFO - 
================================================================================
DAG File Processing Stats

File Path                                PID    Runtime      # DAGs    # Errors  Last Runtime    Last Run
---------------------------------------  -----  ---------  --------  ----------  --------------  -------------------
/opt/airflow/dags/ingest_matches_dag.py                           1           0  0.10s           2026-06-10T19:22:42
================================================================================
[2026-06-10T19:23:34.931+0000] {manager.py:879} INFO - 
================================================================================
DAG File Processing Stats

File Path                                PID    Runtime      # DAGs    # Errors  Last Runtime    Last Run
---------------------------------------  -----  ---------  --------  ----------  --------------  -------------------
/opt/airflow/dags/ingest_matches_dag.py                           1           0  0.10s           2026-06-10T19:23:12
================================================================================
[2026-06-10T19:24:04.167+0000] {manager.py:879} INFO - 
================================================================================
DAG File Processing Stats

File Path                                PID    Runtime      # DAGs    # Errors  Last Runtime    Last Run
---------------------------------------  -----  ---------  --------  ----------  --------------  -------------------
/opt/airflow/dags/ingest_matches_dag.py                           1           0  0.10s           2026-06-10T19:23:43
================================================================================
[2026-06-10T19:24:33.475+0000] {manager.py:879} INFO - 
================================================================================
DAG File Processing Stats

File Path                                PID    Runtime      # DAGs    # Errors  Last Runtime    Last Run
---------------------------------------  -----  ---------  --------  ----------  --------------  -------------------
/opt/airflow/dags/ingest_matches_dag.py                           1           0  0.09s           2026-06-10T19:24:13
================================================================================
[2026-06-10T19:25:02.715+0000] {manager.py:879} INFO - 
================================================================================
DAG File Processing Stats

File Path                                PID    Runtime      # DAGs    # Errors  Last Runtime    Last Run
---------------------------------------  -----  ---------  --------  ----------  --------------  -------------------
/opt/airflow/dags/ingest_matches_dag.py                           1           0  0.10s           2026-06-10T19:24:43
================================================================================
[2026-06-10T19:25:32.075+0000] {manager.py:879} INFO - 
================================================================================
DAG File Processing Stats

File Path                                PID    Runtime      # DAGs    # Errors  Last Runtime    Last Run
---------------------------------------  -----  ---------  --------  ----------  --------------  -------------------
/opt/airflow/dags/ingest_matches_dag.py                           1           0  0.10s           2026-06-10T19:25:13
================================================================================
[2026-06-10T19:25:56.329+0000] {manager.py:738} INFO - Searching for files in /opt/airflow/dags
[2026-06-10T19:25:56.331+0000] {manager.py:741} INFO - There are 1 files in /opt/airflow/dags
[2026-06-10T19:26:01.407+0000] {manager.py:879} INFO - 
================================================================================
DAG File Processing Stats

File Path                                PID    Runtime      # DAGs    # Errors  Last Runtime    Last Run
---------------------------------------  -----  ---------  --------  ----------  --------------  -------------------
/opt/airflow/dags/ingest_matches_dag.py                           1           0  0.24s           2026-06-10T19:25:44
================================================================================
[2026-06-10T19:26:30.799+0000] {manager.py:879} INFO - 
================================================================================
DAG File Processing Stats

File Path                                PID    Runtime      # DAGs    # Errors  Last Runtime    Last Run
---------------------------------------  -----  ---------  --------  ----------  --------------  -------------------
/opt/airflow/dags/ingest_matches_dag.py                           1           0  0.21s           2026-06-10T19:26:14
================================================================================
[2026-06-10T19:27:00.056+0000] {manager.py:879} INFO - 
================================================================================
DAG File Processing Stats

File Path                                PID    Runtime      # DAGs    # Errors  Last Runtime    Last Run
---------------------------------------  -----  ---------  --------  ----------  --------------  -------------------
/opt/airflow/dags/ingest_matches_dag.py                           1           0  0.16s           2026-06-10T19:26:45
================================================================================
[2026-06-10T19:27:29.303+0000] {manager.py:879} INFO - 
================================================================================
DAG File Processing Stats

File Path                                PID    Runtime      # DAGs    # Errors  Last Runtime    Last Run
---------------------------------------  -----  ---------  --------  ----------  --------------  -------------------
/opt/airflow/dags/ingest_matches_dag.py                           1           0  0.11s           2026-06-10T19:27:15
================================================================================
[2026-06-10T19:27:58.547+0000] {manager.py:879} INFO - 
================================================================================
DAG File Processing Stats

File Path                                PID    Runtime      # DAGs    # Errors  Last Runtime    Last Run
---------------------------------------  -----  ---------  --------  ----------  --------------  -------------------
/opt/airflow/dags/ingest_matches_dag.py                           1           0  0.13s           2026-06-10T19:27:45
================================================================================
[2026-06-10T19:28:27.923+0000] {manager.py:879} INFO - 
================================================================================
DAG File Processing Stats

File Path                                PID    Runtime      # DAGs    # Errors  Last Runtime    Last Run
---------------------------------------  -----  ---------  --------  ----------  --------------  -------------------
/opt/airflow/dags/ingest_matches_dag.py                           1           0  0.11s           2026-06-10T19:28:23
================================================================================
[2026-06-10T19:28:57.166+0000] {manager.py:879} INFO - 
================================================================================
DAG File Processing Stats

File Path                                PID    Runtime      # DAGs    # Errors  Last Runtime    Last Run
---------------------------------------  -----  ---------  --------  ----------  --------------  -------------------
/opt/airflow/dags/ingest_matches_dag.py                           1           0  0.10s           2026-06-10T19:28:54
================================================================================
[2026-06-10T19:29:26.381+0000] {manager.py:879} INFO - 
================================================================================
DAG File Processing Stats

File Path                                PID    Runtime      # DAGs    # Errors  Last Runtime    Last Run
---------------------------------------  -----  ---------  --------  ----------  --------------  -------------------
/opt/airflow/dags/ingest_matches_dag.py                           1           0  0.10s           2026-06-10T19:29:24
================================================================================
[2026-06-10T19:29:55.599+0000] {manager.py:879} INFO - 
================================================================================
DAG File Processing Stats

File Path                                PID    Runtime      # DAGs    # Errors  Last Runtime    Last Run
---------------------------------------  -----  ---------  --------  ----------  --------------  -------------------
/opt/airflow/dags/ingest_matches_dag.py                           1           0  0.10s           2026-06-10T19:29:54
================================================================================
[2026-06-10T19:30:24.814+0000] {manager.py:879} INFO - 
================================================================================
DAG File Processing Stats

File Path                                  PID  Runtime      # DAGs    # Errors  Last Runtime    Last Run
---------------------------------------  -----  ---------  --------  ----------  --------------  -------------------
/opt/airflow/dags/ingest_matches_dag.py    405  0.00s             1           0  0.10s           2026-06-10T19:29:54
================================================================================
[2026-06-10T19:30:54.193+0000] {manager.py:879} INFO - 
================================================================================
DAG File Processing Stats

File Path                                PID    Runtime      # DAGs    # Errors  Last Runtime    Last Run
---------------------------------------  -----  ---------  --------  ----------  --------------  -------------------
/opt/airflow/dags/ingest_matches_dag.py                           1           0  0.12s           2026-06-10T19:30:24
================================================================================
[2026-06-10T19:30:57.231+0000] {manager.py:738} INFO - Searching for files in /opt/airflow/dags
[2026-06-10T19:30:57.234+0000] {manager.py:741} INFO - There are 1 files in /opt/airflow/dags
[2026-06-10T19:31:23.496+0000] {manager.py:879} INFO - 
================================================================================
DAG File Processing Stats

File Path                                PID    Runtime      # DAGs    # Errors  Last Runtime    Last Run
---------------------------------------  -----  ---------  --------  ----------  --------------  -------------------
/opt/airflow/dags/ingest_matches_dag.py                           1           0  0.10s           2026-06-10T19:30:55
================================================================================
[2026-06-10T19:31:52.689+0000] {manager.py:879} INFO - 
================================================================================
DAG File Processing Stats

File Path                                PID    Runtime      # DAGs    # Errors  Last Runtime    Last Run
---------------------------------------  -----  ---------  --------  ----------  --------------  -------------------
/opt/airflow/dags/ingest_matches_dag.py                           1           0  0.11s           2026-06-10T19:31:25
================================================================================
[2026-06-10T19:32:22.080+0000] {manager.py:879} INFO - 
================================================================================
DAG File Processing Stats

File Path                                PID    Runtime      # DAGs    # Errors  Last Runtime    Last Run
---------------------------------------  -----  ---------  --------  ----------  --------------  -------------------
/opt/airflow/dags/ingest_matches_dag.py                           1           0  0.12s           2026-06-10T19:31:55
================================================================================
[2026-06-10T19:32:51.533+0000] {manager.py:879} INFO - 
================================================================================
DAG File Processing Stats

File Path                                PID    Runtime      # DAGs    # Errors  Last Runtime    Last Run
---------------------------------------  -----  ---------  --------  ----------  --------------  -------------------
/opt/airflow/dags/ingest_matches_dag.py                           1           0  0.13s           2026-06-10T19:32:26
================================================================================
[2026-06-10T19:33:20.792+0000] {manager.py:879} INFO - 
================================================================================
DAG File Processing Stats

File Path                                PID    Runtime      # DAGs    # Errors  Last Runtime    Last Run
---------------------------------------  -----  ---------  --------  ----------  --------------  -------------------
/opt/airflow/dags/ingest_matches_dag.py                           1           0  0.10s           2026-06-10T19:32:56
================================================================================
[2026-06-10T19:33:50.192+0000] {manager.py:879} INFO - 
================================================================================
DAG File Processing Stats

File Path                                PID    Runtime      # DAGs    # Errors  Last Runtime    Last Run
---------------------------------------  -----  ---------  --------  ----------  --------------  -------------------
/opt/airflow/dags/ingest_matches_dag.py                           1           0  0.10s           2026-06-10T19:33:27
================================================================================
[2026-06-10T19:34:19.485+0000] {manager.py:879} INFO - 
================================================================================
DAG File Processing Stats

File Path                                PID    Runtime      # DAGs    # Errors  Last Runtime    Last Run
---------------------------------------  -----  ---------  --------  ----------  --------------  -------------------
/opt/airflow/dags/ingest_matches_dag.py                           1           0  0.10s           2026-06-10T19:33:57
================================================================================
[2026-06-10T19:34:48.737+0000] {manager.py:879} INFO - 
================================================================================
DAG File Processing Stats

File Path                                PID    Runtime      # DAGs    # Errors  Last Runtime    Last Run
---------------------------------------  -----  ---------  --------  ----------  --------------  -------------------
/opt/airflow/dags/ingest_matches_dag.py                           1           0  0.12s           2026-06-10T19:34:27
================================================================================
[2026-06-10T19:35:17.954+0000] {manager.py:879} INFO - 
================================================================================
DAG File Processing Stats

File Path                                PID    Runtime      # DAGs    # Errors  Last Runtime    Last Run
---------------------------------------  -----  ---------  --------  ----------  --------------  -------------------
/opt/airflow/dags/ingest_matches_dag.py                           1           0  0.14s           2026-06-10T19:34:57
================================================================================
[2026-06-10T19:35:47.237+0000] {manager.py:879} INFO - 
================================================================================
DAG File Processing Stats

File Path                                PID    Runtime      # DAGs    # Errors  Last Runtime    Last Run
---------------------------------------  -----  ---------  --------  ----------  --------------  -------------------
/opt/airflow/dags/ingest_matches_dag.py                           1           0  0.10s           2026-06-10T19:35:28
================================================================================
[2026-06-10T19:35:57.311+0000] {manager.py:738} INFO - Searching for files in /opt/airflow/dags
[2026-06-10T19:35:57.312+0000] {manager.py:741} INFO - There are 1 files in /opt/airflow/dags
[2026-06-10T19:36:16.454+0000] {manager.py:879} INFO - 
================================================================================
DAG File Processing Stats

File Path                                PID    Runtime      # DAGs    # Errors  Last Runtime    Last Run
---------------------------------------  -----  ---------  --------  ----------  --------------  -------------------
/opt/airflow/dags/ingest_matches_dag.py                           1           0  0.10s           2026-06-10T19:35:58
================================================================================
[2026-06-10T19:36:45.650+0000] {manager.py:879} INFO - 
================================================================================
DAG File Processing Stats

File Path                                PID    Runtime      # DAGs    # Errors  Last Runtime    Last Run
---------------------------------------  -----  ---------  --------  ----------  --------------  -------------------
/opt/airflow/dags/ingest_matches_dag.py                           1           0  0.10s           2026-06-10T19:36:28
================================================================================
[2026-06-10T19:37:14.907+0000] {manager.py:879} INFO - 
================================================================================
DAG File Processing Stats

File Path                                PID    Runtime      # DAGs    # Errors  Last Runtime    Last Run
---------------------------------------  -----  ---------  --------  ----------  --------------  -------------------
/opt/airflow/dags/ingest_matches_dag.py                           1           0  0.10s           2026-06-10T19:36:58
================================================================================
[2026-06-10T19:37:44.055+0000] {manager.py:879} INFO - 
================================================================================
DAG File Processing Stats

File Path                                PID    Runtime      # DAGs    # Errors  Last Runtime    Last Run
---------------------------------------  -----  ---------  --------  ----------  --------------  -------------------
/opt/airflow/dags/ingest_matches_dag.py                           1           0  0.11s           2026-06-10T19:37:29
================================================================================
[2026-06-10T19:38:13.400+0000] {manager.py:879} INFO - 
================================================================================
DAG File Processing Stats

File Path                                PID    Runtime      # DAGs    # Errors  Last Runtime    Last Run
---------------------------------------  -----  ---------  --------  ----------  --------------  -------------------
/opt/airflow/dags/ingest_matches_dag.py                           1           0  0.10s           2026-06-10T19:37:59
================================================================================
[2026-06-10T19:38:43.009+0000] {manager.py:879} INFO - 
================================================================================
DAG File Processing Stats

File Path                                PID    Runtime      # DAGs    # Errors  Last Runtime    Last Run
---------------------------------------  -----  ---------  --------  ----------  --------------  -------------------
/opt/airflow/dags/ingest_matches_dag.py                           1           0  0.12s           2026-06-10T19:38:29
================================================================================
[2026-06-10T19:39:08.703+0000] {manager.py:451} INFO - Exiting gracefully upon receiving signal 15
[2026-06-10T19:39:46.820+0000] {manager.py:469} INFO - Processing files using up to 2 processes at a time 
[2026-06-10T19:39:46.822+0000] {manager.py:470} INFO - Process each file at most once every 30 seconds
[2026-06-10T19:39:46.822+0000] {manager.py:471} INFO - Checking for new files in /opt/airflow/dags every 300 seconds
[2026-06-10T19:39:46.822+0000] {manager.py:738} INFO - Searching for files in /opt/airflow/dags
[2026-06-10T19:39:46.823+0000] {manager.py:741} INFO - There are 1 files in /opt/airflow/dags
[2026-06-10T19:39:46.927+0000] {manager.py:879} INFO - 
================================================================================
DAG File Processing Stats

File Path                                  PID  Runtime      # DAGs    # Errors  Last Runtime    Last Run
---------------------------------------  -----  ---------  --------  ----------  --------------  ----------
/opt/airflow/dags/ingest_matches_dag.py    174  0.04s             0           0
================================================================================
[2026-06-10T19:40:16.127+0000] {manager.py:879} INFO - 
================================================================================
DAG File Processing Stats

File Path                                PID    Runtime      # DAGs    # Errors  Last Runtime    Last Run
---------------------------------------  -----  ---------  --------  ----------  --------------  -------------------
/opt/airflow/dags/ingest_matches_dag.py                           1           0  0.16s           2026-06-10T19:39:47
================================================================================
[2026-06-10T19:40:45.358+0000] {manager.py:879} INFO - 
================================================================================
DAG File Processing Stats

File Path                                PID    Runtime      # DAGs    # Errors  Last Runtime    Last Run
---------------------------------------  -----  ---------  --------  ----------  --------------  -------------------
/opt/airflow/dags/ingest_matches_dag.py                           1           0  0.36s           2026-06-10T19:40:17
================================================================================
[2026-06-10T19:41:14.821+0000] {manager.py:879} INFO - 
================================================================================
DAG File Processing Stats

File Path                                PID    Runtime      # DAGs    # Errors  Last Runtime    Last Run
---------------------------------------  -----  ---------  --------  ----------  --------------  -------------------
/opt/airflow/dags/ingest_matches_dag.py                           1           0  0.12s           2026-06-10T19:40:47
================================================================================
[2026-06-10T19:41:44.110+0000] {manager.py:879} INFO - 
================================================================================
DAG File Processing Stats

File Path                                PID    Runtime      # DAGs    # Errors  Last Runtime    Last Run
---------------------------------------  -----  ---------  --------  ----------  --------------  -------------------
/opt/airflow/dags/ingest_matches_dag.py                           1           0  0.11s           2026-06-10T19:41:17
================================================================================
[2026-06-10T19:42:13.426+0000] {manager.py:879} INFO - 
================================================================================
DAG File Processing Stats

File Path                                PID    Runtime      # DAGs    # Errors  Last Runtime    Last Run
---------------------------------------  -----  ---------  --------  ----------  --------------  -------------------
/opt/airflow/dags/ingest_matches_dag.py                           1           0  0.10s           2026-06-10T19:41:48
================================================================================
[2026-06-10T19:42:42.783+0000] {manager.py:879} INFO - 
================================================================================
DAG File Processing Stats

File Path                                PID    Runtime      # DAGs    # Errors  Last Runtime    Last Run
---------------------------------------  -----  ---------  --------  ----------  --------------  -------------------
/opt/airflow/dags/ingest_matches_dag.py                           1           0  0.10s           2026-06-10T19:42:18
================================================================================
[2026-06-10T19:43:12.075+0000] {manager.py:879} INFO - 
================================================================================
DAG File Processing Stats

File Path                                PID    Runtime      # DAGs    # Errors  Last Runtime    Last Run
---------------------------------------  -----  ---------  --------  ----------  --------------  -------------------
/opt/airflow/dags/ingest_matches_dag.py                           1           0  0.10s           2026-06-10T19:42:48
================================================================================
[2026-06-10T19:43:41.494+0000] {manager.py:879} INFO - 
================================================================================
DAG File Processing Stats

File Path                                PID    Runtime      # DAGs    # Errors  Last Runtime    Last Run
---------------------------------------  -----  ---------  --------  ----------  --------------  -------------------
/opt/airflow/dags/ingest_matches_dag.py                           1           0  0.17s           2026-06-10T19:43:36
================================================================================
[2026-06-10T19:44:10.828+0000] {manager.py:879} INFO - 
================================================================================
DAG File Processing Stats

File Path                                PID    Runtime      # DAGs    # Errors  Last Runtime    Last Run
---------------------------------------  -----  ---------  --------  ----------  --------------  -------------------
/opt/airflow/dags/ingest_matches_dag.py                           1           0  0.09s           2026-06-10T19:44:06
================================================================================
[2026-06-10T19:44:40.252+0000] {manager.py:879} INFO - 
================================================================================
DAG File Processing Stats

File Path                                PID    Runtime      # DAGs    # Errors  Last Runtime    Last Run
---------------------------------------  -----  ---------  --------  ----------  --------------  -------------------
/opt/airflow/dags/ingest_matches_dag.py                           1           0  0.19s           2026-06-10T19:44:39
================================================================================
[2026-06-10T19:44:47.297+0000] {manager.py:738} INFO - Searching for files in /opt/airflow/dags
[2026-06-10T19:44:47.298+0000] {manager.py:741} INFO - There are 1 files in /opt/airflow/dags
[2026-06-10T19:45:09.550+0000] {manager.py:879} INFO - 
================================================================================
DAG File Processing Stats

File Path                                PID    Runtime      # DAGs    # Errors  Last Runtime    Last Run
---------------------------------------  -----  ---------  --------  ----------  --------------  -------------------
/opt/airflow/dags/ingest_matches_dag.py                           1           0  0.11s           2026-06-10T19:44:47
================================================================================
[2026-06-10T19:45:38.744+0000] {manager.py:879} INFO - 
================================================================================
DAG File Processing Stats

File Path                                PID    Runtime      # DAGs    # Errors  Last Runtime    Last Run
---------------------------------------  -----  ---------  --------  ----------  --------------  -------------------
/opt/airflow/dags/ingest_matches_dag.py                           1           0  0.12s           2026-06-10T19:45:17
================================================================================
[2026-06-10T19:46:08.075+0000] {manager.py:879} INFO - 
================================================================================
DAG File Processing Stats

File Path                                PID    Runtime      # DAGs    # Errors  Last Runtime    Last Run
---------------------------------------  -----  ---------  --------  ----------  --------------  -------------------
/opt/airflow/dags/ingest_matches_dag.py                           1           0  0.18s           2026-06-10T19:46:02
================================================================================
[2026-06-10T19:46:37.391+0000] {manager.py:879} INFO - 
================================================================================
DAG File Processing Stats

File Path                                PID    Runtime      # DAGs    # Errors  Last Runtime    Last Run
---------------------------------------  -----  ---------  --------  ----------  --------------  -------------------
/opt/airflow/dags/ingest_matches_dag.py                           1           0  0.10s           2026-06-10T19:46:32
================================================================================
[2026-06-10T19:47:06.567+0000] {manager.py:879} INFO - 
================================================================================
DAG File Processing Stats

File Path                                PID    Runtime      # DAGs    # Errors  Last Runtime    Last Run
---------------------------------------  -----  ---------  --------  ----------  --------------  -------------------
/opt/airflow/dags/ingest_matches_dag.py                           1           0  0.14s           2026-06-10T19:47:02
================================================================================
[2026-06-10T19:47:35.778+0000] {manager.py:879} INFO - 
================================================================================
DAG File Processing Stats

File Path                                PID    Runtime      # DAGs    # Errors  Last Runtime    Last Run
---------------------------------------  -----  ---------  --------  ----------  --------------  -------------------
/opt/airflow/dags/ingest_matches_dag.py                           1           0  0.10s           2026-06-10T19:47:32
================================================================================
[2026-06-10T19:48:04.951+0000] {manager.py:879} INFO - 
================================================================================
DAG File Processing Stats

File Path                                PID    Runtime      # DAGs    # Errors  Last Runtime    Last Run
---------------------------------------  -----  ---------  --------  ----------  --------------  -------------------
/opt/airflow/dags/ingest_matches_dag.py                           1           0  0.10s           2026-06-10T19:48:03
================================================================================
[2026-06-10T19:48:34.129+0000] {manager.py:879} INFO - 
================================================================================
DAG File Processing Stats

File Path                                PID    Runtime      # DAGs    # Errors  Last Runtime    Last Run
---------------------------------------  -----  ---------  --------  ----------  --------------  -------------------
/opt/airflow/dags/ingest_matches_dag.py                           1           0  0.11s           2026-06-10T19:48:33
================================================================================
[2026-06-10T19:49:03.277+0000] {manager.py:879} INFO - 
================================================================================
DAG File Processing Stats

File Path                                  PID  Runtime      # DAGs    # Errors  Last Runtime    Last Run
---------------------------------------  -----  ---------  --------  ----------  --------------  -------------------
/opt/airflow/dags/ingest_matches_dag.py    305  0.00s             1           0  0.11s           2026-06-10T19:48:33
================================================================================
[2026-06-10T19:49:32.443+0000] {manager.py:879} INFO - 
================================================================================
DAG File Processing Stats

File Path                                PID    Runtime      # DAGs    # Errors  Last Runtime    Last Run
---------------------------------------  -----  ---------  --------  ----------  --------------  -------------------
/opt/airflow/dags/ingest_matches_dag.py                           1           0  0.11s           2026-06-10T19:49:03
================================================================================
[2026-06-10T19:49:47.558+0000] {manager.py:738} INFO - Searching for files in /opt/airflow/dags
[2026-06-10T19:49:47.560+0000] {manager.py:741} INFO - There are 1 files in /opt/airflow/dags
[2026-06-10T19:50:01.667+0000] {manager.py:879} INFO - 
================================================================================
DAG File Processing Stats

File Path                                PID    Runtime      # DAGs    # Errors  Last Runtime    Last Run
---------------------------------------  -----  ---------  --------  ----------  --------------  -------------------
/opt/airflow/dags/ingest_matches_dag.py                           1           0  0.12s           2026-06-10T19:49:33
================================================================================
[2026-06-10T19:50:31.200+0000] {manager.py:879} INFO - 
================================================================================
DAG File Processing Stats

File Path                                PID    Runtime      # DAGs    # Errors  Last Runtime    Last Run
---------------------------------------  -----  ---------  --------  ----------  --------------  -------------------
/opt/airflow/dags/ingest_matches_dag.py                           1           0  0.10s           2026-06-10T19:50:30
================================================================================
[2026-06-10T19:51:00.335+0000] {manager.py:879} INFO - 
================================================================================
DAG File Processing Stats

File Path                                  PID  Runtime      # DAGs    # Errors  Last Runtime    Last Run
---------------------------------------  -----  ---------  --------  ----------  --------------  -------------------
/opt/airflow/dags/ingest_matches_dag.py    357  0.00s             1           0  0.10s           2026-06-10T19:50:30
================================================================================
[2026-06-10T19:51:29.507+0000] {manager.py:879} INFO - 
================================================================================
DAG File Processing Stats

File Path                                PID    Runtime      # DAGs    # Errors  Last Runtime    Last Run
---------------------------------------  -----  ---------  --------  ----------  --------------  -------------------
/opt/airflow/dags/ingest_matches_dag.py                           1           0  0.18s           2026-06-10T19:51:00
================================================================================
[2026-06-10T19:51:58.812+0000] {manager.py:879} INFO - 
================================================================================
DAG File Processing Stats

File Path                                PID    Runtime      # DAGs    # Errors  Last Runtime    Last Run
---------------------------------------  -----  ---------  --------  ----------  --------------  -------------------
/opt/airflow/dags/ingest_matches_dag.py                           1           0  0.19s           2026-06-10T19:51:53
================================================================================
[2026-06-10T19:52:19.449+0000] {manager.py:451} INFO - Exiting gracefully upon receiving signal 15
[2026-06-10T19:54:45.233+0000] {manager.py:469} INFO - Processing files using up to 2 processes at a time 
[2026-06-10T19:54:45.234+0000] {manager.py:470} INFO - Process each file at most once every 30 seconds
[2026-06-10T19:54:45.234+0000] {manager.py:471} INFO - Checking for new files in /opt/airflow/dags every 300 seconds
[2026-06-10T19:54:45.234+0000] {manager.py:738} INFO - Searching for files in /opt/airflow/dags
[2026-06-10T19:54:45.235+0000] {manager.py:741} INFO - There are 1 files in /opt/airflow/dags
[2026-06-10T19:54:45.561+0000] {manager.py:879} INFO - 
================================================================================
DAG File Processing Stats

File Path                                  PID  Runtime      # DAGs    # Errors  Last Runtime    Last Run
---------------------------------------  -----  ---------  --------  ----------  --------------  ----------
/opt/airflow/dags/ingest_matches_dag.py    176  0.04s             0           0
================================================================================
[2026-06-10T19:55:15.283+0000] {manager.py:879} INFO - 
================================================================================
DAG File Processing Stats

File Path                                PID    Runtime      # DAGs    # Errors  Last Runtime    Last Run
---------------------------------------  -----  ---------  --------  ----------  --------------  -------------------
/opt/airflow/dags/ingest_matches_dag.py                           1           0  0.12s           2026-06-10T19:54:45
================================================================================
[2026-06-10T19:55:43.830+0000] {manager.py:879} INFO - 
================================================================================
DAG File Processing Stats

File Path                                PID    Runtime      # DAGs    # Errors  Last Runtime    Last Run
---------------------------------------  -----  ---------  --------  ----------  --------------  -------------------
/opt/airflow/dags/ingest_matches_dag.py                           1           0  0.27s           2026-06-10T19:55:16
================================================================================
[2026-06-10T19:56:12.960+0000] {manager.py:879} INFO - 
================================================================================
DAG File Processing Stats

File Path                                PID    Runtime      # DAGs    # Errors  Last Runtime    Last Run
---------------------------------------  -----  ---------  --------  ----------  --------------  -------------------
/opt/airflow/dags/ingest_matches_dag.py                           1           0  0.13s           2026-06-10T19:55:46
================================================================================
[2026-06-10T19:56:24.001+0000] {manager.py:451} INFO - Exiting gracefully upon receiving signal 15
[2026-06-10T20:01:12.482+0000] {manager.py:469} INFO - Processing files using up to 2 processes at a time 
[2026-06-10T20:01:12.483+0000] {manager.py:470} INFO - Process each file at most once every 30 seconds
[2026-06-10T20:01:12.484+0000] {manager.py:471} INFO - Checking for new files in /opt/airflow/dags every 300 seconds
[2026-06-10T20:01:12.484+0000] {manager.py:738} INFO - Searching for files in /opt/airflow/dags
[2026-06-10T20:01:12.486+0000] {manager.py:741} INFO - There are 1 files in /opt/airflow/dags
[2026-06-10T20:01:12.838+0000] {manager.py:879} INFO - 
================================================================================
DAG File Processing Stats

File Path                                  PID  Runtime      # DAGs    # Errors  Last Runtime    Last Run
---------------------------------------  -----  ---------  --------  ----------  --------------  ----------
/opt/airflow/dags/ingest_matches_dag.py    177  0.05s             0           0
================================================================================
[2026-06-10T20:01:41.960+0000] {manager.py:879} INFO - 
================================================================================
DAG File Processing Stats

File Path                                PID    Runtime      # DAGs    # Errors  Last Runtime    Last Run
---------------------------------------  -----  ---------  --------  ----------  --------------  -------------------
/opt/airflow/dags/ingest_matches_dag.py                           1           0  0.15s           2026-06-10T20:01:12
================================================================================
[2026-06-10T20:02:11.125+0000] {manager.py:879} INFO - 
================================================================================
DAG File Processing Stats

File Path                                PID    Runtime      # DAGs    # Errors  Last Runtime    Last Run
---------------------------------------  -----  ---------  --------  ----------  --------------  -------------------
/opt/airflow/dags/ingest_matches_dag.py                           1           0  0.30s           2026-06-10T20:01:43
================================================================================
[2026-06-10T20:02:40.536+0000] {manager.py:879} INFO - 
================================================================================
DAG File Processing Stats

File Path                                PID    Runtime      # DAGs    # Errors  Last Runtime    Last Run
---------------------------------------  -----  ---------  --------  ----------  --------------  -------------------
/opt/airflow/dags/ingest_matches_dag.py                           1           0  0.14s           2026-06-10T20:02:13
================================================================================
[2026-06-10T20:03:09.774+0000] {manager.py:879} INFO - 
================================================================================
DAG File Processing Stats

File Path                                PID    Runtime      # DAGs    # Errors  Last Runtime    Last Run
---------------------------------------  -----  ---------  --------  ----------  --------------  -------------------
/opt/airflow/dags/ingest_matches_dag.py                           1           0  0.23s           2026-06-10T20:02:43
================================================================================
[2026-06-10T20:03:39.052+0000] {manager.py:879} INFO - 
================================================================================
DAG File Processing Stats

File Path                                PID    Runtime      # DAGs    # Errors  Last Runtime    Last Run
---------------------------------------  -----  ---------  --------  ----------  --------------  -------------------
/opt/airflow/dags/ingest_matches_dag.py                           1           0  0.11s           2026-06-10T20:03:13
================================================================================
[2026-06-10T20:04:08.160+0000] {manager.py:879} INFO - 
================================================================================
DAG File Processing Stats

File Path                                PID    Runtime      # DAGs    # Errors  Last Runtime    Last Run
---------------------------------------  -----  ---------  --------  ----------  --------------  -------------------
/opt/airflow/dags/ingest_matches_dag.py                           1           0  0.11s           2026-06-10T20:03:44
================================================================================
[2026-06-10T20:04:37.386+0000] {manager.py:879} INFO - 
================================================================================
DAG File Processing Stats

File Path                                PID    Runtime      # DAGs    # Errors  Last Runtime    Last Run
---------------------------------------  -----  ---------  --------  ----------  --------------  -------------------
/opt/airflow/dags/ingest_matches_dag.py                           1           0  0.12s           2026-06-10T20:04:14
================================================================================
[2026-06-10T20:05:06.520+0000] {manager.py:879} INFO - 
================================================================================
DAG File Processing Stats

File Path                                PID    Runtime      # DAGs    # Errors  Last Runtime    Last Run
---------------------------------------  -----  ---------  --------  ----------  --------------  -------------------
/opt/airflow/dags/ingest_matches_dag.py                           1           0  0.12s           2026-06-10T20:04:44
================================================================================
[2026-06-10T20:05:35.708+0000] {manager.py:879} INFO - 
================================================================================
DAG File Processing Stats

File Path                                PID    Runtime      # DAGs    # Errors  Last Runtime    Last Run
---------------------------------------  -----  ---------  --------  ----------  --------------  -------------------
/opt/airflow/dags/ingest_matches_dag.py                           1           0  0.10s           2026-06-10T20:05:14
================================================================================
[2026-06-10T20:06:04.279+0000] {manager.py:879} INFO - 
================================================================================
DAG File Processing Stats

File Path                                PID    Runtime      # DAGs    # Errors  Last Runtime    Last Run
---------------------------------------  -----  ---------  --------  ----------  --------------  -------------------
/opt/airflow/dags/ingest_matches_dag.py                           1           0  0.10s           2026-06-10T20:05:44
================================================================================
[2026-06-10T20:06:13.317+0000] {manager.py:738} INFO - Searching for files in /opt/airflow/dags
[2026-06-10T20:06:13.318+0000] {manager.py:741} INFO - There are 1 files in /opt/airflow/dags
[2026-06-10T20:06:33.968+0000] {manager.py:879} INFO - 
================================================================================
DAG File Processing Stats

File Path                                PID    Runtime      # DAGs    # Errors  Last Runtime    Last Run
---------------------------------------  -----  ---------  --------  ----------  --------------  -------------------
/opt/airflow/dags/ingest_matches_dag.py                           1           0  0.11s           2026-06-10T20:06:15
================================================================================
[2026-06-10T20:07:03.099+0000] {manager.py:879} INFO - 
================================================================================
DAG File Processing Stats

File Path                                PID    Runtime      # DAGs    # Errors  Last Runtime    Last Run
---------------------------------------  -----  ---------  --------  ----------  --------------  -------------------
/opt/airflow/dags/ingest_matches_dag.py                           1           0  0.11s           2026-06-10T20:06:46
================================================================================
[2026-06-10T20:07:32.372+0000] {manager.py:879} INFO - 
================================================================================
DAG File Processing Stats

File Path                                PID    Runtime      # DAGs    # Errors  Last Runtime    Last Run
---------------------------------------  -----  ---------  --------  ----------  --------------  -------------------
/opt/airflow/dags/ingest_matches_dag.py                           1           0  0.10s           2026-06-10T20:07:16
================================================================================
[2026-06-10T20:08:01.688+0000] {manager.py:879} INFO - 
================================================================================
DAG File Processing Stats

File Path                                PID    Runtime      # DAGs    # Errors  Last Runtime    Last Run
---------------------------------------  -----  ---------  --------  ----------  --------------  -------------------
/opt/airflow/dags/ingest_matches_dag.py                           1           0  0.11s           2026-06-10T20:07:46
================================================================================
[2026-06-10T20:08:31.188+0000] {manager.py:879} INFO - 
================================================================================
DAG File Processing Stats

File Path                                PID    Runtime      # DAGs    # Errors  Last Runtime    Last Run
---------------------------------------  -----  ---------  --------  ----------  --------------  -------------------
/opt/airflow/dags/ingest_matches_dag.py                           1           0  0.11s           2026-06-10T20:08:16
================================================================================
[2026-06-10T20:09:00.647+0000] {manager.py:879} INFO - 
================================================================================
DAG File Processing Stats

File Path                                PID    Runtime      # DAGs    # Errors  Last Runtime    Last Run
---------------------------------------  -----  ---------  --------  ----------  --------------  -------------------
/opt/airflow/dags/ingest_matches_dag.py                           1           0  0.11s           2026-06-10T20:08:47
================================================================================
[2026-06-10T20:09:30.110+0000] {manager.py:879} INFO - 
================================================================================
DAG File Processing Stats

File Path                                PID    Runtime      # DAGs    # Errors  Last Runtime    Last Run
---------------------------------------  -----  ---------  --------  ----------  --------------  -------------------
/opt/airflow/dags/ingest_matches_dag.py                           1           0  0.10s           2026-06-10T20:09:17
================================================================================
[2026-06-10T20:09:59.416+0000] {manager.py:879} INFO - 
================================================================================
DAG File Processing Stats

File Path                                PID    Runtime      # DAGs    # Errors  Last Runtime    Last Run
---------------------------------------  -----  ---------  --------  ----------  --------------  -------------------
/opt/airflow/dags/ingest_matches_dag.py                           1           0  0.11s           2026-06-10T20:09:48
================================================================================
[2026-06-10T20:10:28.819+0000] {manager.py:879} INFO - 
================================================================================
DAG File Processing Stats

File Path                                PID    Runtime      # DAGs    # Errors  Last Runtime    Last Run
---------------------------------------  -----  ---------  --------  ----------  --------------  -------------------
/opt/airflow/dags/ingest_matches_dag.py                           1           0  0.12s           2026-06-10T20:10:18
================================================================================
[2026-06-10T20:10:58.188+0000] {manager.py:879} INFO - 
================================================================================
DAG File Processing Stats

File Path                                PID    Runtime      # DAGs    # Errors  Last Runtime    Last Run
---------------------------------------  -----  ---------  --------  ----------  --------------  -------------------
/opt/airflow/dags/ingest_matches_dag.py                           1           0  0.11s           2026-06-10T20:10:49
================================================================================
[2026-06-10T20:11:14.245+0000] {manager.py:738} INFO - Searching for files in /opt/airflow/dags
[2026-06-10T20:11:14.246+0000] {manager.py:741} INFO - There are 1 files in /opt/airflow/dags
[2026-06-10T20:11:27.487+0000] {manager.py:879} INFO - 
================================================================================
DAG File Processing Stats

File Path                                PID    Runtime      # DAGs    # Errors  Last Runtime    Last Run
---------------------------------------  -----  ---------  --------  ----------  --------------  -------------------
/opt/airflow/dags/ingest_matches_dag.py                           0           1  0.05s           2026-06-10T20:11:26
================================================================================
[2026-06-10T20:11:56.731+0000] {manager.py:879} INFO - 
================================================================================
DAG File Processing Stats

File Path                                PID    Runtime      # DAGs    # Errors  Last Runtime    Last Run
---------------------------------------  -----  ---------  --------  ----------  --------------  -------------------
/opt/airflow/dags/ingest_matches_dag.py                           0           1  0.05s           2026-06-10T20:11:49
================================================================================
[2026-06-10T20:12:21.923+0000] {manager.py:451} INFO - Exiting gracefully upon receiving signal 15
[2026-06-10T20:15:18.287+0000] {manager.py:469} INFO - Processing files using up to 2 processes at a time 
[2026-06-10T20:15:18.288+0000] {manager.py:470} INFO - Process each file at most once every 30 seconds
[2026-06-10T20:15:18.288+0000] {manager.py:471} INFO - Checking for new files in /opt/airflow/dags every 300 seconds
[2026-06-10T20:15:18.289+0000] {manager.py:738} INFO - Searching for files in /opt/airflow/dags
[2026-06-10T20:15:18.290+0000] {manager.py:741} INFO - There are 1 files in /opt/airflow/dags
[2026-06-10T20:15:18.597+0000] {manager.py:879} INFO - 
================================================================================
DAG File Processing Stats

File Path                                  PID  Runtime      # DAGs    # Errors  Last Runtime    Last Run
---------------------------------------  -----  ---------  --------  ----------  --------------  ----------
/opt/airflow/dags/ingest_matches_dag.py    175  0.05s             0           0
================================================================================
[2026-06-10T20:15:47.668+0000] {manager.py:879} INFO - 
================================================================================
DAG File Processing Stats

File Path                                PID    Runtime      # DAGs    # Errors  Last Runtime    Last Run
---------------------------------------  -----  ---------  --------  ----------  --------------  -------------------
/opt/airflow/dags/ingest_matches_dag.py                           0           1  0.08s           2026-06-10T20:15:18
================================================================================
[2026-06-10T20:16:16.760+0000] {manager.py:879} INFO - 
================================================================================
DAG File Processing Stats

File Path                                PID    Runtime      # DAGs    # Errors  Last Runtime    Last Run
---------------------------------------  -----  ---------  --------  ----------  --------------  -------------------
/opt/airflow/dags/ingest_matches_dag.py                           0           1  0.06s           2026-06-10T20:15:48
================================================================================
[2026-06-10T20:16:45.868+0000] {manager.py:879} INFO - 
================================================================================
DAG File Processing Stats

File Path                                PID    Runtime      # DAGs    # Errors  Last Runtime    Last Run
---------------------------------------  -----  ---------  --------  ----------  --------------  -------------------
/opt/airflow/dags/ingest_matches_dag.py                           0           1  0.07s           2026-06-10T20:16:18
================================================================================
[2026-06-10T20:17:14.973+0000] {manager.py:879} INFO - 
================================================================================
DAG File Processing Stats

File Path                                PID    Runtime      # DAGs    # Errors  Last Runtime    Last Run
---------------------------------------  -----  ---------  --------  ----------  --------------  -------------------
/opt/airflow/dags/ingest_matches_dag.py                           0           1  0.05s           2026-06-10T20:16:48
================================================================================
[2026-06-10T20:17:44.071+0000] {manager.py:879} INFO - 
================================================================================
DAG File Processing Stats

File Path                                PID    Runtime      # DAGs    # Errors  Last Runtime    Last Run
---------------------------------------  -----  ---------  --------  ----------  --------------  -------------------
/opt/airflow/dags/ingest_matches_dag.py                           0           1  0.06s           2026-06-10T20:17:19
================================================================================
[2026-06-10T20:18:13.194+0000] {manager.py:879} INFO - 
================================================================================
DAG File Processing Stats

File Path                                PID    Runtime      # DAGs    # Errors  Last Runtime    Last Run
---------------------------------------  -----  ---------  --------  ----------  --------------  -------------------
/opt/airflow/dags/ingest_matches_dag.py                           0           1  0.06s           2026-06-10T20:17:49
================================================================================
[2026-06-10T20:18:42.275+0000] {manager.py:879} INFO - 
================================================================================
DAG File Processing Stats

File Path                                PID    Runtime      # DAGs    # Errors  Last Runtime    Last Run
---------------------------------------  -----  ---------  --------  ----------  --------------  -------------------
/opt/airflow/dags/ingest_matches_dag.py                           0           1  0.05s           2026-06-10T20:18:19
================================================================================
[2026-06-10T20:19:11.375+0000] {manager.py:879} INFO - 
================================================================================
DAG File Processing Stats

File Path                                PID    Runtime      # DAGs    # Errors  Last Runtime    Last Run
---------------------------------------  -----  ---------  --------  ----------  --------------  -------------------
/opt/airflow/dags/ingest_matches_dag.py                           0           1  0.06s           2026-06-10T20:18:49
================================================================================
[2026-06-10T20:19:40.445+0000] {manager.py:879} INFO - 
================================================================================
DAG File Processing Stats

File Path                                PID    Runtime      # DAGs    # Errors  Last Runtime    Last Run
---------------------------------------  -----  ---------  --------  ----------  --------------  -------------------
/opt/airflow/dags/ingest_matches_dag.py                           0           1  0.09s           2026-06-10T20:19:19
================================================================================
[2026-06-10T20:20:09.569+0000] {manager.py:879} INFO - 
================================================================================
DAG File Processing Stats

File Path                                PID    Runtime      # DAGs    # Errors  Last Runtime    Last Run
---------------------------------------  -----  ---------  --------  ----------  --------------  -------------------
/opt/airflow/dags/ingest_matches_dag.py                           0           1  0.06s           2026-06-10T20:19:50
================================================================================
[2026-06-10T20:20:18.544+0000] {manager.py:738} INFO - Searching for files in /opt/airflow/dags
[2026-06-10T20:20:18.545+0000] {manager.py:741} INFO - There are 1 files in /opt/airflow/dags
[2026-06-10T20:20:38.660+0000] {manager.py:879} INFO - 
================================================================================
DAG File Processing Stats

File Path                                PID    Runtime      # DAGs    # Errors  Last Runtime    Last Run
---------------------------------------  -----  ---------  --------  ----------  --------------  -------------------
/opt/airflow/dags/ingest_matches_dag.py                           0           1  0.05s           2026-06-10T20:20:20
================================================================================
[2026-06-10T20:21:07.793+0000] {manager.py:879} INFO - 
================================================================================
DAG File Processing Stats

File Path                                PID    Runtime      # DAGs    # Errors  Last Runtime    Last Run
---------------------------------------  -----  ---------  --------  ----------  --------------  -------------------
/opt/airflow/dags/ingest_matches_dag.py                           1           0  0.29s           2026-06-10T20:20:56
================================================================================
[2026-06-10T20:21:37.072+0000] {manager.py:879} INFO - 
================================================================================
DAG File Processing Stats

File Path                                PID    Runtime      # DAGs    # Errors  Last Runtime    Last Run
---------------------------------------  -----  ---------  --------  ----------  --------------  -------------------
/opt/airflow/dags/ingest_matches_dag.py                           1           0  0.13s           2026-06-10T20:21:27
================================================================================
[2026-06-10T20:22:06.237+0000] {manager.py:879} INFO - 
================================================================================
DAG File Processing Stats

File Path                                PID    Runtime      # DAGs    # Errors  Last Runtime    Last Run
---------------------------------------  -----  ---------  --------  ----------  --------------  -------------------
/opt/airflow/dags/ingest_matches_dag.py                           1           0  0.13s           2026-06-10T20:21:57
================================================================================
[2026-06-10T20:22:35.390+0000] {manager.py:879} INFO - 
================================================================================
DAG File Processing Stats

File Path                                PID    Runtime      # DAGs    # Errors  Last Runtime    Last Run
---------------------------------------  -----  ---------  --------  ----------  --------------  -------------------
/opt/airflow/dags/ingest_matches_dag.py                           1           0  0.15s           2026-06-10T20:22:27
================================================================================
[2026-06-10T20:23:04.649+0000] {manager.py:879} INFO - 
================================================================================
DAG File Processing Stats

File Path                                PID    Runtime      # DAGs    # Errors  Last Runtime    Last Run
---------------------------------------  -----  ---------  --------  ----------  --------------  -------------------
/opt/airflow/dags/ingest_matches_dag.py                           1           0  0.12s           2026-06-10T20:22:48
================================================================================
[2026-06-10T20:23:33.847+0000] {manager.py:879} INFO - 
================================================================================
DAG File Processing Stats

File Path                                PID    Runtime      # DAGs    # Errors  Last Runtime    Last Run
---------------------------------------  -----  ---------  --------  ----------  --------------  -------------------
/opt/airflow/dags/ingest_matches_dag.py                           1           0  0.14s           2026-06-10T20:23:18
================================================================================
[2026-06-10T20:24:03.020+0000] {manager.py:879} INFO - 
================================================================================
DAG File Processing Stats

File Path                                PID    Runtime      # DAGs    # Errors  Last Runtime    Last Run
---------------------------------------  -----  ---------  --------  ----------  --------------  -------------------
/opt/airflow/dags/ingest_matches_dag.py                           1           0  0.13s           2026-06-10T20:23:49
================================================================================
[2026-06-10T20:24:32.296+0000] {manager.py:879} INFO - 
================================================================================
DAG File Processing Stats

File Path                                PID    Runtime      # DAGs    # Errors  Last Runtime    Last Run
---------------------------------------  -----  ---------  --------  ----------  --------------  -------------------
/opt/airflow/dags/ingest_matches_dag.py                           1           0  0.11s           2026-06-10T20:24:22
================================================================================
[2026-06-10T20:25:01.541+0000] {manager.py:879} INFO - 
================================================================================
DAG File Processing Stats

File Path                                PID    Runtime      # DAGs    # Errors  Last Runtime    Last Run
---------------------------------------  -----  ---------  --------  ----------  --------------  -------------------
/opt/airflow/dags/ingest_matches_dag.py                           1           0  0.11s           2026-06-10T20:24:52
================================================================================
[2026-06-10T20:25:19.541+0000] {manager.py:738} INFO - Searching for files in /opt/airflow/dags
[2026-06-10T20:25:19.542+0000] {manager.py:741} INFO - There are 1 files in /opt/airflow/dags
[2026-06-10T20:25:30.640+0000] {manager.py:879} INFO - 
================================================================================
DAG File Processing Stats

File Path                                PID    Runtime      # DAGs    # Errors  Last Runtime    Last Run
---------------------------------------  -----  ---------  --------  ----------  --------------  -------------------
/opt/airflow/dags/ingest_matches_dag.py                           1           0  0.13s           2026-06-10T20:25:22
================================================================================
[2026-06-10T20:25:59.786+0000] {manager.py:879} INFO - 
================================================================================
DAG File Processing Stats

File Path                                PID    Runtime      # DAGs    # Errors  Last Runtime    Last Run
---------------------------------------  -----  ---------  --------  ----------  --------------  -------------------
/opt/airflow/dags/ingest_matches_dag.py                           1           0  0.11s           2026-06-10T20:25:52
================================================================================
[2026-06-10T20:26:28.905+0000] {manager.py:879} INFO - 
================================================================================
DAG File Processing Stats

File Path                                PID    Runtime      # DAGs    # Errors  Last Runtime    Last Run
---------------------------------------  -----  ---------  --------  ----------  --------------  -------------------
/opt/airflow/dags/ingest_matches_dag.py                           1           0  0.11s           2026-06-10T20:26:22
================================================================================
[2026-06-10T20:26:58.027+0000] {manager.py:879} INFO - 
================================================================================
DAG File Processing Stats

File Path                                PID    Runtime      # DAGs    # Errors  Last Runtime    Last Run
---------------------------------------  -----  ---------  --------  ----------  --------------  -------------------
/opt/airflow/dags/ingest_matches_dag.py                           1           0  0.11s           2026-06-10T20:26:53
================================================================================
[2026-06-10T20:27:27.155+0000] {manager.py:879} INFO - 
================================================================================
DAG File Processing Stats

File Path                                PID    Runtime      # DAGs    # Errors  Last Runtime    Last Run
---------------------------------------  -----  ---------  --------  ----------  --------------  -------------------
/opt/airflow/dags/ingest_matches_dag.py                           1           0  0.11s           2026-06-10T20:27:23
================================================================================
[2026-06-10T20:27:56.271+0000] {manager.py:879} INFO - 
================================================================================
DAG File Processing Stats

File Path                                PID    Runtime      # DAGs    # Errors  Last Runtime    Last Run
---------------------------------------  -----  ---------  --------  ----------  --------------  -------------------
/opt/airflow/dags/ingest_matches_dag.py                           1           0  0.11s           2026-06-10T20:27:53
================================================================================
[2026-06-10T20:28:25.430+0000] {manager.py:879} INFO - 
================================================================================
DAG File Processing Stats

File Path                                PID    Runtime      # DAGs    # Errors  Last Runtime    Last Run
---------------------------------------  -----  ---------  --------  ----------  --------------  -------------------
/opt/airflow/dags/ingest_matches_dag.py                           1           0  0.11s           2026-06-10T20:28:23
================================================================================
[2026-06-10T20:28:54.559+0000] {manager.py:879} INFO - 
================================================================================
DAG File Processing Stats

File Path                                PID    Runtime      # DAGs    # Errors  Last Runtime    Last Run
---------------------------------------  -----  ---------  --------  ----------  --------------  -------------------
/opt/airflow/dags/ingest_matches_dag.py                           1           0  0.11s           2026-06-10T20:28:53
================================================================================
[2026-06-10T20:29:23.877+0000] {manager.py:879} INFO - 
================================================================================
DAG File Processing Stats

File Path                                  PID  Runtime      # DAGs    # Errors  Last Runtime    Last Run
---------------------------------------  -----  ---------  --------  ----------  --------------  -------------------
/opt/airflow/dags/ingest_matches_dag.py    970  0.01s             1           0  0.11s           2026-06-10T20:28:53
================================================================================
[2026-06-10T20:29:53.062+0000] {manager.py:879} INFO - 
================================================================================
DAG File Processing Stats

File Path                                PID    Runtime      # DAGs    # Errors  Last Runtime    Last Run
---------------------------------------  -----  ---------  --------  ----------  --------------  -------------------
/opt/airflow/dags/ingest_matches_dag.py                           1           0  0.11s           2026-06-10T20:29:23
================================================================================
[2026-06-10T20:30:20.245+0000] {manager.py:738} INFO - Searching for files in /opt/airflow/dags
[2026-06-10T20:30:20.246+0000] {manager.py:741} INFO - There are 1 files in /opt/airflow/dags
[2026-06-10T20:30:22.271+0000] {manager.py:879} INFO - 
================================================================================
DAG File Processing Stats

File Path                                PID    Runtime      # DAGs    # Errors  Last Runtime    Last Run
---------------------------------------  -----  ---------  --------  ----------  --------------  -------------------
/opt/airflow/dags/ingest_matches_dag.py                           1           0  0.10s           2026-06-10T20:29:54
================================================================================
[2026-06-10T20:30:51.558+0000] {manager.py:879} INFO - 
================================================================================
DAG File Processing Stats

File Path                                PID    Runtime      # DAGs    # Errors  Last Runtime    Last Run
---------------------------------------  -----  ---------  --------  ----------  --------------  -------------------
/opt/airflow/dags/ingest_matches_dag.py                           1           0  0.10s           2026-06-10T20:30:24
================================================================================
[2026-06-10T20:31:20.913+0000] {manager.py:879} INFO - 
================================================================================
DAG File Processing Stats

File Path                                PID    Runtime      # DAGs    # Errors  Last Runtime    Last Run
---------------------------------------  -----  ---------  --------  ----------  --------------  -------------------
/opt/airflow/dags/ingest_matches_dag.py                           1           0  0.11s           2026-06-10T20:30:54
================================================================================
[2026-06-10T20:31:50.083+0000] {manager.py:879} INFO - 
================================================================================
DAG File Processing Stats

File Path                                PID    Runtime      # DAGs    # Errors  Last Runtime    Last Run
---------------------------------------  -----  ---------  --------  ----------  --------------  -------------------
/opt/airflow/dags/ingest_matches_dag.py                           1           0  0.11s           2026-06-10T20:31:25
================================================================================
[2026-06-10T20:32:19.155+0000] {manager.py:879} INFO - 
================================================================================
DAG File Processing Stats

File Path                                PID    Runtime      # DAGs    # Errors  Last Runtime    Last Run
---------------------------------------  -----  ---------  --------  ----------  --------------  -------------------
/opt/airflow/dags/ingest_matches_dag.py                           1           0  0.11s           2026-06-10T20:31:56
================================================================================
[2026-06-10T20:32:48.239+0000] {manager.py:879} INFO - 
================================================================================
DAG File Processing Stats

File Path                                PID    Runtime      # DAGs    # Errors  Last Runtime    Last Run
---------------------------------------  -----  ---------  --------  ----------  --------------  -------------------
/opt/airflow/dags/ingest_matches_dag.py                           1           0  0.12s           2026-06-10T20:32:27
================================================================================
[2026-06-10T20:33:17.318+0000] {manager.py:879} INFO - 
================================================================================
DAG File Processing Stats

File Path                                PID    Runtime      # DAGs    # Errors  Last Runtime    Last Run
---------------------------------------  -----  ---------  --------  ----------  --------------  -------------------
/opt/airflow/dags/ingest_matches_dag.py                           1           0  0.12s           2026-06-10T20:32:58
================================================================================
[2026-06-10T20:33:46.422+0000] {manager.py:879} INFO - 
================================================================================
DAG File Processing Stats

File Path                                PID    Runtime      # DAGs    # Errors  Last Runtime    Last Run
---------------------------------------  -----  ---------  --------  ----------  --------------  -------------------
/opt/airflow/dags/ingest_matches_dag.py                           1           0  0.11s           2026-06-10T20:33:28
================================================================================
[2026-06-10T20:34:15.489+0000] {manager.py:879} INFO - 
================================================================================
DAG File Processing Stats

File Path                                PID    Runtime      # DAGs    # Errors  Last Runtime    Last Run
---------------------------------------  -----  ---------  --------  ----------  --------------  -------------------
/opt/airflow/dags/ingest_matches_dag.py                           1           0  0.24s           2026-06-10T20:33:59
================================================================================
[2026-06-10T20:34:44.373+0000] {manager.py:879} INFO - 
================================================================================
DAG File Processing Stats

File Path                                PID    Runtime      # DAGs    # Errors  Last Runtime    Last Run
---------------------------------------  -----  ---------  --------  ----------  --------------  -------------------
/opt/airflow/dags/ingest_matches_dag.py                           1           0  0.19s           2026-06-10T20:34:29
================================================================================
[2026-06-10T20:35:13.031+0000] {manager.py:879} INFO - 
================================================================================
DAG File Processing Stats

File Path                                PID    Runtime      # DAGs    # Errors  Last Runtime    Last Run
---------------------------------------  -----  ---------  --------  ----------  --------------  -------------------
/opt/airflow/dags/ingest_matches_dag.py                           1           0  0.14s           2026-06-10T20:35:00
================================================================================
[2026-06-10T20:35:21.211+0000] {manager.py:738} INFO - Searching for files in /opt/airflow/dags
[2026-06-10T20:35:21.213+0000] {manager.py:741} INFO - There are 1 files in /opt/airflow/dags
[2026-06-10T20:35:42.475+0000] {manager.py:879} INFO - 
================================================================================
DAG File Processing Stats

File Path                                PID    Runtime      # DAGs    # Errors  Last Runtime    Last Run
---------------------------------------  -----  ---------  --------  ----------  --------------  -------------------
/opt/airflow/dags/ingest_matches_dag.py                           1           0  0.12s           2026-06-10T20:35:30
================================================================================
[2026-06-10T20:36:11.835+0000] {manager.py:879} INFO - 
================================================================================
DAG File Processing Stats

File Path                                PID    Runtime      # DAGs    # Errors  Last Runtime    Last Run
---------------------------------------  -----  ---------  --------  ----------  --------------  -------------------
/opt/airflow/dags/ingest_matches_dag.py                           1           0  0.12s           2026-06-10T20:36:00
================================================================================
[2026-06-10T20:36:40.985+0000] {manager.py:879} INFO - 
================================================================================
DAG File Processing Stats

File Path                                PID    Runtime      # DAGs    # Errors  Last Runtime    Last Run
---------------------------------------  -----  ---------  --------  ----------  --------------  -------------------
/opt/airflow/dags/ingest_matches_dag.py                           1           0  0.12s           2026-06-10T20:36:31
================================================================================
[2026-06-10T20:37:10.285+0000] {manager.py:879} INFO - 
================================================================================
DAG File Processing Stats

File Path                                PID    Runtime      # DAGs    # Errors  Last Runtime    Last Run
---------------------------------------  -----  ---------  --------  ----------  --------------  -------------------
/opt/airflow/dags/ingest_matches_dag.py                           1           0  0.12s           2026-06-10T20:37:01
================================================================================
[2026-06-10T20:37:39.423+0000] {manager.py:879} INFO - 
================================================================================
DAG File Processing Stats

File Path                                PID    Runtime      # DAGs    # Errors  Last Runtime    Last Run
---------------------------------------  -----  ---------  --------  ----------  --------------  -------------------
/opt/airflow/dags/ingest_matches_dag.py                           1           0  0.10s           2026-06-10T20:37:32
================================================================================
[2026-06-10T20:38:08.574+0000] {manager.py:879} INFO - 
================================================================================
DAG File Processing Stats

File Path                                PID    Runtime      # DAGs    # Errors  Last Runtime    Last Run
---------------------------------------  -----  ---------  --------  ----------  --------------  -------------------
/opt/airflow/dags/ingest_matches_dag.py                           1           0  0.10s           2026-06-10T20:38:02
================================================================================
[2026-06-10T20:38:37.760+0000] {manager.py:879} INFO - 
================================================================================
DAG File Processing Stats

File Path                                PID    Runtime      # DAGs    # Errors  Last Runtime    Last Run
---------------------------------------  -----  ---------  --------  ----------  --------------  -------------------
/opt/airflow/dags/ingest_matches_dag.py                           1           0  0.10s           2026-06-10T20:38:32
================================================================================
[2026-06-10T20:39:06.798+0000] {manager.py:879} INFO - 
================================================================================
DAG File Processing Stats

File Path                                PID    Runtime      # DAGs    # Errors  Last Runtime    Last Run
---------------------------------------  -----  ---------  --------  ----------  --------------  -------------------
/opt/airflow/dags/ingest_matches_dag.py                           1           0  0.10s           2026-06-10T20:39:03
================================================================================
[2026-06-10T20:39:36.047+0000] {manager.py:879} INFO - 
================================================================================
DAG File Processing Stats

File Path                                PID    Runtime      # DAGs    # Errors  Last Runtime    Last Run
---------------------------------------  -----  ---------  --------  ----------  --------------  -------------------
/opt/airflow/dags/ingest_matches_dag.py                           1           0  0.10s           2026-06-10T20:39:35
================================================================================
[2026-06-10T20:40:05.419+0000] {manager.py:879} INFO - 
================================================================================
DAG File Processing Stats

File Path                                  PID  Runtime      # DAGs    # Errors  Last Runtime    Last Run
---------------------------------------  -----  ---------  --------  ----------  --------------  -------------------
/opt/airflow/dags/ingest_matches_dag.py   1075  0.00s             1           0  0.10s           2026-06-10T20:39:35
================================================================================
[2026-06-10T20:40:21.542+0000] {manager.py:738} INFO - Searching for files in /opt/airflow/dags
[2026-06-10T20:40:21.543+0000] {manager.py:741} INFO - There are 1 files in /opt/airflow/dags
[2026-06-10T20:40:34.610+0000] {manager.py:879} INFO - 
================================================================================
DAG File Processing Stats

File Path                                PID    Runtime      # DAGs    # Errors  Last Runtime    Last Run
---------------------------------------  -----  ---------  --------  ----------  --------------  -------------------
/opt/airflow/dags/ingest_matches_dag.py                           1           0  0.10s           2026-06-10T20:40:05
================================================================================
[2026-06-10T20:41:04.042+0000] {manager.py:879} INFO - 
================================================================================
DAG File Processing Stats

File Path                                PID    Runtime      # DAGs    # Errors  Last Runtime    Last Run
---------------------------------------  -----  ---------  --------  ----------  --------------  -------------------
/opt/airflow/dags/ingest_matches_dag.py                           1           0  0.10s           2026-06-10T20:40:35
================================================================================
[2026-06-10T20:41:33.152+0000] {manager.py:879} INFO - 
================================================================================
DAG File Processing Stats

File Path                                PID    Runtime      # DAGs    # Errors  Last Runtime    Last Run
---------------------------------------  -----  ---------  --------  ----------  --------------  -------------------
/opt/airflow/dags/ingest_matches_dag.py                           1           0  0.10s           2026-06-10T20:41:06
================================================================================
[2026-06-10T20:42:02.389+0000] {manager.py:879} INFO - 
================================================================================
DAG File Processing Stats

File Path                                PID    Runtime      # DAGs    # Errors  Last Runtime    Last Run
---------------------------------------  -----  ---------  --------  ----------  --------------  -------------------
/opt/airflow/dags/ingest_matches_dag.py                           1           0  0.21s           2026-06-10T20:41:36
================================================================================
[2026-06-10T20:42:31.617+0000] {manager.py:879} INFO - 
================================================================================
DAG File Processing Stats

File Path                                PID    Runtime      # DAGs    # Errors  Last Runtime    Last Run
---------------------------------------  -----  ---------  --------  ----------  --------------  -------------------
/opt/airflow/dags/ingest_matches_dag.py                           1           0  0.12s           2026-06-10T20:42:06
================================================================================
[2026-06-10T20:43:00.825+0000] {manager.py:879} INFO - 
================================================================================
DAG File Processing Stats

File Path                                PID    Runtime      # DAGs    # Errors  Last Runtime    Last Run
---------------------------------------  -----  ---------  --------  ----------  --------------  -------------------
/opt/airflow/dags/ingest_matches_dag.py                           1           0  0.13s           2026-06-10T20:42:36
================================================================================
[2026-06-10T20:43:30.260+0000] {manager.py:879} INFO - 
================================================================================
DAG File Processing Stats

File Path                                PID    Runtime      # DAGs    # Errors  Last Runtime    Last Run
---------------------------------------  -----  ---------  --------  ----------  --------------  -------------------
/opt/airflow/dags/ingest_matches_dag.py                           1           0  0.12s           2026-06-10T20:43:07
================================================================================
[2026-06-10T20:43:59.565+0000] {manager.py:879} INFO - 
================================================================================
DAG File Processing Stats

File Path                                PID    Runtime      # DAGs    # Errors  Last Runtime    Last Run
---------------------------------------  -----  ---------  --------  ----------  --------------  -------------------
/opt/airflow/dags/ingest_matches_dag.py                           1           0  0.10s           2026-06-10T20:43:37
================================================================================
[2026-06-10T20:44:28.681+0000] {manager.py:879} INFO - 
================================================================================
DAG File Processing Stats

File Path                                PID    Runtime      # DAGs    # Errors  Last Runtime    Last Run
---------------------------------------  -----  ---------  --------  ----------  --------------  -------------------
/opt/airflow/dags/ingest_matches_dag.py                           1           0  0.14s           2026-06-10T20:44:07
================================================================================
[2026-06-10T20:44:57.741+0000] {manager.py:879} INFO - 
================================================================================
DAG File Processing Stats

File Path                                PID    Runtime      # DAGs    # Errors  Last Runtime    Last Run
---------------------------------------  -----  ---------  --------  ----------  --------------  -------------------
/opt/airflow/dags/ingest_matches_dag.py                           1           0  0.10s           2026-06-10T20:44:38
================================================================================
[2026-06-10T20:45:21.755+0000] {manager.py:738} INFO - Searching for files in /opt/airflow/dags
[2026-06-10T20:45:21.756+0000] {manager.py:741} INFO - There are 1 files in /opt/airflow/dags
[2026-06-10T20:45:26.797+0000] {manager.py:879} INFO - 
================================================================================
DAG File Processing Stats

File Path                                PID    Runtime      # DAGs    # Errors  Last Runtime    Last Run
---------------------------------------  -----  ---------  --------  ----------  --------------  -------------------
/opt/airflow/dags/ingest_matches_dag.py                           1           0  0.13s           2026-06-10T20:45:09
================================================================================
[2026-06-10T20:45:55.964+0000] {manager.py:879} INFO - 
================================================================================
DAG File Processing Stats

File Path                                PID    Runtime      # DAGs    # Errors  Last Runtime    Last Run
---------------------------------------  -----  ---------  --------  ----------  --------------  -------------------
/opt/airflow/dags/ingest_matches_dag.py                           1           0  0.10s           2026-06-10T20:45:41
================================================================================
[2026-06-10T20:46:25.187+0000] {manager.py:879} INFO - 
================================================================================
DAG File Processing Stats

File Path                                PID    Runtime      # DAGs    # Errors  Last Runtime    Last Run
---------------------------------------  -----  ---------  --------  ----------  --------------  -------------------
/opt/airflow/dags/ingest_matches_dag.py                           1           0  0.12s           2026-06-10T20:46:11
================================================================================
[2026-06-10T20:46:54.214+0000] {manager.py:879} INFO - 
================================================================================
DAG File Processing Stats

File Path                                PID    Runtime      # DAGs    # Errors  Last Runtime    Last Run
---------------------------------------  -----  ---------  --------  ----------  --------------  -------------------
/opt/airflow/dags/ingest_matches_dag.py                           1           0  0.12s           2026-06-10T20:46:41
================================================================================
[2026-06-10T20:47:23.289+0000] {manager.py:879} INFO - 
================================================================================
DAG File Processing Stats

File Path                                PID    Runtime      # DAGs    # Errors  Last Runtime    Last Run
---------------------------------------  -----  ---------  --------  ----------  --------------  -------------------
/opt/airflow/dags/ingest_matches_dag.py                           1           0  0.12s           2026-06-10T20:47:12
================================================================================
[2026-06-10T20:47:52.281+0000] {manager.py:879} INFO - 
================================================================================
DAG File Processing Stats

File Path                                PID    Runtime      # DAGs    # Errors  Last Runtime    Last Run
---------------------------------------  -----  ---------  --------  ----------  --------------  -------------------
/opt/airflow/dags/ingest_matches_dag.py                           1           0  0.10s           2026-06-10T20:47:43
================================================================================
[2026-06-10T20:48:21.360+0000] {manager.py:879} INFO - 
================================================================================
DAG File Processing Stats

File Path                                PID    Runtime      # DAGs    # Errors  Last Runtime    Last Run
---------------------------------------  -----  ---------  --------  ----------  --------------  -------------------
/opt/airflow/dags/ingest_matches_dag.py                           1           0  0.12s           2026-06-10T20:48:14
================================================================================
[2026-06-10T20:48:50.388+0000] {manager.py:879} INFO - 
================================================================================
DAG File Processing Stats

File Path                                PID    Runtime      # DAGs    # Errors  Last Runtime    Last Run
---------------------------------------  -----  ---------  --------  ----------  --------------  -------------------
/opt/airflow/dags/ingest_matches_dag.py                           1           0  0.12s           2026-06-10T20:48:45
================================================================================
[2026-06-10T20:49:19.473+0000] {manager.py:879} INFO - 
================================================================================
DAG File Processing Stats

File Path                                PID    Runtime      # DAGs    # Errors  Last Runtime    Last Run
---------------------------------------  -----  ---------  --------  ----------  --------------  -------------------
/opt/airflow/dags/ingest_matches_dag.py                           1           0  0.11s           2026-06-10T20:49:16
================================================================================
[2026-06-10T20:49:48.499+0000] {manager.py:879} INFO - 
================================================================================
DAG File Processing Stats

File Path                                PID    Runtime      # DAGs    # Errors  Last Runtime    Last Run
---------------------------------------  -----  ---------  --------  ----------  --------------  -------------------
/opt/airflow/dags/ingest_matches_dag.py                           1           0  0.10s           2026-06-10T20:49:47
================================================================================
[2026-06-10T20:50:17.603+0000] {manager.py:879} INFO - 
================================================================================
DAG File Processing Stats

File Path                                  PID  Runtime      # DAGs    # Errors  Last Runtime    Last Run
---------------------------------------  -----  ---------  --------  ----------  --------------  -------------------
/opt/airflow/dags/ingest_matches_dag.py   1175  0.00s             1           0  0.10s           2026-06-10T20:49:47
================================================================================
[2026-06-10T20:50:22.640+0000] {manager.py:738} INFO - Searching for files in /opt/airflow/dags
[2026-06-10T20:50:22.641+0000] {manager.py:741} INFO - There are 1 files in /opt/airflow/dags
[2026-06-10T20:50:46.629+0000] {manager.py:879} INFO - 
================================================================================
DAG File Processing Stats

File Path                                PID    Runtime      # DAGs    # Errors  Last Runtime    Last Run
---------------------------------------  -----  ---------  --------  ----------  --------------  -------------------
/opt/airflow/dags/ingest_matches_dag.py                           1           0  0.09s           2026-06-10T20:50:17
================================================================================
[2026-06-10T20:51:15.651+0000] {manager.py:879} INFO - 
================================================================================
DAG File Processing Stats

File Path                                PID    Runtime      # DAGs    # Errors  Last Runtime    Last Run
---------------------------------------  -----  ---------  --------  ----------  --------------  -------------------
/opt/airflow/dags/ingest_matches_dag.py                           1           0  0.12s           2026-06-10T20:50:48
================================================================================
[2026-06-10T20:51:44.713+0000] {manager.py:879} INFO - 
================================================================================
DAG File Processing Stats

File Path                                PID    Runtime      # DAGs    # Errors  Last Runtime    Last Run
---------------------------------------  -----  ---------  --------  ----------  --------------  -------------------
/opt/airflow/dags/ingest_matches_dag.py                           1           0  0.14s           2026-06-10T20:51:19
================================================================================
[2026-06-10T20:52:13.737+0000] {manager.py:879} INFO - 
================================================================================
DAG File Processing Stats

File Path                                PID    Runtime      # DAGs    # Errors  Last Runtime    Last Run
---------------------------------------  -----  ---------  --------  ----------  --------------  -------------------
/opt/airflow/dags/ingest_matches_dag.py                           1           0  0.11s           2026-06-10T20:51:50
================================================================================
[2026-06-10T20:52:42.819+0000] {manager.py:879} INFO - 
================================================================================
DAG File Processing Stats

File Path                                PID    Runtime      # DAGs    # Errors  Last Runtime    Last Run
---------------------------------------  -----  ---------  --------  ----------  --------------  -------------------
/opt/airflow/dags/ingest_matches_dag.py                           1           0  0.11s           2026-06-10T20:52:21
================================================================================
[2026-06-10T20:53:11.832+0000] {manager.py:879} INFO - 
================================================================================
DAG File Processing Stats

File Path                                PID    Runtime      # DAGs    # Errors  Last Runtime    Last Run
---------------------------------------  -----  ---------  --------  ----------  --------------  -------------------
/opt/airflow/dags/ingest_matches_dag.py                           1           0  0.10s           2026-06-10T20:52:51
================================================================================
[2026-06-10T20:53:40.896+0000] {manager.py:879} INFO - 
================================================================================
DAG File Processing Stats

File Path                                PID    Runtime      # DAGs    # Errors  Last Runtime    Last Run
---------------------------------------  -----  ---------  --------  ----------  --------------  -------------------
/opt/airflow/dags/ingest_matches_dag.py                           1           0  0.10s           2026-06-10T20:53:23
================================================================================
[2026-06-10T20:54:09.949+0000] {manager.py:879} INFO - 
================================================================================
DAG File Processing Stats

File Path                                PID    Runtime      # DAGs    # Errors  Last Runtime    Last Run
---------------------------------------  -----  ---------  --------  ----------  --------------  -------------------
/opt/airflow/dags/ingest_matches_dag.py                           1           0  0.10s           2026-06-10T20:53:54
================================================================================
[2026-06-10T20:54:39.004+0000] {manager.py:879} INFO - 
================================================================================
DAG File Processing Stats

File Path                                PID    Runtime      # DAGs    # Errors  Last Runtime    Last Run
---------------------------------------  -----  ---------  --------  ----------  --------------  -------------------
/opt/airflow/dags/ingest_matches_dag.py                           1           0  0.10s           2026-06-10T20:54:25
================================================================================
[2026-06-10T20:55:08.019+0000] {manager.py:879} INFO - 
================================================================================
DAG File Processing Stats

File Path                                PID    Runtime      # DAGs    # Errors  Last Runtime    Last Run
---------------------------------------  -----  ---------  --------  ----------  --------------  -------------------
/opt/airflow/dags/ingest_matches_dag.py                           1           0  0.10s           2026-06-10T20:54:56
================================================================================
[2026-06-10T20:55:23.102+0000] {manager.py:738} INFO - Searching for files in /opt/airflow/dags
[2026-06-10T20:55:23.103+0000] {manager.py:741} INFO - There are 1 files in /opt/airflow/dags
[2026-06-10T20:55:37.058+0000] {manager.py:879} INFO - 
================================================================================
DAG File Processing Stats

File Path                                PID    Runtime      # DAGs    # Errors  Last Runtime    Last Run
---------------------------------------  -----  ---------  --------  ----------  --------------  -------------------
/opt/airflow/dags/ingest_matches_dag.py                           1           0  0.11s           2026-06-10T20:55:27
================================================================================
[2026-06-10T20:56:06.093+0000] {manager.py:879} INFO - 
================================================================================
DAG File Processing Stats

File Path                                PID    Runtime      # DAGs    # Errors  Last Runtime    Last Run
---------------------------------------  -----  ---------  --------  ----------  --------------  -------------------
/opt/airflow/dags/ingest_matches_dag.py                           1           0  0.11s           2026-06-10T20:55:58
================================================================================
[2026-06-10T20:56:35.138+0000] {manager.py:879} INFO - 
================================================================================
DAG File Processing Stats

File Path                                PID    Runtime      # DAGs    # Errors  Last Runtime    Last Run
---------------------------------------  -----  ---------  --------  ----------  --------------  -------------------
/opt/airflow/dags/ingest_matches_dag.py                           1           0  0.15s           2026-06-10T20:56:29
================================================================================
[2026-06-10T20:57:04.236+0000] {manager.py:879} INFO - 
================================================================================
DAG File Processing Stats

File Path                                PID    Runtime      # DAGs    # Errors  Last Runtime    Last Run
---------------------------------------  -----  ---------  --------  ----------  --------------  -------------------
/opt/airflow/dags/ingest_matches_dag.py                           1           0  0.10s           2026-06-10T20:57:00
================================================================================
[2026-06-10T20:57:33.258+0000] {manager.py:879} INFO - 
================================================================================
DAG File Processing Stats

File Path                                PID    Runtime      # DAGs    # Errors  Last Runtime    Last Run
---------------------------------------  -----  ---------  --------  ----------  --------------  -------------------
/opt/airflow/dags/ingest_matches_dag.py                           1           0  0.10s           2026-06-10T20:57:31
================================================================================
[2026-06-10T20:58:02.307+0000] {manager.py:879} INFO - 
================================================================================
DAG File Processing Stats

File Path                                  PID  Runtime      # DAGs    # Errors  Last Runtime    Last Run
---------------------------------------  -----  ---------  --------  ----------  --------------  -------------------
/opt/airflow/dags/ingest_matches_dag.py   1250  0.00s             1           0  0.10s           2026-06-10T20:57:31
================================================================================
[2026-06-10T20:58:31.227+0000] {manager.py:879} INFO - 
================================================================================
DAG File Processing Stats

File Path                                PID    Runtime      # DAGs    # Errors  Last Runtime    Last Run
---------------------------------------  -----  ---------  --------  ----------  --------------  -------------------
/opt/airflow/dags/ingest_matches_dag.py                           1           0  0.12s           2026-06-10T20:58:02
================================================================================
[2026-06-10T20:59:00.370+0000] {manager.py:879} INFO - 
================================================================================
DAG File Processing Stats

File Path                                PID    Runtime      # DAGs    # Errors  Last Runtime    Last Run
---------------------------------------  -----  ---------  --------  ----------  --------------  -------------------
/opt/airflow/dags/ingest_matches_dag.py                           1           0  0.16s           2026-06-10T20:58:33
================================================================================
[2026-06-10T20:59:29.417+0000] {manager.py:879} INFO - 
================================================================================
DAG File Processing Stats

File Path                                PID    Runtime      # DAGs    # Errors  Last Runtime    Last Run
---------------------------------------  -----  ---------  --------  ----------  --------------  -------------------
/opt/airflow/dags/ingest_matches_dag.py                           1           0  0.11s           2026-06-10T20:59:03
================================================================================
[2026-06-10T20:59:58.432+0000] {manager.py:879} INFO - 
================================================================================
DAG File Processing Stats

File Path                                PID    Runtime      # DAGs    # Errors  Last Runtime    Last Run
---------------------------------------  -----  ---------  --------  ----------  --------------  -------------------
/opt/airflow/dags/ingest_matches_dag.py                           1           0  0.10s           2026-06-10T20:59:34
================================================================================
[2026-06-10T21:00:23.439+0000] {manager.py:738} INFO - Searching for files in /opt/airflow/dags
[2026-06-10T21:00:23.440+0000] {manager.py:741} INFO - There are 1 files in /opt/airflow/dags
[2026-06-10T21:00:27.475+0000] {manager.py:879} INFO - 
================================================================================
DAG File Processing Stats

File Path                                PID    Runtime      # DAGs    # Errors  Last Runtime    Last Run
---------------------------------------  -----  ---------  --------  ----------  --------------  -------------------
/opt/airflow/dags/ingest_matches_dag.py                           1           0  0.11s           2026-06-10T21:00:05
================================================================================
[2026-06-10T21:00:56.613+0000] {manager.py:879} INFO - 
================================================================================
DAG File Processing Stats

File Path                                PID    Runtime      # DAGs    # Errors  Last Runtime    Last Run
---------------------------------------  -----  ---------  --------  ----------  --------------  -------------------
/opt/airflow/dags/ingest_matches_dag.py                           1           0  0.12s           2026-06-10T21:00:36
================================================================================
[2026-06-10T21:01:25.680+0000] {manager.py:879} INFO - 
================================================================================
DAG File Processing Stats

File Path                                PID    Runtime      # DAGs    # Errors  Last Runtime    Last Run
---------------------------------------  -----  ---------  --------  ----------  --------------  -------------------
/opt/airflow/dags/ingest_matches_dag.py                           1           0  0.11s           2026-06-10T21:01:06
================================================================================
[2026-06-10T21:02:15.095+0000] {manager.py:469} INFO - Processing files using up to 2 processes at a time 
[2026-06-10T21:02:15.096+0000] {manager.py:470} INFO - Process each file at most once every 30 seconds
[2026-06-10T21:02:15.097+0000] {manager.py:471} INFO - Checking for new files in /opt/airflow/dags every 300 seconds
[2026-06-10T21:02:15.097+0000] {manager.py:738} INFO - Searching for files in /opt/airflow/dags
[2026-06-10T21:02:15.098+0000] {manager.py:741} INFO - There are 1 files in /opt/airflow/dags
[2026-06-10T21:02:15.467+0000] {manager.py:879} INFO - 
================================================================================
DAG File Processing Stats

File Path                                  PID  Runtime      # DAGs    # Errors  Last Runtime    Last Run
---------------------------------------  -----  ---------  --------  ----------  --------------  ----------
/opt/airflow/dags/ingest_matches_dag.py    175  0.04s             0           0
================================================================================
[2026-06-10T21:02:44.563+0000] {manager.py:879} INFO - 
================================================================================
DAG File Processing Stats

File Path                                PID    Runtime      # DAGs    # Errors  Last Runtime    Last Run
---------------------------------------  -----  ---------  --------  ----------  --------------  -------------------
/opt/airflow/dags/ingest_matches_dag.py                           1           0  0.13s           2026-06-10T21:02:15
================================================================================
[2026-06-10T21:03:13.791+0000] {manager.py:879} INFO - 
================================================================================
DAG File Processing Stats

File Path                                PID    Runtime      # DAGs    # Errors  Last Runtime    Last Run
---------------------------------------  -----  ---------  --------  ----------  --------------  -------------------
/opt/airflow/dags/ingest_matches_dag.py                           1           0  0.27s           2026-06-10T21:02:45
================================================================================
[2026-06-10T21:03:42.962+0000] {manager.py:879} INFO - 
================================================================================
DAG File Processing Stats

File Path                                PID    Runtime      # DAGs    # Errors  Last Runtime    Last Run
---------------------------------------  -----  ---------  --------  ----------  --------------  -------------------
/opt/airflow/dags/ingest_matches_dag.py                           1           0  0.10s           2026-06-10T21:03:16
================================================================================
[2026-06-10T21:04:12.257+0000] {manager.py:879} INFO - 
================================================================================
DAG File Processing Stats

File Path                                PID    Runtime      # DAGs    # Errors  Last Runtime    Last Run
---------------------------------------  -----  ---------  --------  ----------  --------------  -------------------
/opt/airflow/dags/ingest_matches_dag.py                           1           0  0.12s           2026-06-10T21:03:47
================================================================================
[2026-06-10T21:04:41.412+0000] {manager.py:879} INFO - 
================================================================================
DAG File Processing Stats

File Path                                PID    Runtime      # DAGs    # Errors  Last Runtime    Last Run
---------------------------------------  -----  ---------  --------  ----------  --------------  -------------------
/opt/airflow/dags/ingest_matches_dag.py                           1           0  0.10s           2026-06-10T21:04:17
================================================================================
[2026-06-10T21:05:10.454+0000] {manager.py:879} INFO - 
================================================================================
DAG File Processing Stats

File Path                                PID    Runtime      # DAGs    # Errors  Last Runtime    Last Run
---------------------------------------  -----  ---------  --------  ----------  --------------  -------------------
/opt/airflow/dags/ingest_matches_dag.py                           1           0  0.11s           2026-06-10T21:04:47
================================================================================
[2026-06-10T21:05:39.430+0000] {manager.py:879} INFO - 
================================================================================
DAG File Processing Stats

File Path                                PID    Runtime      # DAGs    # Errors  Last Runtime    Last Run
---------------------------------------  -----  ---------  --------  ----------  --------------  -------------------
/opt/airflow/dags/ingest_matches_dag.py                           1           0  0.12s           2026-06-10T21:05:18
================================================================================
[2026-06-10T21:06:08.465+0000] {manager.py:879} INFO - 
================================================================================
DAG File Processing Stats

File Path                                PID    Runtime      # DAGs    # Errors  Last Runtime    Last Run
---------------------------------------  -----  ---------  --------  ----------  --------------  -------------------
/opt/airflow/dags/ingest_matches_dag.py                           1           0  0.10s           2026-06-10T21:05:49
================================================================================
[2026-06-10T21:06:37.472+0000] {manager.py:879} INFO - 
================================================================================
DAG File Processing Stats

File Path                                PID    Runtime      # DAGs    # Errors  Last Runtime    Last Run
---------------------------------------  -----  ---------  --------  ----------  --------------  -------------------
/opt/airflow/dags/ingest_matches_dag.py                           1           0  0.09s           2026-06-10T21:06:20
================================================================================
[2026-06-10T21:07:06.449+0000] {manager.py:879} INFO - 
================================================================================
DAG File Processing Stats

File Path                                PID    Runtime      # DAGs    # Errors  Last Runtime    Last Run
---------------------------------------  -----  ---------  --------  ----------  --------------  -------------------
/opt/airflow/dags/ingest_matches_dag.py                           1           0  0.11s           2026-06-10T21:06:51
================================================================================
[2026-06-10T21:07:15.523+0000] {manager.py:738} INFO - Searching for files in /opt/airflow/dags
[2026-06-10T21:07:15.524+0000] {manager.py:741} INFO - There are 1 files in /opt/airflow/dags
[2026-06-10T21:07:35.462+0000] {manager.py:879} INFO - 
================================================================================
DAG File Processing Stats

File Path                                PID    Runtime      # DAGs    # Errors  Last Runtime    Last Run
---------------------------------------  -----  ---------  --------  ----------  --------------  -------------------
/opt/airflow/dags/ingest_matches_dag.py                           1           0  0.10s           2026-06-10T21:07:22
================================================================================
[2026-06-10T21:08:04.498+0000] {manager.py:879} INFO - 
================================================================================
DAG File Processing Stats

File Path                                PID    Runtime      # DAGs    # Errors  Last Runtime    Last Run
---------------------------------------  -----  ---------  --------  ----------  --------------  -------------------
/opt/airflow/dags/ingest_matches_dag.py                           1           0  0.10s           2026-06-10T21:07:53
================================================================================
[2026-06-10T21:08:33.463+0000] {manager.py:879} INFO - 
================================================================================
DAG File Processing Stats

File Path                                PID    Runtime      # DAGs    # Errors  Last Runtime    Last Run
---------------------------------------  -----  ---------  --------  ----------  --------------  -------------------
/opt/airflow/dags/ingest_matches_dag.py                           1           0  0.12s           2026-06-10T21:08:24
================================================================================
[2026-06-10T21:09:03.156+0000] {manager.py:879} INFO - 
================================================================================
DAG File Processing Stats

File Path                                PID    Runtime      # DAGs    # Errors  Last Runtime    Last Run
---------------------------------------  -----  ---------  --------  ----------  --------------  -------------------
/opt/airflow/dags/ingest_matches_dag.py                           1           0  0.10s           2026-06-10T21:08:55
================================================================================
[2026-06-10T21:09:31.515+0000] {manager.py:879} INFO - 
================================================================================
DAG File Processing Stats

File Path                                PID    Runtime      # DAGs    # Errors  Last Runtime    Last Run
---------------------------------------  -----  ---------  --------  ----------  --------------  -------------------
/opt/airflow/dags/ingest_matches_dag.py                           1           0  0.11s           2026-06-10T21:09:25
================================================================================
[2026-06-10T21:10:00.511+0000] {manager.py:879} INFO - 
================================================================================
DAG File Processing Stats

File Path                                PID    Runtime      # DAGs    # Errors  Last Runtime    Last Run
---------------------------------------  -----  ---------  --------  ----------  --------------  -------------------
/opt/airflow/dags/ingest_matches_dag.py                           1           0  0.11s           2026-06-10T21:09:56
================================================================================
[2026-06-10T21:10:29.523+0000] {manager.py:879} INFO - 
================================================================================
DAG File Processing Stats

File Path                                PID    Runtime      # DAGs    # Errors  Last Runtime    Last Run
---------------------------------------  -----  ---------  --------  ----------  --------------  -------------------
/opt/airflow/dags/ingest_matches_dag.py                           1           0  0.09s           2026-06-10T21:10:27
================================================================================
[2026-06-10T21:10:58.461+0000] {manager.py:879} INFO - 
================================================================================
DAG File Processing Stats

File Path                                  PID  Runtime      # DAGs    # Errors  Last Runtime    Last Run
---------------------------------------  -----  ---------  --------  ----------  --------------  -------------------
/opt/airflow/dags/ingest_matches_dag.py    260  0.01s             1           0  0.09s           2026-06-10T21:10:27
================================================================================
[2026-06-10T21:11:27.661+0000] {manager.py:879} INFO - 
================================================================================
DAG File Processing Stats

File Path                                PID    Runtime      # DAGs    # Errors  Last Runtime    Last Run
---------------------------------------  -----  ---------  --------  ----------  --------------  -------------------
/opt/airflow/dags/ingest_matches_dag.py                           1           0  0.13s           2026-06-10T21:10:58
================================================================================
[2026-06-10T21:11:56.828+0000] {manager.py:879} INFO - 
================================================================================
DAG File Processing Stats

File Path                                PID    Runtime      # DAGs    # Errors  Last Runtime    Last Run
---------------------------------------  -----  ---------  --------  ----------  --------------  -------------------
/opt/airflow/dags/ingest_matches_dag.py                           1           0  0.10s           2026-06-10T21:11:28
================================================================================
[2026-06-10T21:12:15.782+0000] {manager.py:738} INFO - Searching for files in /opt/airflow/dags
[2026-06-10T21:12:15.783+0000] {manager.py:741} INFO - There are 1 files in /opt/airflow/dags
[2026-06-10T21:12:25.849+0000] {manager.py:879} INFO - 
================================================================================
DAG File Processing Stats

File Path                                PID    Runtime      # DAGs    # Errors  Last Runtime    Last Run
---------------------------------------  -----  ---------  --------  ----------  --------------  -------------------
/opt/airflow/dags/ingest_matches_dag.py                           1           0  0.12s           2026-06-10T21:11:58
================================================================================
[2026-06-10T21:12:54.816+0000] {manager.py:879} INFO - 
================================================================================
DAG File Processing Stats

File Path                                PID    Runtime      # DAGs    # Errors  Last Runtime    Last Run
---------------------------------------  -----  ---------  --------  ----------  --------------  -------------------
/opt/airflow/dags/ingest_matches_dag.py                           1           0  0.10s           2026-06-10T21:12:29
================================================================================
[2026-06-10T21:13:23.697+0000] {manager.py:879} INFO - 
================================================================================
DAG File Processing Stats

File Path                                PID    Runtime      # DAGs    # Errors  Last Runtime    Last Run
---------------------------------------  -----  ---------  --------  ----------  --------------  -------------------
/opt/airflow/dags/ingest_matches_dag.py                           1           0  0.10s           2026-06-10T21:13:00
================================================================================
[2026-06-10T21:13:52.761+0000] {manager.py:879} INFO - 
================================================================================
DAG File Processing Stats

File Path                                PID    Runtime      # DAGs    # Errors  Last Runtime    Last Run
---------------------------------------  -----  ---------  --------  ----------  --------------  -------------------
/opt/airflow/dags/ingest_matches_dag.py                           1           0  0.11s           2026-06-10T21:13:31
================================================================================
[2026-06-10T21:14:21.701+0000] {manager.py:879} INFO - 
================================================================================
DAG File Processing Stats

File Path                                PID    Runtime      # DAGs    # Errors  Last Runtime    Last Run
---------------------------------------  -----  ---------  --------  ----------  --------------  -------------------
/opt/airflow/dags/ingest_matches_dag.py                           1           0  0.11s           2026-06-10T21:14:02
================================================================================
[2026-06-10T21:14:50.632+0000] {manager.py:879} INFO - 
================================================================================
DAG File Processing Stats

File Path                                PID    Runtime      # DAGs    # Errors  Last Runtime    Last Run
---------------------------------------  -----  ---------  --------  ----------  --------------  -------------------
/opt/airflow/dags/ingest_matches_dag.py                           1           0  0.14s           2026-06-10T21:14:33
================================================================================
[2026-06-10T21:15:19.642+0000] {manager.py:879} INFO - 
================================================================================
DAG File Processing Stats

File Path                                PID    Runtime      # DAGs    # Errors  Last Runtime    Last Run
---------------------------------------  -----  ---------  --------  ----------  --------------  -------------------
/opt/airflow/dags/ingest_matches_dag.py                           1           0  0.11s           2026-06-10T21:15:04
================================================================================
[2026-06-10T21:15:48.606+0000] {manager.py:879} INFO - 
================================================================================
DAG File Processing Stats

File Path                                PID    Runtime      # DAGs    # Errors  Last Runtime    Last Run
---------------------------------------  -----  ---------  --------  ----------  --------------  -------------------
/opt/airflow/dags/ingest_matches_dag.py                           1           0  0.11s           2026-06-10T21:15:35
================================================================================
[2026-06-10T21:16:17.566+0000] {manager.py:879} INFO - 
================================================================================
DAG File Processing Stats

File Path                                PID    Runtime      # DAGs    # Errors  Last Runtime    Last Run
---------------------------------------  -----  ---------  --------  ----------  --------------  -------------------
/opt/airflow/dags/ingest_matches_dag.py                           1           0  0.09s           2026-06-10T21:16:06
================================================================================
[2026-06-10T21:16:46.548+0000] {manager.py:879} INFO - 
================================================================================
DAG File Processing Stats

File Path                                PID    Runtime      # DAGs    # Errors  Last Runtime    Last Run
---------------------------------------  -----  ---------  --------  ----------  --------------  -------------------
/opt/airflow/dags/ingest_matches_dag.py                           1           0  0.10s           2026-06-10T21:16:37
================================================================================
[2026-06-10T21:17:15.535+0000] {manager.py:879} INFO - 
================================================================================
DAG File Processing Stats

File Path                                PID    Runtime      # DAGs    # Errors  Last Runtime    Last Run
---------------------------------------  -----  ---------  --------  ----------  --------------  -------------------
/opt/airflow/dags/ingest_matches_dag.py                           1           0  0.13s           2026-06-10T21:17:08
================================================================================
[2026-06-10T21:17:16.541+0000] {manager.py:738} INFO - Searching for files in /opt/airflow/dags
[2026-06-10T21:17:16.542+0000] {manager.py:741} INFO - There are 1 files in /opt/airflow/dags
[2026-06-10T21:17:44.577+0000] {manager.py:879} INFO - 
================================================================================
DAG File Processing Stats

File Path                                PID    Runtime      # DAGs    # Errors  Last Runtime    Last Run
---------------------------------------  -----  ---------  --------  ----------  --------------  -------------------
/opt/airflow/dags/ingest_matches_dag.py                           1           0  0.10s           2026-06-10T21:17:39
================================================================================
[2026-06-10T21:18:13.804+0000] {manager.py:879} INFO - 
================================================================================
DAG File Processing Stats

File Path                                PID    Runtime      # DAGs    # Errors  Last Runtime    Last Run
---------------------------------------  -----  ---------  --------  ----------  --------------  -------------------
/opt/airflow/dags/ingest_matches_dag.py                           1           0  0.12s           2026-06-10T21:18:09
================================================================================
[2026-06-10T21:18:43.139+0000] {manager.py:879} INFO - 
================================================================================
DAG File Processing Stats

File Path                                PID    Runtime      # DAGs    # Errors  Last Runtime    Last Run
---------------------------------------  -----  ---------  --------  ----------  --------------  -------------------
/opt/airflow/dags/ingest_matches_dag.py                           1           0  0.12s           2026-06-10T21:18:40
================================================================================
[2026-06-10T21:19:12.422+0000] {manager.py:879} INFO - 
================================================================================
DAG File Processing Stats

File Path                                PID    Runtime      # DAGs    # Errors  Last Runtime    Last Run
---------------------------------------  -----  ---------  --------  ----------  --------------  -------------------
/opt/airflow/dags/ingest_matches_dag.py                           1           0  0.12s           2026-06-10T21:19:10
================================================================================
[2026-06-10T21:19:41.521+0000] {manager.py:879} INFO - 
================================================================================
DAG File Processing Stats

File Path                                  PID  Runtime      # DAGs    # Errors  Last Runtime    Last Run
---------------------------------------  -----  ---------  --------  ----------  --------------  -------------------
/opt/airflow/dags/ingest_matches_dag.py    345  0.01s             1           0  0.12s           2026-06-10T21:19:10
================================================================================
[2026-06-10T21:20:10.552+0000] {manager.py:879} INFO - 
================================================================================
DAG File Processing Stats

File Path                                PID    Runtime      # DAGs    # Errors  Last Runtime    Last Run
---------------------------------------  -----  ---------  --------  ----------  --------------  -------------------
/opt/airflow/dags/ingest_matches_dag.py                           1           0  0.11s           2026-06-10T21:19:41
================================================================================
[2026-06-10T21:20:39.584+0000] {manager.py:879} INFO - 
================================================================================
DAG File Processing Stats

File Path                                PID    Runtime      # DAGs    # Errors  Last Runtime    Last Run
---------------------------------------  -----  ---------  --------  ----------  --------------  -------------------
/opt/airflow/dags/ingest_matches_dag.py                           1           0  0.10s           2026-06-10T21:20:12
================================================================================
[2026-06-10T21:21:08.550+0000] {manager.py:879} INFO - 
================================================================================
DAG File Processing Stats

File Path                                PID    Runtime      # DAGs    # Errors  Last Runtime    Last Run
---------------------------------------  -----  ---------  --------  ----------  --------------  -------------------
/opt/airflow/dags/ingest_matches_dag.py                           1           0  0.13s           2026-06-10T21:20:43
================================================================================
[2026-06-10T21:21:37.686+0000] {manager.py:879} INFO - 
================================================================================
DAG File Processing Stats

File Path                                PID    Runtime      # DAGs    # Errors  Last Runtime    Last Run
---------------------------------------  -----  ---------  --------  ----------  --------------  -------------------
/opt/airflow/dags/ingest_matches_dag.py                           1           0  0.11s           2026-06-10T21:21:14
================================================================================
[2026-06-10T21:22:06.754+0000] {manager.py:879} INFO - 
================================================================================
DAG File Processing Stats

File Path                                PID    Runtime      # DAGs    # Errors  Last Runtime    Last Run
---------------------------------------  -----  ---------  --------  ----------  --------------  -------------------
/opt/airflow/dags/ingest_matches_dag.py                           1           0  0.10s           2026-06-10T21:21:44
================================================================================
[2026-06-10T21:22:16.876+0000] {manager.py:738} INFO - Searching for files in /opt/airflow/dags
[2026-06-10T21:22:16.877+0000] {manager.py:741} INFO - There are 1 files in /opt/airflow/dags
[2026-06-10T21:22:35.828+0000] {manager.py:879} INFO - 
================================================================================
DAG File Processing Stats

File Path                                PID    Runtime      # DAGs    # Errors  Last Runtime    Last Run
---------------------------------------  -----  ---------  --------  ----------  --------------  -------------------
/opt/airflow/dags/ingest_matches_dag.py                           1           0  0.11s           2026-06-10T21:22:14
================================================================================
[2026-06-10T21:23:05.036+0000] {manager.py:879} INFO - 
================================================================================
DAG File Processing Stats

File Path                                PID    Runtime      # DAGs    # Errors  Last Runtime    Last Run
---------------------------------------  -----  ---------  --------  ----------  --------------  -------------------
/opt/airflow/dags/ingest_matches_dag.py                           1           0  0.15s           2026-06-10T21:22:45
================================================================================
[2026-06-10T21:23:34.165+0000] {manager.py:879} INFO - 
================================================================================
DAG File Processing Stats

File Path                                PID    Runtime      # DAGs    # Errors  Last Runtime    Last Run
---------------------------------------  -----  ---------  --------  ----------  --------------  -------------------
/opt/airflow/dags/ingest_matches_dag.py                           1           0  0.14s           2026-06-10T21:23:16
================================================================================
[2026-06-10T21:24:03.208+0000] {manager.py:879} INFO - 
================================================================================
DAG File Processing Stats

File Path                                PID    Runtime      # DAGs    # Errors  Last Runtime    Last Run
---------------------------------------  -----  ---------  --------  ----------  --------------  -------------------
/opt/airflow/dags/ingest_matches_dag.py                           1           0  0.11s           2026-06-10T21:23:47
================================================================================
[2026-06-10T21:24:32.401+0000] {manager.py:879} INFO - 
================================================================================
DAG File Processing Stats

File Path                                PID    Runtime      # DAGs    # Errors  Last Runtime    Last Run
---------------------------------------  -----  ---------  --------  ----------  --------------  -------------------
/opt/airflow/dags/ingest_matches_dag.py                           1           0  0.10s           2026-06-10T21:24:18
================================================================================
[2026-06-10T21:25:01.499+0000] {manager.py:879} INFO - 
================================================================================
DAG File Processing Stats

File Path                                PID    Runtime      # DAGs    # Errors  Last Runtime    Last Run
---------------------------------------  -----  ---------  --------  ----------  --------------  -------------------
/opt/airflow/dags/ingest_matches_dag.py                           1           0  0.12s           2026-06-10T21:24:48
================================================================================
[2026-06-10T21:25:30.594+0000] {manager.py:879} INFO - 
================================================================================
DAG File Processing Stats

File Path                                PID    Runtime      # DAGs    # Errors  Last Runtime    Last Run
---------------------------------------  -----  ---------  --------  ----------  --------------  -------------------
/opt/airflow/dags/ingest_matches_dag.py                           1           0  0.09s           2026-06-10T21:25:18
================================================================================
[2026-06-10T21:25:59.803+0000] {manager.py:879} INFO - 
================================================================================
DAG File Processing Stats

File Path                                PID    Runtime      # DAGs    # Errors  Last Runtime    Last Run
---------------------------------------  -----  ---------  --------  ----------  --------------  -------------------
/opt/airflow/dags/ingest_matches_dag.py                           1           0  0.10s           2026-06-10T21:25:48
================================================================================
[2026-06-10T21:26:29.007+0000] {manager.py:879} INFO - 
================================================================================
DAG File Processing Stats

File Path                                PID    Runtime      # DAGs    # Errors  Last Runtime    Last Run
---------------------------------------  -----  ---------  --------  ----------  --------------  -------------------
/opt/airflow/dags/ingest_matches_dag.py                           1           0  0.11s           2026-06-10T21:26:18
================================================================================
[2026-06-10T21:26:49.039+0000] {manager.py:1017} ERROR - Processor for /opt/airflow/dags/ingest_matches_dag.py exited with return code 1.
