[2026-06-10T18:58:50.130+0000] {processor.py:161} INFO - Started process (PID=176) to work on /opt/airflow/dags/ingest_matches_dag.py
[2026-06-10T18:58:50.132+0000] {processor.py:830} INFO - Processing file /opt/airflow/dags/ingest_matches_dag.py for tasks to queue
[2026-06-10T18:58:50.132+0000] {logging_mixin.py:188} INFO - [2026-06-10T18:58:50.132+0000] {dagbag.py:538} INFO - Filling up the DagBag from /opt/airflow/dags/ingest_matches_dag.py
[2026-06-10T18:58:50.163+0000] {processor.py:840} INFO - DAG(s) 'ingest_football_matches' retrieved from /opt/airflow/dags/ingest_matches_dag.py
[2026-06-10T18:58:50.383+0000] {logging_mixin.py:188} INFO - [2026-06-10T18:58:50.382+0000] {override.py:1769} INFO - Created Permission View: can read on DAG:ingest_football_matches
[2026-06-10T18:58:50.392+0000] {logging_mixin.py:188} INFO - [2026-06-10T18:58:50.391+0000] {override.py:1769} INFO - Created Permission View: can delete on DAG:ingest_football_matches
[2026-06-10T18:58:50.397+0000] {logging_mixin.py:188} INFO - [2026-06-10T18:58:50.396+0000] {override.py:1769} INFO - Created Permission View: can edit on DAG:ingest_football_matches
[2026-06-10T18:58:50.397+0000] {logging_mixin.py:188} INFO - [2026-06-10T18:58:50.397+0000] {dag.py:3036} INFO - Sync 1 DAGs
[2026-06-10T18:58:50.408+0000] {logging_mixin.py:188} INFO - [2026-06-10T18:58:50.408+0000] {dag.py:3058} INFO - Creating ORM DAG for ingest_football_matches
[2026-06-10T18:58:50.419+0000] {logging_mixin.py:188} INFO - [2026-06-10T18:58:50.419+0000] {dag.py:3823} INFO - Setting next_dagrun for ingest_football_matches to 2026-06-09 06:00:00+00:00, run_after=2026-06-10 06:00:00+00:00
[2026-06-10T18:58:50.439+0000] {processor.py:183} INFO - Processing /opt/airflow/dags/ingest_matches_dag.py took 0.313 seconds
[2026-06-10T18:59:20.727+0000] {processor.py:161} INFO - Started process (PID=181) to work on /opt/airflow/dags/ingest_matches_dag.py
[2026-06-10T18:59:20.729+0000] {processor.py:830} INFO - Processing file /opt/airflow/dags/ingest_matches_dag.py for tasks to queue
[2026-06-10T18:59:20.731+0000] {logging_mixin.py:188} INFO - [2026-06-10T18:59:20.730+0000] {dagbag.py:538} INFO - Filling up the DagBag from /opt/airflow/dags/ingest_matches_dag.py
[2026-06-10T18:59:20.746+0000] {processor.py:840} INFO - DAG(s) 'ingest_football_matches' retrieved from /opt/airflow/dags/ingest_matches_dag.py
[2026-06-10T18:59:20.777+0000] {logging_mixin.py:188} INFO - [2026-06-10T18:59:20.776+0000] {dag.py:3036} INFO - Sync 1 DAGs
[2026-06-10T18:59:20.797+0000] {logging_mixin.py:188} INFO - [2026-06-10T18:59:20.797+0000] {dag.py:3823} INFO - Setting next_dagrun for ingest_football_matches to 2026-06-09 06:00:00+00:00, run_after=2026-06-10 06:00:00+00:00
[2026-06-10T18:59:20.814+0000] {processor.py:183} INFO - Processing /opt/airflow/dags/ingest_matches_dag.py took 0.090 seconds
[2026-06-10T18:59:51.021+0000] {processor.py:161} INFO - Started process (PID=186) to work on /opt/airflow/dags/ingest_matches_dag.py
[2026-06-10T18:59:51.022+0000] {processor.py:830} INFO - Processing file /opt/airflow/dags/ingest_matches_dag.py for tasks to queue
[2026-06-10T18:59:51.023+0000] {logging_mixin.py:188} INFO - [2026-06-10T18:59:51.022+0000] {dagbag.py:538} INFO - Filling up the DagBag from /opt/airflow/dags/ingest_matches_dag.py
[2026-06-10T18:59:51.033+0000] {processor.py:840} INFO - DAG(s) 'ingest_football_matches' retrieved from /opt/airflow/dags/ingest_matches_dag.py
[2026-06-10T18:59:51.060+0000] {logging_mixin.py:188} INFO - [2026-06-10T18:59:51.059+0000] {dag.py:3036} INFO - Sync 1 DAGs
[2026-06-10T18:59:51.081+0000] {logging_mixin.py:188} INFO - [2026-06-10T18:59:51.081+0000] {dag.py:3823} INFO - Setting next_dagrun for ingest_football_matches to 2026-06-09 06:00:00+00:00, run_after=2026-06-10 06:00:00+00:00
[2026-06-10T18:59:51.097+0000] {processor.py:183} INFO - Processing /opt/airflow/dags/ingest_matches_dag.py took 0.080 seconds
[2026-06-10T19:00:19.362+0000] {processor.py:161} INFO - Started process (PID=191) to work on /opt/airflow/dags/ingest_matches_dag.py
[2026-06-10T19:00:19.364+0000] {processor.py:830} INFO - Processing file /opt/airflow/dags/ingest_matches_dag.py for tasks to queue
[2026-06-10T19:00:19.365+0000] {logging_mixin.py:188} INFO - [2026-06-10T19:00:19.365+0000] {dagbag.py:538} INFO - Filling up the DagBag from /opt/airflow/dags/ingest_matches_dag.py
[2026-06-10T19:00:19.377+0000] {processor.py:840} INFO - DAG(s) 'ingest_football_matches' retrieved from /opt/airflow/dags/ingest_matches_dag.py
[2026-06-10T19:00:19.556+0000] {logging_mixin.py:188} INFO - [2026-06-10T19:00:19.556+0000] {dag.py:3036} INFO - Sync 1 DAGs
[2026-06-10T19:00:19.582+0000] {logging_mixin.py:188} INFO - [2026-06-10T19:00:19.581+0000] {dag.py:3823} INFO - Setting next_dagrun for ingest_football_matches to 2026-06-09 06:00:00+00:00, run_after=2026-06-10 06:00:00+00:00
[2026-06-10T19:00:19.606+0000] {processor.py:183} INFO - Processing /opt/airflow/dags/ingest_matches_dag.py took 0.247 seconds
[2026-06-10T19:00:49.894+0000] {processor.py:161} INFO - Started process (PID=196) to work on /opt/airflow/dags/ingest_matches_dag.py
[2026-06-10T19:00:49.895+0000] {processor.py:830} INFO - Processing file /opt/airflow/dags/ingest_matches_dag.py for tasks to queue
[2026-06-10T19:00:49.896+0000] {logging_mixin.py:188} INFO - [2026-06-10T19:00:49.896+0000] {dagbag.py:538} INFO - Filling up the DagBag from /opt/airflow/dags/ingest_matches_dag.py
[2026-06-10T19:00:49.907+0000] {processor.py:840} INFO - DAG(s) 'ingest_football_matches' retrieved from /opt/airflow/dags/ingest_matches_dag.py
[2026-06-10T19:00:49.936+0000] {logging_mixin.py:188} INFO - [2026-06-10T19:00:49.936+0000] {dag.py:3036} INFO - Sync 1 DAGs
[2026-06-10T19:00:49.956+0000] {logging_mixin.py:188} INFO - [2026-06-10T19:00:49.956+0000] {dag.py:3823} INFO - Setting next_dagrun for ingest_football_matches to 2026-06-09 06:00:00+00:00, run_after=2026-06-10 06:00:00+00:00
[2026-06-10T19:00:49.973+0000] {processor.py:183} INFO - Processing /opt/airflow/dags/ingest_matches_dag.py took 0.082 seconds
[2026-06-10T19:01:20.174+0000] {processor.py:161} INFO - Started process (PID=201) to work on /opt/airflow/dags/ingest_matches_dag.py
[2026-06-10T19:01:20.175+0000] {processor.py:830} INFO - Processing file /opt/airflow/dags/ingest_matches_dag.py for tasks to queue
[2026-06-10T19:01:20.176+0000] {logging_mixin.py:188} INFO - [2026-06-10T19:01:20.176+0000] {dagbag.py:538} INFO - Filling up the DagBag from /opt/airflow/dags/ingest_matches_dag.py
[2026-06-10T19:01:20.187+0000] {processor.py:840} INFO - DAG(s) 'ingest_football_matches' retrieved from /opt/airflow/dags/ingest_matches_dag.py
[2026-06-10T19:01:20.217+0000] {logging_mixin.py:188} INFO - [2026-06-10T19:01:20.217+0000] {dag.py:3036} INFO - Sync 1 DAGs
[2026-06-10T19:01:20.237+0000] {logging_mixin.py:188} INFO - [2026-06-10T19:01:20.236+0000] {dag.py:3823} INFO - Setting next_dagrun for ingest_football_matches to 2026-06-09 06:00:00+00:00, run_after=2026-06-10 06:00:00+00:00
[2026-06-10T19:01:20.253+0000] {processor.py:183} INFO - Processing /opt/airflow/dags/ingest_matches_dag.py took 0.083 seconds
[2026-06-10T19:01:50.505+0000] {processor.py:161} INFO - Started process (PID=206) to work on /opt/airflow/dags/ingest_matches_dag.py
[2026-06-10T19:01:50.506+0000] {processor.py:830} INFO - Processing file /opt/airflow/dags/ingest_matches_dag.py for tasks to queue
[2026-06-10T19:01:50.507+0000] {logging_mixin.py:188} INFO - [2026-06-10T19:01:50.507+0000] {dagbag.py:538} INFO - Filling up the DagBag from /opt/airflow/dags/ingest_matches_dag.py
[2026-06-10T19:01:50.517+0000] {processor.py:840} INFO - DAG(s) 'ingest_football_matches' retrieved from /opt/airflow/dags/ingest_matches_dag.py
[2026-06-10T19:01:50.542+0000] {logging_mixin.py:188} INFO - [2026-06-10T19:01:50.542+0000] {dag.py:3036} INFO - Sync 1 DAGs
[2026-06-10T19:01:50.560+0000] {logging_mixin.py:188} INFO - [2026-06-10T19:01:50.560+0000] {dag.py:3823} INFO - Setting next_dagrun for ingest_football_matches to 2026-06-09 06:00:00+00:00, run_after=2026-06-10 06:00:00+00:00
[2026-06-10T19:01:50.576+0000] {processor.py:183} INFO - Processing /opt/airflow/dags/ingest_matches_dag.py took 0.075 seconds
[2026-06-10T19:02:20.827+0000] {processor.py:161} INFO - Started process (PID=211) to work on /opt/airflow/dags/ingest_matches_dag.py
[2026-06-10T19:02:20.829+0000] {processor.py:830} INFO - Processing file /opt/airflow/dags/ingest_matches_dag.py for tasks to queue
[2026-06-10T19:02:20.830+0000] {logging_mixin.py:188} INFO - [2026-06-10T19:02:20.830+0000] {dagbag.py:538} INFO - Filling up the DagBag from /opt/airflow/dags/ingest_matches_dag.py
[2026-06-10T19:02:20.843+0000] {processor.py:840} INFO - DAG(s) 'ingest_football_matches' retrieved from /opt/airflow/dags/ingest_matches_dag.py
[2026-06-10T19:02:20.871+0000] {logging_mixin.py:188} INFO - [2026-06-10T19:02:20.871+0000] {dag.py:3036} INFO - Sync 1 DAGs
[2026-06-10T19:02:20.891+0000] {logging_mixin.py:188} INFO - [2026-06-10T19:02:20.891+0000] {dag.py:3823} INFO - Setting next_dagrun for ingest_football_matches to 2026-06-09 06:00:00+00:00, run_after=2026-06-10 06:00:00+00:00
[2026-06-10T19:02:20.907+0000] {processor.py:183} INFO - Processing /opt/airflow/dags/ingest_matches_dag.py took 0.083 seconds
[2026-06-10T19:02:51.118+0000] {processor.py:161} INFO - Started process (PID=216) to work on /opt/airflow/dags/ingest_matches_dag.py
[2026-06-10T19:02:51.120+0000] {processor.py:830} INFO - Processing file /opt/airflow/dags/ingest_matches_dag.py for tasks to queue
[2026-06-10T19:02:51.121+0000] {logging_mixin.py:188} INFO - [2026-06-10T19:02:51.120+0000] {dagbag.py:538} INFO - Filling up the DagBag from /opt/airflow/dags/ingest_matches_dag.py
[2026-06-10T19:02:51.131+0000] {processor.py:840} INFO - DAG(s) 'ingest_football_matches' retrieved from /opt/airflow/dags/ingest_matches_dag.py
[2026-06-10T19:02:51.160+0000] {logging_mixin.py:188} INFO - [2026-06-10T19:02:51.160+0000] {dag.py:3036} INFO - Sync 1 DAGs
[2026-06-10T19:02:51.181+0000] {logging_mixin.py:188} INFO - [2026-06-10T19:02:51.180+0000] {dag.py:3823} INFO - Setting next_dagrun for ingest_football_matches to 2026-06-09 06:00:00+00:00, run_after=2026-06-10 06:00:00+00:00
[2026-06-10T19:02:51.196+0000] {processor.py:183} INFO - Processing /opt/airflow/dags/ingest_matches_dag.py took 0.082 seconds
[2026-06-10T19:03:21.382+0000] {processor.py:161} INFO - Started process (PID=221) to work on /opt/airflow/dags/ingest_matches_dag.py
[2026-06-10T19:03:21.384+0000] {processor.py:830} INFO - Processing file /opt/airflow/dags/ingest_matches_dag.py for tasks to queue
[2026-06-10T19:03:21.385+0000] {logging_mixin.py:188} INFO - [2026-06-10T19:03:21.385+0000] {dagbag.py:538} INFO - Filling up the DagBag from /opt/airflow/dags/ingest_matches_dag.py
[2026-06-10T19:03:21.397+0000] {processor.py:840} INFO - DAG(s) 'ingest_football_matches' retrieved from /opt/airflow/dags/ingest_matches_dag.py
[2026-06-10T19:03:21.427+0000] {logging_mixin.py:188} INFO - [2026-06-10T19:03:21.427+0000] {dag.py:3036} INFO - Sync 1 DAGs
[2026-06-10T19:03:21.450+0000] {logging_mixin.py:188} INFO - [2026-06-10T19:03:21.450+0000] {dag.py:3823} INFO - Setting next_dagrun for ingest_football_matches to 2026-06-09 06:00:00+00:00, run_after=2026-06-10 06:00:00+00:00
[2026-06-10T19:03:21.471+0000] {processor.py:183} INFO - Processing /opt/airflow/dags/ingest_matches_dag.py took 0.092 seconds
[2026-06-10T19:03:51.671+0000] {processor.py:161} INFO - Started process (PID=226) to work on /opt/airflow/dags/ingest_matches_dag.py
[2026-06-10T19:03:51.673+0000] {processor.py:830} INFO - Processing file /opt/airflow/dags/ingest_matches_dag.py for tasks to queue
[2026-06-10T19:03:51.674+0000] {logging_mixin.py:188} INFO - [2026-06-10T19:03:51.673+0000] {dagbag.py:538} INFO - Filling up the DagBag from /opt/airflow/dags/ingest_matches_dag.py
[2026-06-10T19:03:51.687+0000] {processor.py:840} INFO - DAG(s) 'ingest_football_matches' retrieved from /opt/airflow/dags/ingest_matches_dag.py
[2026-06-10T19:03:51.721+0000] {logging_mixin.py:188} INFO - [2026-06-10T19:03:51.720+0000] {dag.py:3036} INFO - Sync 1 DAGs
[2026-06-10T19:03:51.745+0000] {logging_mixin.py:188} INFO - [2026-06-10T19:03:51.745+0000] {dag.py:3823} INFO - Setting next_dagrun for ingest_football_matches to 2026-06-09 06:00:00+00:00, run_after=2026-06-10 06:00:00+00:00
[2026-06-10T19:03:51.767+0000] {processor.py:183} INFO - Processing /opt/airflow/dags/ingest_matches_dag.py took 0.100 seconds
[2026-06-10T19:04:22.001+0000] {processor.py:161} INFO - Started process (PID=231) to work on /opt/airflow/dags/ingest_matches_dag.py
[2026-06-10T19:04:22.005+0000] {processor.py:830} INFO - Processing file /opt/airflow/dags/ingest_matches_dag.py for tasks to queue
[2026-06-10T19:04:22.006+0000] {logging_mixin.py:188} INFO - [2026-06-10T19:04:22.006+0000] {dagbag.py:538} INFO - Filling up the DagBag from /opt/airflow/dags/ingest_matches_dag.py
[2026-06-10T19:04:22.017+0000] {processor.py:840} INFO - DAG(s) 'ingest_football_matches' retrieved from /opt/airflow/dags/ingest_matches_dag.py
[2026-06-10T19:04:22.045+0000] {logging_mixin.py:188} INFO - [2026-06-10T19:04:22.045+0000] {dag.py:3036} INFO - Sync 1 DAGs
[2026-06-10T19:04:22.067+0000] {logging_mixin.py:188} INFO - [2026-06-10T19:04:22.067+0000] {dag.py:3823} INFO - Setting next_dagrun for ingest_football_matches to 2026-06-09 06:00:00+00:00, run_after=2026-06-10 06:00:00+00:00
[2026-06-10T19:04:22.084+0000] {processor.py:183} INFO - Processing /opt/airflow/dags/ingest_matches_dag.py took 0.086 seconds
[2026-06-10T19:06:15.877+0000] {processor.py:161} INFO - Started process (PID=174) to work on /opt/airflow/dags/ingest_matches_dag.py
[2026-06-10T19:06:15.879+0000] {processor.py:830} INFO - Processing file /opt/airflow/dags/ingest_matches_dag.py for tasks to queue
[2026-06-10T19:06:15.880+0000] {logging_mixin.py:188} INFO - [2026-06-10T19:06:15.879+0000] {dagbag.py:538} INFO - Filling up the DagBag from /opt/airflow/dags/ingest_matches_dag.py
[2026-06-10T19:06:15.909+0000] {processor.py:840} INFO - DAG(s) 'ingest_football_matches' retrieved from /opt/airflow/dags/ingest_matches_dag.py
[2026-06-10T19:06:15.945+0000] {logging_mixin.py:188} INFO - [2026-06-10T19:06:15.945+0000] {dag.py:3036} INFO - Sync 1 DAGs
[2026-06-10T19:06:15.977+0000] {logging_mixin.py:188} INFO - [2026-06-10T19:06:15.976+0000] {dag.py:3823} INFO - Setting next_dagrun for ingest_football_matches to 2026-06-09 06:00:00+00:00, run_after=2026-06-10 06:00:00+00:00
[2026-06-10T19:06:15.998+0000] {processor.py:183} INFO - Processing /opt/airflow/dags/ingest_matches_dag.py took 0.125 seconds
[2026-06-10T19:06:46.225+0000] {processor.py:161} INFO - Started process (PID=180) to work on /opt/airflow/dags/ingest_matches_dag.py
[2026-06-10T19:06:46.236+0000] {processor.py:830} INFO - Processing file /opt/airflow/dags/ingest_matches_dag.py for tasks to queue
[2026-06-10T19:06:46.238+0000] {logging_mixin.py:188} INFO - [2026-06-10T19:06:46.238+0000] {dagbag.py:538} INFO - Filling up the DagBag from /opt/airflow/dags/ingest_matches_dag.py
[2026-06-10T19:06:46.277+0000] {processor.py:840} INFO - DAG(s) 'ingest_football_matches' retrieved from /opt/airflow/dags/ingest_matches_dag.py
[2026-06-10T19:06:46.863+0000] {logging_mixin.py:188} INFO - [2026-06-10T19:06:46.863+0000] {dag.py:3036} INFO - Sync 1 DAGs
[2026-06-10T19:06:46.887+0000] {logging_mixin.py:188} INFO - [2026-06-10T19:06:46.886+0000] {dag.py:3823} INFO - Setting next_dagrun for ingest_football_matches to 2026-06-09 06:00:00+00:00, run_after=2026-06-10 06:00:00+00:00
[2026-06-10T19:06:46.920+0000] {processor.py:183} INFO - Processing /opt/airflow/dags/ingest_matches_dag.py took 0.723 seconds
[2026-06-10T19:07:17.224+0000] {processor.py:161} INFO - Started process (PID=191) to work on /opt/airflow/dags/ingest_matches_dag.py
[2026-06-10T19:07:17.227+0000] {processor.py:830} INFO - Processing file /opt/airflow/dags/ingest_matches_dag.py for tasks to queue
[2026-06-10T19:07:17.229+0000] {logging_mixin.py:188} INFO - [2026-06-10T19:07:17.228+0000] {dagbag.py:538} INFO - Filling up the DagBag from /opt/airflow/dags/ingest_matches_dag.py
[2026-06-10T19:07:17.251+0000] {processor.py:840} INFO - DAG(s) 'ingest_football_matches' retrieved from /opt/airflow/dags/ingest_matches_dag.py
[2026-06-10T19:07:17.303+0000] {logging_mixin.py:188} INFO - [2026-06-10T19:07:17.302+0000] {dag.py:3036} INFO - Sync 1 DAGs
[2026-06-10T19:07:17.335+0000] {logging_mixin.py:188} INFO - [2026-06-10T19:07:17.335+0000] {dag.py:3823} INFO - Setting next_dagrun for ingest_football_matches to 2026-06-10 06:00:00+00:00, run_after=2026-06-11 06:00:00+00:00
[2026-06-10T19:07:17.359+0000] {processor.py:183} INFO - Processing /opt/airflow/dags/ingest_matches_dag.py took 0.141 seconds
[2026-06-10T19:07:47.573+0000] {processor.py:161} INFO - Started process (PID=196) to work on /opt/airflow/dags/ingest_matches_dag.py
[2026-06-10T19:07:47.575+0000] {processor.py:830} INFO - Processing file /opt/airflow/dags/ingest_matches_dag.py for tasks to queue
[2026-06-10T19:07:47.576+0000] {logging_mixin.py:188} INFO - [2026-06-10T19:07:47.575+0000] {dagbag.py:538} INFO - Filling up the DagBag from /opt/airflow/dags/ingest_matches_dag.py
[2026-06-10T19:07:47.595+0000] {processor.py:840} INFO - DAG(s) 'ingest_football_matches' retrieved from /opt/airflow/dags/ingest_matches_dag.py
[2026-06-10T19:07:47.629+0000] {logging_mixin.py:188} INFO - [2026-06-10T19:07:47.629+0000] {dag.py:3036} INFO - Sync 1 DAGs
[2026-06-10T19:07:47.653+0000] {logging_mixin.py:188} INFO - [2026-06-10T19:07:47.653+0000] {dag.py:3823} INFO - Setting next_dagrun for ingest_football_matches to 2026-06-10 06:00:00+00:00, run_after=2026-06-11 06:00:00+00:00
[2026-06-10T19:07:47.674+0000] {processor.py:183} INFO - Processing /opt/airflow/dags/ingest_matches_dag.py took 0.105 seconds
[2026-06-10T19:08:17.795+0000] {processor.py:161} INFO - Started process (PID=201) to work on /opt/airflow/dags/ingest_matches_dag.py
[2026-06-10T19:08:17.797+0000] {processor.py:830} INFO - Processing file /opt/airflow/dags/ingest_matches_dag.py for tasks to queue
[2026-06-10T19:08:17.798+0000] {logging_mixin.py:188} INFO - [2026-06-10T19:08:17.798+0000] {dagbag.py:538} INFO - Filling up the DagBag from /opt/airflow/dags/ingest_matches_dag.py
[2026-06-10T19:08:17.815+0000] {processor.py:840} INFO - DAG(s) 'ingest_football_matches' retrieved from /opt/airflow/dags/ingest_matches_dag.py
[2026-06-10T19:08:17.849+0000] {logging_mixin.py:188} INFO - [2026-06-10T19:08:17.849+0000] {dag.py:3036} INFO - Sync 1 DAGs
[2026-06-10T19:08:17.873+0000] {logging_mixin.py:188} INFO - [2026-06-10T19:08:17.873+0000] {dag.py:3823} INFO - Setting next_dagrun for ingest_football_matches to 2026-06-10 06:00:00+00:00, run_after=2026-06-11 06:00:00+00:00
[2026-06-10T19:08:17.893+0000] {processor.py:183} INFO - Processing /opt/airflow/dags/ingest_matches_dag.py took 0.102 seconds
[2026-06-10T19:08:37.911+0000] {processor.py:161} INFO - Started process (PID=174) to work on /opt/airflow/dags/ingest_matches_dag.py
[2026-06-10T19:08:37.912+0000] {processor.py:830} INFO - Processing file /opt/airflow/dags/ingest_matches_dag.py for tasks to queue
[2026-06-10T19:08:37.913+0000] {logging_mixin.py:188} INFO - [2026-06-10T19:08:37.912+0000] {dagbag.py:538} INFO - Filling up the DagBag from /opt/airflow/dags/ingest_matches_dag.py
[2026-06-10T19:08:37.923+0000] {processor.py:840} INFO - DAG(s) 'ingest_football_matches' retrieved from /opt/airflow/dags/ingest_matches_dag.py
[2026-06-10T19:08:37.964+0000] {logging_mixin.py:188} INFO - [2026-06-10T19:08:37.964+0000] {dag.py:3036} INFO - Sync 1 DAGs
[2026-06-10T19:08:37.985+0000] {logging_mixin.py:188} INFO - [2026-06-10T19:08:37.985+0000] {dag.py:3823} INFO - Setting next_dagrun for ingest_football_matches to 2026-06-10 06:00:00+00:00, run_after=2026-06-11 06:00:00+00:00
[2026-06-10T19:08:38.001+0000] {processor.py:183} INFO - Processing /opt/airflow/dags/ingest_matches_dag.py took 0.093 seconds
[2026-06-10T19:09:08.201+0000] {processor.py:161} INFO - Started process (PID=183) to work on /opt/airflow/dags/ingest_matches_dag.py
[2026-06-10T19:09:08.203+0000] {processor.py:830} INFO - Processing file /opt/airflow/dags/ingest_matches_dag.py for tasks to queue
[2026-06-10T19:09:08.204+0000] {logging_mixin.py:188} INFO - [2026-06-10T19:09:08.203+0000] {dagbag.py:538} INFO - Filling up the DagBag from /opt/airflow/dags/ingest_matches_dag.py
[2026-06-10T19:09:08.219+0000] {processor.py:840} INFO - DAG(s) 'ingest_football_matches' retrieved from /opt/airflow/dags/ingest_matches_dag.py
[2026-06-10T19:09:08.254+0000] {logging_mixin.py:188} INFO - [2026-06-10T19:09:08.254+0000] {dag.py:3036} INFO - Sync 1 DAGs
[2026-06-10T19:09:08.280+0000] {logging_mixin.py:188} INFO - [2026-06-10T19:09:08.280+0000] {dag.py:3823} INFO - Setting next_dagrun for ingest_football_matches to 2026-06-10 06:00:00+00:00, run_after=2026-06-11 06:00:00+00:00
[2026-06-10T19:09:08.300+0000] {processor.py:183} INFO - Processing /opt/airflow/dags/ingest_matches_dag.py took 0.104 seconds
[2026-06-10T19:09:38.530+0000] {processor.py:161} INFO - Started process (PID=193) to work on /opt/airflow/dags/ingest_matches_dag.py
[2026-06-10T19:09:38.535+0000] {processor.py:830} INFO - Processing file /opt/airflow/dags/ingest_matches_dag.py for tasks to queue
[2026-06-10T19:09:38.536+0000] {logging_mixin.py:188} INFO - [2026-06-10T19:09:38.536+0000] {dagbag.py:538} INFO - Filling up the DagBag from /opt/airflow/dags/ingest_matches_dag.py
[2026-06-10T19:09:38.548+0000] {processor.py:840} INFO - DAG(s) 'ingest_football_matches' retrieved from /opt/airflow/dags/ingest_matches_dag.py
[2026-06-10T19:09:38.591+0000] {logging_mixin.py:188} INFO - [2026-06-10T19:09:38.590+0000] {dag.py:3036} INFO - Sync 1 DAGs
[2026-06-10T19:09:38.622+0000] {logging_mixin.py:188} INFO - [2026-06-10T19:09:38.622+0000] {dag.py:3823} INFO - Setting next_dagrun for ingest_football_matches to 2026-06-10 06:00:00+00:00, run_after=2026-06-11 06:00:00+00:00
[2026-06-10T19:09:38.648+0000] {processor.py:183} INFO - Processing /opt/airflow/dags/ingest_matches_dag.py took 0.122 seconds
[2026-06-10T19:10:08.849+0000] {processor.py:161} INFO - Started process (PID=198) to work on /opt/airflow/dags/ingest_matches_dag.py
[2026-06-10T19:10:08.851+0000] {processor.py:830} INFO - Processing file /opt/airflow/dags/ingest_matches_dag.py for tasks to queue
[2026-06-10T19:10:08.852+0000] {logging_mixin.py:188} INFO - [2026-06-10T19:10:08.851+0000] {dagbag.py:538} INFO - Filling up the DagBag from /opt/airflow/dags/ingest_matches_dag.py
[2026-06-10T19:10:08.866+0000] {processor.py:840} INFO - DAG(s) 'ingest_football_matches' retrieved from /opt/airflow/dags/ingest_matches_dag.py
[2026-06-10T19:10:08.901+0000] {logging_mixin.py:188} INFO - [2026-06-10T19:10:08.900+0000] {dag.py:3036} INFO - Sync 1 DAGs
[2026-06-10T19:10:08.926+0000] {logging_mixin.py:188} INFO - [2026-06-10T19:10:08.925+0000] {dag.py:3823} INFO - Setting next_dagrun for ingest_football_matches to 2026-06-10 06:00:00+00:00, run_after=2026-06-11 06:00:00+00:00
[2026-06-10T19:10:08.946+0000] {processor.py:183} INFO - Processing /opt/airflow/dags/ingest_matches_dag.py took 0.101 seconds
[2026-06-10T19:10:31.110+0000] {processor.py:161} INFO - Started process (PID=203) to work on /opt/airflow/dags/ingest_matches_dag.py
[2026-06-10T19:10:31.112+0000] {processor.py:830} INFO - Processing file /opt/airflow/dags/ingest_matches_dag.py for tasks to queue
[2026-06-10T19:10:31.113+0000] {logging_mixin.py:188} INFO - [2026-06-10T19:10:31.112+0000] {dagbag.py:538} INFO - Filling up the DagBag from /opt/airflow/dags/ingest_matches_dag.py
[2026-06-10T19:10:31.118+0000] {logging_mixin.py:188} INFO - [2026-06-10T19:10:31.115+0000] {dagbag.py:348} ERROR - Failed to import: /opt/airflow/dags/ingest_matches_dag.py
Traceback (most recent call last):
  File "/home/airflow/.local/lib/python3.8/site-packages/airflow/models/dagbag.py", line 344, in parse
    loader.exec_module(new_module)
  File "<frozen importlib._bootstrap_external>", line 839, in exec_module
  File "<frozen importlib._bootstrap_external>", line 976, in get_code
  File "<frozen importlib._bootstrap_external>", line 906, in source_to_code
  File "<frozen importlib._bootstrap>", line 219, in _call_with_frames_removed
  File "/opt/airflow/dags/ingest_matches_dag.py", line 73
    from google.cloud import storage
    ^
IndentationError: expected an indented block
[2026-06-10T19:10:31.118+0000] {processor.py:842} WARNING - No viable dags retrieved from /opt/airflow/dags/ingest_matches_dag.py
[2026-06-10T19:10:31.160+0000] {processor.py:183} INFO - Processing /opt/airflow/dags/ingest_matches_dag.py took 0.055 seconds
[2026-06-10T19:10:35.213+0000] {processor.py:161} INFO - Started process (PID=208) to work on /opt/airflow/dags/ingest_matches_dag.py
[2026-06-10T19:10:35.218+0000] {processor.py:830} INFO - Processing file /opt/airflow/dags/ingest_matches_dag.py for tasks to queue
[2026-06-10T19:10:35.219+0000] {logging_mixin.py:188} INFO - [2026-06-10T19:10:35.218+0000] {dagbag.py:538} INFO - Filling up the DagBag from /opt/airflow/dags/ingest_matches_dag.py
[2026-06-10T19:10:35.277+0000] {processor.py:840} INFO - DAG(s) 'ingest_football_matches' retrieved from /opt/airflow/dags/ingest_matches_dag.py
[2026-06-10T19:10:35.357+0000] {logging_mixin.py:188} INFO - [2026-06-10T19:10:35.357+0000] {dag.py:3036} INFO - Sync 1 DAGs
[2026-06-10T19:10:35.406+0000] {logging_mixin.py:188} INFO - [2026-06-10T19:10:35.405+0000] {dag.py:3823} INFO - Setting next_dagrun for ingest_football_matches to 2026-06-10 06:00:00+00:00, run_after=2026-06-11 06:00:00+00:00
[2026-06-10T19:10:35.439+0000] {processor.py:183} INFO - Processing /opt/airflow/dags/ingest_matches_dag.py took 0.233 seconds
[2026-06-10T19:10:41.350+0000] {processor.py:161} INFO - Started process (PID=213) to work on /opt/airflow/dags/ingest_matches_dag.py
[2026-06-10T19:10:41.351+0000] {processor.py:830} INFO - Processing file /opt/airflow/dags/ingest_matches_dag.py for tasks to queue
[2026-06-10T19:10:41.352+0000] {logging_mixin.py:188} INFO - [2026-06-10T19:10:41.352+0000] {dagbag.py:538} INFO - Filling up the DagBag from /opt/airflow/dags/ingest_matches_dag.py
[2026-06-10T19:10:41.379+0000] {processor.py:840} INFO - DAG(s) 'ingest_football_matches' retrieved from /opt/airflow/dags/ingest_matches_dag.py
[2026-06-10T19:10:41.832+0000] {logging_mixin.py:188} INFO - [2026-06-10T19:10:41.832+0000] {dag.py:3036} INFO - Sync 1 DAGs
[2026-06-10T19:10:41.868+0000] {logging_mixin.py:188} INFO - [2026-06-10T19:10:41.867+0000] {dag.py:3823} INFO - Setting next_dagrun for ingest_football_matches to 2026-06-10 06:00:00+00:00, run_after=2026-06-11 06:00:00+00:00
[2026-06-10T19:10:41.905+0000] {processor.py:183} INFO - Processing /opt/airflow/dags/ingest_matches_dag.py took 0.562 seconds
[2026-06-10T19:10:53.892+0000] {processor.py:161} INFO - Started process (PID=174) to work on /opt/airflow/dags/ingest_matches_dag.py
[2026-06-10T19:10:53.893+0000] {processor.py:830} INFO - Processing file /opt/airflow/dags/ingest_matches_dag.py for tasks to queue
[2026-06-10T19:10:53.894+0000] {logging_mixin.py:188} INFO - [2026-06-10T19:10:53.894+0000] {dagbag.py:538} INFO - Filling up the DagBag from /opt/airflow/dags/ingest_matches_dag.py
[2026-06-10T19:10:53.906+0000] {processor.py:840} INFO - DAG(s) 'ingest_football_matches' retrieved from /opt/airflow/dags/ingest_matches_dag.py
[2026-06-10T19:10:53.940+0000] {logging_mixin.py:188} INFO - [2026-06-10T19:10:53.939+0000] {dag.py:3036} INFO - Sync 1 DAGs
[2026-06-10T19:10:53.965+0000] {logging_mixin.py:188} INFO - [2026-06-10T19:10:53.965+0000] {dag.py:3823} INFO - Setting next_dagrun for ingest_football_matches to 2026-06-10 06:00:00+00:00, run_after=2026-06-11 06:00:00+00:00
[2026-06-10T19:10:53.986+0000] {processor.py:183} INFO - Processing /opt/airflow/dags/ingest_matches_dag.py took 0.098 seconds
[2026-06-10T19:11:24.155+0000] {processor.py:161} INFO - Started process (PID=180) to work on /opt/airflow/dags/ingest_matches_dag.py
[2026-06-10T19:11:24.157+0000] {processor.py:830} INFO - Processing file /opt/airflow/dags/ingest_matches_dag.py for tasks to queue
[2026-06-10T19:11:24.158+0000] {logging_mixin.py:188} INFO - [2026-06-10T19:11:24.157+0000] {dagbag.py:538} INFO - Filling up the DagBag from /opt/airflow/dags/ingest_matches_dag.py
[2026-06-10T19:11:24.169+0000] {processor.py:840} INFO - DAG(s) 'ingest_football_matches' retrieved from /opt/airflow/dags/ingest_matches_dag.py
[2026-06-10T19:11:24.193+0000] {logging_mixin.py:188} INFO - [2026-06-10T19:11:24.192+0000] {dag.py:3036} INFO - Sync 1 DAGs
[2026-06-10T19:11:24.218+0000] {logging_mixin.py:188} INFO - [2026-06-10T19:11:24.217+0000] {dag.py:3823} INFO - Setting next_dagrun for ingest_football_matches to 2026-06-10 06:00:00+00:00, run_after=2026-06-11 06:00:00+00:00
[2026-06-10T19:11:24.236+0000] {processor.py:183} INFO - Processing /opt/airflow/dags/ingest_matches_dag.py took 0.085 seconds
[2026-06-10T19:11:54.477+0000] {processor.py:161} INFO - Started process (PID=185) to work on /opt/airflow/dags/ingest_matches_dag.py
[2026-06-10T19:11:54.479+0000] {processor.py:830} INFO - Processing file /opt/airflow/dags/ingest_matches_dag.py for tasks to queue
[2026-06-10T19:11:54.479+0000] {logging_mixin.py:188} INFO - [2026-06-10T19:11:54.479+0000] {dagbag.py:538} INFO - Filling up the DagBag from /opt/airflow/dags/ingest_matches_dag.py
[2026-06-10T19:11:54.490+0000] {processor.py:840} INFO - DAG(s) 'ingest_football_matches' retrieved from /opt/airflow/dags/ingest_matches_dag.py
[2026-06-10T19:11:54.512+0000] {logging_mixin.py:188} INFO - [2026-06-10T19:11:54.511+0000] {dag.py:3036} INFO - Sync 1 DAGs
[2026-06-10T19:11:54.534+0000] {logging_mixin.py:188} INFO - [2026-06-10T19:11:54.534+0000] {dag.py:3823} INFO - Setting next_dagrun for ingest_football_matches to 2026-06-10 06:00:00+00:00, run_after=2026-06-11 06:00:00+00:00
[2026-06-10T19:11:54.550+0000] {processor.py:183} INFO - Processing /opt/airflow/dags/ingest_matches_dag.py took 0.076 seconds
[2026-06-10T19:12:24.756+0000] {processor.py:161} INFO - Started process (PID=190) to work on /opt/airflow/dags/ingest_matches_dag.py
[2026-06-10T19:12:24.758+0000] {processor.py:830} INFO - Processing file /opt/airflow/dags/ingest_matches_dag.py for tasks to queue
[2026-06-10T19:12:24.759+0000] {logging_mixin.py:188} INFO - [2026-06-10T19:12:24.758+0000] {dagbag.py:538} INFO - Filling up the DagBag from /opt/airflow/dags/ingest_matches_dag.py
[2026-06-10T19:12:24.769+0000] {processor.py:840} INFO - DAG(s) 'ingest_football_matches' retrieved from /opt/airflow/dags/ingest_matches_dag.py
[2026-06-10T19:12:24.791+0000] {logging_mixin.py:188} INFO - [2026-06-10T19:12:24.790+0000] {dag.py:3036} INFO - Sync 1 DAGs
[2026-06-10T19:12:24.812+0000] {logging_mixin.py:188} INFO - [2026-06-10T19:12:24.812+0000] {dag.py:3823} INFO - Setting next_dagrun for ingest_football_matches to 2026-06-10 06:00:00+00:00, run_after=2026-06-11 06:00:00+00:00
[2026-06-10T19:12:24.830+0000] {processor.py:183} INFO - Processing /opt/airflow/dags/ingest_matches_dag.py took 0.077 seconds
[2026-06-10T19:12:55.032+0000] {processor.py:161} INFO - Started process (PID=195) to work on /opt/airflow/dags/ingest_matches_dag.py
[2026-06-10T19:12:55.034+0000] {processor.py:830} INFO - Processing file /opt/airflow/dags/ingest_matches_dag.py for tasks to queue
[2026-06-10T19:12:55.035+0000] {logging_mixin.py:188} INFO - [2026-06-10T19:12:55.034+0000] {dagbag.py:538} INFO - Filling up the DagBag from /opt/airflow/dags/ingest_matches_dag.py
[2026-06-10T19:12:55.045+0000] {processor.py:840} INFO - DAG(s) 'ingest_football_matches' retrieved from /opt/airflow/dags/ingest_matches_dag.py
[2026-06-10T19:12:55.067+0000] {logging_mixin.py:188} INFO - [2026-06-10T19:12:55.066+0000] {dag.py:3036} INFO - Sync 1 DAGs
[2026-06-10T19:12:55.090+0000] {logging_mixin.py:188} INFO - [2026-06-10T19:12:55.089+0000] {dag.py:3823} INFO - Setting next_dagrun for ingest_football_matches to 2026-06-10 06:00:00+00:00, run_after=2026-06-11 06:00:00+00:00
[2026-06-10T19:12:55.108+0000] {processor.py:183} INFO - Processing /opt/airflow/dags/ingest_matches_dag.py took 0.079 seconds
[2026-06-10T19:13:25.322+0000] {processor.py:161} INFO - Started process (PID=200) to work on /opt/airflow/dags/ingest_matches_dag.py
[2026-06-10T19:13:25.324+0000] {processor.py:830} INFO - Processing file /opt/airflow/dags/ingest_matches_dag.py for tasks to queue
[2026-06-10T19:13:25.325+0000] {logging_mixin.py:188} INFO - [2026-06-10T19:13:25.325+0000] {dagbag.py:538} INFO - Filling up the DagBag from /opt/airflow/dags/ingest_matches_dag.py
[2026-06-10T19:13:25.335+0000] {processor.py:840} INFO - DAG(s) 'ingest_football_matches' retrieved from /opt/airflow/dags/ingest_matches_dag.py
[2026-06-10T19:13:25.355+0000] {logging_mixin.py:188} INFO - [2026-06-10T19:13:25.355+0000] {dag.py:3036} INFO - Sync 1 DAGs
[2026-06-10T19:13:25.377+0000] {logging_mixin.py:188} INFO - [2026-06-10T19:13:25.376+0000] {dag.py:3823} INFO - Setting next_dagrun for ingest_football_matches to 2026-06-10 06:00:00+00:00, run_after=2026-06-11 06:00:00+00:00
[2026-06-10T19:13:25.391+0000] {processor.py:183} INFO - Processing /opt/airflow/dags/ingest_matches_dag.py took 0.072 seconds
[2026-06-10T19:13:55.624+0000] {processor.py:161} INFO - Started process (PID=205) to work on /opt/airflow/dags/ingest_matches_dag.py
[2026-06-10T19:13:55.626+0000] {processor.py:830} INFO - Processing file /opt/airflow/dags/ingest_matches_dag.py for tasks to queue
[2026-06-10T19:13:55.627+0000] {logging_mixin.py:188} INFO - [2026-06-10T19:13:55.627+0000] {dagbag.py:538} INFO - Filling up the DagBag from /opt/airflow/dags/ingest_matches_dag.py
[2026-06-10T19:13:55.636+0000] {processor.py:840} INFO - DAG(s) 'ingest_football_matches' retrieved from /opt/airflow/dags/ingest_matches_dag.py
[2026-06-10T19:13:55.655+0000] {logging_mixin.py:188} INFO - [2026-06-10T19:13:55.655+0000] {dag.py:3036} INFO - Sync 1 DAGs
[2026-06-10T19:13:55.675+0000] {logging_mixin.py:188} INFO - [2026-06-10T19:13:55.674+0000] {dag.py:3823} INFO - Setting next_dagrun for ingest_football_matches to 2026-06-10 06:00:00+00:00, run_after=2026-06-11 06:00:00+00:00
[2026-06-10T19:13:55.692+0000] {processor.py:183} INFO - Processing /opt/airflow/dags/ingest_matches_dag.py took 0.071 seconds
[2026-06-10T19:14:25.871+0000] {processor.py:161} INFO - Started process (PID=210) to work on /opt/airflow/dags/ingest_matches_dag.py
[2026-06-10T19:14:25.873+0000] {processor.py:830} INFO - Processing file /opt/airflow/dags/ingest_matches_dag.py for tasks to queue
[2026-06-10T19:14:25.874+0000] {logging_mixin.py:188} INFO - [2026-06-10T19:14:25.874+0000] {dagbag.py:538} INFO - Filling up the DagBag from /opt/airflow/dags/ingest_matches_dag.py
[2026-06-10T19:14:25.886+0000] {processor.py:840} INFO - DAG(s) 'ingest_football_matches' retrieved from /opt/airflow/dags/ingest_matches_dag.py
[2026-06-10T19:14:25.909+0000] {logging_mixin.py:188} INFO - [2026-06-10T19:14:25.909+0000] {dag.py:3036} INFO - Sync 1 DAGs
[2026-06-10T19:14:25.935+0000] {logging_mixin.py:188} INFO - [2026-06-10T19:14:25.934+0000] {dag.py:3823} INFO - Setting next_dagrun for ingest_football_matches to 2026-06-10 06:00:00+00:00, run_after=2026-06-11 06:00:00+00:00
[2026-06-10T19:14:25.959+0000] {processor.py:183} INFO - Processing /opt/airflow/dags/ingest_matches_dag.py took 0.091 seconds
[2026-06-10T19:14:56.139+0000] {processor.py:161} INFO - Started process (PID=215) to work on /opt/airflow/dags/ingest_matches_dag.py
[2026-06-10T19:14:56.140+0000] {processor.py:830} INFO - Processing file /opt/airflow/dags/ingest_matches_dag.py for tasks to queue
[2026-06-10T19:14:56.141+0000] {logging_mixin.py:188} INFO - [2026-06-10T19:14:56.141+0000] {dagbag.py:538} INFO - Filling up the DagBag from /opt/airflow/dags/ingest_matches_dag.py
[2026-06-10T19:14:56.150+0000] {processor.py:840} INFO - DAG(s) 'ingest_football_matches' retrieved from /opt/airflow/dags/ingest_matches_dag.py
[2026-06-10T19:14:56.171+0000] {logging_mixin.py:188} INFO - [2026-06-10T19:14:56.171+0000] {dag.py:3036} INFO - Sync 1 DAGs
[2026-06-10T19:14:56.196+0000] {logging_mixin.py:188} INFO - [2026-06-10T19:14:56.196+0000] {dag.py:3823} INFO - Setting next_dagrun for ingest_football_matches to 2026-06-10 06:00:00+00:00, run_after=2026-06-11 06:00:00+00:00
[2026-06-10T19:14:56.212+0000] {processor.py:183} INFO - Processing /opt/airflow/dags/ingest_matches_dag.py took 0.077 seconds
[2026-06-10T19:15:26.403+0000] {processor.py:161} INFO - Started process (PID=220) to work on /opt/airflow/dags/ingest_matches_dag.py
[2026-06-10T19:15:26.405+0000] {processor.py:830} INFO - Processing file /opt/airflow/dags/ingest_matches_dag.py for tasks to queue
[2026-06-10T19:15:26.406+0000] {logging_mixin.py:188} INFO - [2026-06-10T19:15:26.405+0000] {dagbag.py:538} INFO - Filling up the DagBag from /opt/airflow/dags/ingest_matches_dag.py
[2026-06-10T19:15:26.419+0000] {processor.py:840} INFO - DAG(s) 'ingest_football_matches' retrieved from /opt/airflow/dags/ingest_matches_dag.py
[2026-06-10T19:15:26.446+0000] {logging_mixin.py:188} INFO - [2026-06-10T19:15:26.446+0000] {dag.py:3036} INFO - Sync 1 DAGs
[2026-06-10T19:15:26.475+0000] {logging_mixin.py:188} INFO - [2026-06-10T19:15:26.475+0000] {dag.py:3823} INFO - Setting next_dagrun for ingest_football_matches to 2026-06-10 06:00:00+00:00, run_after=2026-06-11 06:00:00+00:00
[2026-06-10T19:15:26.499+0000] {processor.py:183} INFO - Processing /opt/airflow/dags/ingest_matches_dag.py took 0.100 seconds
[2026-06-10T19:15:56.689+0000] {processor.py:161} INFO - Started process (PID=225) to work on /opt/airflow/dags/ingest_matches_dag.py
[2026-06-10T19:15:56.691+0000] {processor.py:830} INFO - Processing file /opt/airflow/dags/ingest_matches_dag.py for tasks to queue
[2026-06-10T19:15:56.692+0000] {logging_mixin.py:188} INFO - [2026-06-10T19:15:56.691+0000] {dagbag.py:538} INFO - Filling up the DagBag from /opt/airflow/dags/ingest_matches_dag.py
[2026-06-10T19:15:56.702+0000] {processor.py:840} INFO - DAG(s) 'ingest_football_matches' retrieved from /opt/airflow/dags/ingest_matches_dag.py
[2026-06-10T19:15:56.723+0000] {logging_mixin.py:188} INFO - [2026-06-10T19:15:56.723+0000] {dag.py:3036} INFO - Sync 1 DAGs
[2026-06-10T19:15:56.744+0000] {logging_mixin.py:188} INFO - [2026-06-10T19:15:56.744+0000] {dag.py:3823} INFO - Setting next_dagrun for ingest_football_matches to 2026-06-10 06:00:00+00:00, run_after=2026-06-11 06:00:00+00:00
[2026-06-10T19:15:56.763+0000] {processor.py:183} INFO - Processing /opt/airflow/dags/ingest_matches_dag.py took 0.077 seconds
[2026-06-10T19:16:26.988+0000] {processor.py:161} INFO - Started process (PID=230) to work on /opt/airflow/dags/ingest_matches_dag.py
[2026-06-10T19:16:26.990+0000] {processor.py:830} INFO - Processing file /opt/airflow/dags/ingest_matches_dag.py for tasks to queue
[2026-06-10T19:16:26.991+0000] {logging_mixin.py:188} INFO - [2026-06-10T19:16:26.990+0000] {dagbag.py:538} INFO - Filling up the DagBag from /opt/airflow/dags/ingest_matches_dag.py
[2026-06-10T19:16:27.001+0000] {processor.py:840} INFO - DAG(s) 'ingest_football_matches' retrieved from /opt/airflow/dags/ingest_matches_dag.py
[2026-06-10T19:16:27.021+0000] {logging_mixin.py:188} INFO - [2026-06-10T19:16:27.021+0000] {dag.py:3036} INFO - Sync 1 DAGs
[2026-06-10T19:16:27.042+0000] {logging_mixin.py:188} INFO - [2026-06-10T19:16:27.042+0000] {dag.py:3823} INFO - Setting next_dagrun for ingest_football_matches to 2026-06-10 06:00:00+00:00, run_after=2026-06-11 06:00:00+00:00
[2026-06-10T19:16:27.058+0000] {processor.py:183} INFO - Processing /opt/airflow/dags/ingest_matches_dag.py took 0.073 seconds
[2026-06-10T19:16:57.249+0000] {processor.py:161} INFO - Started process (PID=235) to work on /opt/airflow/dags/ingest_matches_dag.py
[2026-06-10T19:16:57.250+0000] {processor.py:830} INFO - Processing file /opt/airflow/dags/ingest_matches_dag.py for tasks to queue
[2026-06-10T19:16:57.251+0000] {logging_mixin.py:188} INFO - [2026-06-10T19:16:57.251+0000] {dagbag.py:538} INFO - Filling up the DagBag from /opt/airflow/dags/ingest_matches_dag.py
[2026-06-10T19:16:57.263+0000] {processor.py:840} INFO - DAG(s) 'ingest_football_matches' retrieved from /opt/airflow/dags/ingest_matches_dag.py
[2026-06-10T19:16:57.286+0000] {logging_mixin.py:188} INFO - [2026-06-10T19:16:57.285+0000] {dag.py:3036} INFO - Sync 1 DAGs
[2026-06-10T19:16:57.309+0000] {logging_mixin.py:188} INFO - [2026-06-10T19:16:57.308+0000] {dag.py:3823} INFO - Setting next_dagrun for ingest_football_matches to 2026-06-10 06:00:00+00:00, run_after=2026-06-11 06:00:00+00:00
[2026-06-10T19:16:57.330+0000] {processor.py:183} INFO - Processing /opt/airflow/dags/ingest_matches_dag.py took 0.085 seconds
[2026-06-10T19:17:27.486+0000] {processor.py:161} INFO - Started process (PID=240) to work on /opt/airflow/dags/ingest_matches_dag.py
[2026-06-10T19:17:27.487+0000] {processor.py:830} INFO - Processing file /opt/airflow/dags/ingest_matches_dag.py for tasks to queue
[2026-06-10T19:17:27.488+0000] {logging_mixin.py:188} INFO - [2026-06-10T19:17:27.488+0000] {dagbag.py:538} INFO - Filling up the DagBag from /opt/airflow/dags/ingest_matches_dag.py
[2026-06-10T19:17:27.498+0000] {processor.py:840} INFO - DAG(s) 'ingest_football_matches' retrieved from /opt/airflow/dags/ingest_matches_dag.py
[2026-06-10T19:17:27.522+0000] {logging_mixin.py:188} INFO - [2026-06-10T19:17:27.521+0000] {dag.py:3036} INFO - Sync 1 DAGs
[2026-06-10T19:17:27.543+0000] {logging_mixin.py:188} INFO - [2026-06-10T19:17:27.543+0000] {dag.py:3823} INFO - Setting next_dagrun for ingest_football_matches to 2026-06-10 06:00:00+00:00, run_after=2026-06-11 06:00:00+00:00
[2026-06-10T19:17:27.560+0000] {processor.py:183} INFO - Processing /opt/airflow/dags/ingest_matches_dag.py took 0.077 seconds
[2026-06-10T19:17:57.845+0000] {processor.py:161} INFO - Started process (PID=245) to work on /opt/airflow/dags/ingest_matches_dag.py
[2026-06-10T19:17:57.846+0000] {processor.py:830} INFO - Processing file /opt/airflow/dags/ingest_matches_dag.py for tasks to queue
[2026-06-10T19:17:57.847+0000] {logging_mixin.py:188} INFO - [2026-06-10T19:17:57.847+0000] {dagbag.py:538} INFO - Filling up the DagBag from /opt/airflow/dags/ingest_matches_dag.py
[2026-06-10T19:17:57.858+0000] {processor.py:840} INFO - DAG(s) 'ingest_football_matches' retrieved from /opt/airflow/dags/ingest_matches_dag.py
[2026-06-10T19:17:57.881+0000] {logging_mixin.py:188} INFO - [2026-06-10T19:17:57.881+0000] {dag.py:3036} INFO - Sync 1 DAGs
[2026-06-10T19:17:57.904+0000] {logging_mixin.py:188} INFO - [2026-06-10T19:17:57.904+0000] {dag.py:3823} INFO - Setting next_dagrun for ingest_football_matches to 2026-06-10 06:00:00+00:00, run_after=2026-06-11 06:00:00+00:00
[2026-06-10T19:17:57.924+0000] {processor.py:183} INFO - Processing /opt/airflow/dags/ingest_matches_dag.py took 0.083 seconds
[2026-06-10T19:18:28.105+0000] {processor.py:161} INFO - Started process (PID=250) to work on /opt/airflow/dags/ingest_matches_dag.py
[2026-06-10T19:18:28.107+0000] {processor.py:830} INFO - Processing file /opt/airflow/dags/ingest_matches_dag.py for tasks to queue
[2026-06-10T19:18:28.107+0000] {logging_mixin.py:188} INFO - [2026-06-10T19:18:28.107+0000] {dagbag.py:538} INFO - Filling up the DagBag from /opt/airflow/dags/ingest_matches_dag.py
[2026-06-10T19:18:28.117+0000] {processor.py:840} INFO - DAG(s) 'ingest_football_matches' retrieved from /opt/airflow/dags/ingest_matches_dag.py
[2026-06-10T19:18:28.138+0000] {logging_mixin.py:188} INFO - [2026-06-10T19:18:28.138+0000] {dag.py:3036} INFO - Sync 1 DAGs
[2026-06-10T19:18:28.160+0000] {logging_mixin.py:188} INFO - [2026-06-10T19:18:28.160+0000] {dag.py:3823} INFO - Setting next_dagrun for ingest_football_matches to 2026-06-10 06:00:00+00:00, run_after=2026-06-11 06:00:00+00:00
[2026-06-10T19:18:28.178+0000] {processor.py:183} INFO - Processing /opt/airflow/dags/ingest_matches_dag.py took 0.079 seconds
[2026-06-10T19:18:58.375+0000] {processor.py:161} INFO - Started process (PID=255) to work on /opt/airflow/dags/ingest_matches_dag.py
[2026-06-10T19:18:58.379+0000] {processor.py:830} INFO - Processing file /opt/airflow/dags/ingest_matches_dag.py for tasks to queue
[2026-06-10T19:18:58.379+0000] {logging_mixin.py:188} INFO - [2026-06-10T19:18:58.379+0000] {dagbag.py:538} INFO - Filling up the DagBag from /opt/airflow/dags/ingest_matches_dag.py
[2026-06-10T19:18:58.391+0000] {processor.py:840} INFO - DAG(s) 'ingest_football_matches' retrieved from /opt/airflow/dags/ingest_matches_dag.py
[2026-06-10T19:18:58.501+0000] {logging_mixin.py:188} INFO - [2026-06-10T19:18:58.501+0000] {dag.py:3036} INFO - Sync 1 DAGs
[2026-06-10T19:18:58.521+0000] {logging_mixin.py:188} INFO - [2026-06-10T19:18:58.520+0000] {dag.py:3823} INFO - Setting next_dagrun for ingest_football_matches to 2026-06-10 06:00:00+00:00, run_after=2026-06-11 06:00:00+00:00
[2026-06-10T19:18:58.538+0000] {processor.py:183} INFO - Processing /opt/airflow/dags/ingest_matches_dag.py took 0.166 seconds
[2026-06-10T19:19:03.419+0000] {processor.py:161} INFO - Started process (PID=260) to work on /opt/airflow/dags/ingest_matches_dag.py
[2026-06-10T19:19:03.419+0000] {processor.py:830} INFO - Processing file /opt/airflow/dags/ingest_matches_dag.py for tasks to queue
[2026-06-10T19:19:03.420+0000] {logging_mixin.py:188} INFO - [2026-06-10T19:19:03.420+0000] {dagbag.py:538} INFO - Filling up the DagBag from /opt/airflow/dags/ingest_matches_dag.py
[2026-06-10T19:19:03.433+0000] {processor.py:840} INFO - DAG(s) 'ingest_football_matches' retrieved from /opt/airflow/dags/ingest_matches_dag.py
[2026-06-10T19:19:03.449+0000] {logging_mixin.py:188} INFO - [2026-06-10T19:19:03.448+0000] {dag.py:3036} INFO - Sync 1 DAGs
[2026-06-10T19:19:03.473+0000] {logging_mixin.py:188} INFO - [2026-06-10T19:19:03.473+0000] {dag.py:3823} INFO - Setting next_dagrun for ingest_football_matches to 2026-06-10 06:00:00+00:00, run_after=2026-06-11 06:00:00+00:00
[2026-06-10T19:19:03.493+0000] {processor.py:183} INFO - Processing /opt/airflow/dags/ingest_matches_dag.py took 0.078 seconds
[2026-06-10T19:19:10.466+0000] {processor.py:161} INFO - Started process (PID=265) to work on /opt/airflow/dags/ingest_matches_dag.py
[2026-06-10T19:19:10.467+0000] {processor.py:830} INFO - Processing file /opt/airflow/dags/ingest_matches_dag.py for tasks to queue
[2026-06-10T19:19:10.468+0000] {logging_mixin.py:188} INFO - [2026-06-10T19:19:10.467+0000] {dagbag.py:538} INFO - Filling up the DagBag from /opt/airflow/dags/ingest_matches_dag.py
[2026-06-10T19:19:10.478+0000] {processor.py:840} INFO - DAG(s) 'ingest_football_matches' retrieved from /opt/airflow/dags/ingest_matches_dag.py
[2026-06-10T19:19:10.492+0000] {logging_mixin.py:188} INFO - [2026-06-10T19:19:10.492+0000] {dag.py:3036} INFO - Sync 1 DAGs
[2026-06-10T19:19:10.516+0000] {logging_mixin.py:188} INFO - [2026-06-10T19:19:10.516+0000] {dag.py:3823} INFO - Setting next_dagrun for ingest_football_matches to 2026-06-10 06:00:00+00:00, run_after=2026-06-11 06:00:00+00:00
[2026-06-10T19:19:10.537+0000] {processor.py:183} INFO - Processing /opt/airflow/dags/ingest_matches_dag.py took 0.073 seconds
[2026-06-10T19:19:40.855+0000] {processor.py:161} INFO - Started process (PID=275) to work on /opt/airflow/dags/ingest_matches_dag.py
[2026-06-10T19:19:40.873+0000] {processor.py:830} INFO - Processing file /opt/airflow/dags/ingest_matches_dag.py for tasks to queue
[2026-06-10T19:19:40.875+0000] {logging_mixin.py:188} INFO - [2026-06-10T19:19:40.874+0000] {dagbag.py:538} INFO - Filling up the DagBag from /opt/airflow/dags/ingest_matches_dag.py
[2026-06-10T19:19:40.890+0000] {processor.py:840} INFO - DAG(s) 'ingest_football_matches' retrieved from /opt/airflow/dags/ingest_matches_dag.py
[2026-06-10T19:19:40.936+0000] {logging_mixin.py:188} INFO - [2026-06-10T19:19:40.935+0000] {dag.py:3036} INFO - Sync 1 DAGs
[2026-06-10T19:19:40.967+0000] {logging_mixin.py:188} INFO - [2026-06-10T19:19:40.966+0000] {dag.py:3823} INFO - Setting next_dagrun for ingest_football_matches to 2026-06-10 06:00:00+00:00, run_after=2026-06-11 06:00:00+00:00
[2026-06-10T19:19:40.992+0000] {processor.py:183} INFO - Processing /opt/airflow/dags/ingest_matches_dag.py took 0.140 seconds
[2026-06-10T19:20:11.070+0000] {processor.py:161} INFO - Started process (PID=280) to work on /opt/airflow/dags/ingest_matches_dag.py
[2026-06-10T19:20:11.072+0000] {processor.py:830} INFO - Processing file /opt/airflow/dags/ingest_matches_dag.py for tasks to queue
[2026-06-10T19:20:11.072+0000] {logging_mixin.py:188} INFO - [2026-06-10T19:20:11.072+0000] {dagbag.py:538} INFO - Filling up the DagBag from /opt/airflow/dags/ingest_matches_dag.py
[2026-06-10T19:20:11.083+0000] {processor.py:840} INFO - DAG(s) 'ingest_football_matches' retrieved from /opt/airflow/dags/ingest_matches_dag.py
[2026-06-10T19:20:11.110+0000] {logging_mixin.py:188} INFO - [2026-06-10T19:20:11.109+0000] {dag.py:3036} INFO - Sync 1 DAGs
[2026-06-10T19:20:11.130+0000] {logging_mixin.py:188} INFO - [2026-06-10T19:20:11.130+0000] {dag.py:3823} INFO - Setting next_dagrun for ingest_football_matches to 2026-06-10 06:00:00+00:00, run_after=2026-06-11 06:00:00+00:00
[2026-06-10T19:20:11.147+0000] {processor.py:183} INFO - Processing /opt/airflow/dags/ingest_matches_dag.py took 0.080 seconds
[2026-06-10T19:20:41.451+0000] {processor.py:161} INFO - Started process (PID=285) to work on /opt/airflow/dags/ingest_matches_dag.py
[2026-06-10T19:20:41.452+0000] {processor.py:830} INFO - Processing file /opt/airflow/dags/ingest_matches_dag.py for tasks to queue
[2026-06-10T19:20:41.453+0000] {logging_mixin.py:188} INFO - [2026-06-10T19:20:41.453+0000] {dagbag.py:538} INFO - Filling up the DagBag from /opt/airflow/dags/ingest_matches_dag.py
[2026-06-10T19:20:41.466+0000] {processor.py:840} INFO - DAG(s) 'ingest_football_matches' retrieved from /opt/airflow/dags/ingest_matches_dag.py
[2026-06-10T19:20:41.495+0000] {logging_mixin.py:188} INFO - [2026-06-10T19:20:41.495+0000] {dag.py:3036} INFO - Sync 1 DAGs
[2026-06-10T19:20:41.516+0000] {logging_mixin.py:188} INFO - [2026-06-10T19:20:41.516+0000] {dag.py:3823} INFO - Setting next_dagrun for ingest_football_matches to 2026-06-10 06:00:00+00:00, run_after=2026-06-11 06:00:00+00:00
[2026-06-10T19:20:41.534+0000] {processor.py:183} INFO - Processing /opt/airflow/dags/ingest_matches_dag.py took 0.086 seconds
[2026-06-10T19:21:11.705+0000] {processor.py:161} INFO - Started process (PID=290) to work on /opt/airflow/dags/ingest_matches_dag.py
[2026-06-10T19:21:11.706+0000] {processor.py:830} INFO - Processing file /opt/airflow/dags/ingest_matches_dag.py for tasks to queue
[2026-06-10T19:21:11.707+0000] {logging_mixin.py:188} INFO - [2026-06-10T19:21:11.706+0000] {dagbag.py:538} INFO - Filling up the DagBag from /opt/airflow/dags/ingest_matches_dag.py
[2026-06-10T19:21:11.717+0000] {processor.py:840} INFO - DAG(s) 'ingest_football_matches' retrieved from /opt/airflow/dags/ingest_matches_dag.py
[2026-06-10T19:21:11.744+0000] {logging_mixin.py:188} INFO - [2026-06-10T19:21:11.744+0000] {dag.py:3036} INFO - Sync 1 DAGs
[2026-06-10T19:21:11.766+0000] {logging_mixin.py:188} INFO - [2026-06-10T19:21:11.766+0000] {dag.py:3823} INFO - Setting next_dagrun for ingest_football_matches to 2026-06-10 06:00:00+00:00, run_after=2026-06-11 06:00:00+00:00
[2026-06-10T19:21:11.785+0000] {processor.py:183} INFO - Processing /opt/airflow/dags/ingest_matches_dag.py took 0.083 seconds
[2026-06-10T19:21:41.945+0000] {processor.py:161} INFO - Started process (PID=295) to work on /opt/airflow/dags/ingest_matches_dag.py
[2026-06-10T19:21:41.947+0000] {processor.py:830} INFO - Processing file /opt/airflow/dags/ingest_matches_dag.py for tasks to queue
[2026-06-10T19:21:41.947+0000] {logging_mixin.py:188} INFO - [2026-06-10T19:21:41.947+0000] {dagbag.py:538} INFO - Filling up the DagBag from /opt/airflow/dags/ingest_matches_dag.py
[2026-06-10T19:21:41.957+0000] {processor.py:840} INFO - DAG(s) 'ingest_football_matches' retrieved from /opt/airflow/dags/ingest_matches_dag.py
[2026-06-10T19:21:41.983+0000] {logging_mixin.py:188} INFO - [2026-06-10T19:21:41.983+0000] {dag.py:3036} INFO - Sync 1 DAGs
[2026-06-10T19:21:42.002+0000] {logging_mixin.py:188} INFO - [2026-06-10T19:21:42.002+0000] {dag.py:3823} INFO - Setting next_dagrun for ingest_football_matches to 2026-06-10 06:00:00+00:00, run_after=2026-06-11 06:00:00+00:00
[2026-06-10T19:21:42.017+0000] {processor.py:183} INFO - Processing /opt/airflow/dags/ingest_matches_dag.py took 0.076 seconds
[2026-06-10T19:22:12.249+0000] {processor.py:161} INFO - Started process (PID=300) to work on /opt/airflow/dags/ingest_matches_dag.py
[2026-06-10T19:22:12.251+0000] {processor.py:830} INFO - Processing file /opt/airflow/dags/ingest_matches_dag.py for tasks to queue
[2026-06-10T19:22:12.252+0000] {logging_mixin.py:188} INFO - [2026-06-10T19:22:12.252+0000] {dagbag.py:538} INFO - Filling up the DagBag from /opt/airflow/dags/ingest_matches_dag.py
[2026-06-10T19:22:12.262+0000] {processor.py:840} INFO - DAG(s) 'ingest_football_matches' retrieved from /opt/airflow/dags/ingest_matches_dag.py
[2026-06-10T19:22:12.287+0000] {logging_mixin.py:188} INFO - [2026-06-10T19:22:12.286+0000] {dag.py:3036} INFO - Sync 1 DAGs
[2026-06-10T19:22:12.305+0000] {logging_mixin.py:188} INFO - [2026-06-10T19:22:12.305+0000] {dag.py:3823} INFO - Setting next_dagrun for ingest_football_matches to 2026-06-10 06:00:00+00:00, run_after=2026-06-11 06:00:00+00:00
[2026-06-10T19:22:12.320+0000] {processor.py:183} INFO - Processing /opt/airflow/dags/ingest_matches_dag.py took 0.074 seconds
[2026-06-10T19:22:42.496+0000] {processor.py:161} INFO - Started process (PID=305) to work on /opt/airflow/dags/ingest_matches_dag.py
[2026-06-10T19:22:42.499+0000] {processor.py:830} INFO - Processing file /opt/airflow/dags/ingest_matches_dag.py for tasks to queue
[2026-06-10T19:22:42.500+0000] {logging_mixin.py:188} INFO - [2026-06-10T19:22:42.500+0000] {dagbag.py:538} INFO - Filling up the DagBag from /opt/airflow/dags/ingest_matches_dag.py
[2026-06-10T19:22:42.511+0000] {processor.py:840} INFO - DAG(s) 'ingest_football_matches' retrieved from /opt/airflow/dags/ingest_matches_dag.py
[2026-06-10T19:22:42.540+0000] {logging_mixin.py:188} INFO - [2026-06-10T19:22:42.540+0000] {dag.py:3036} INFO - Sync 1 DAGs
[2026-06-10T19:22:42.562+0000] {logging_mixin.py:188} INFO - [2026-06-10T19:22:42.561+0000] {dag.py:3823} INFO - Setting next_dagrun for ingest_football_matches to 2026-06-10 06:00:00+00:00, run_after=2026-06-11 06:00:00+00:00
[2026-06-10T19:22:42.578+0000] {processor.py:183} INFO - Processing /opt/airflow/dags/ingest_matches_dag.py took 0.086 seconds
[2026-06-10T19:23:12.812+0000] {processor.py:161} INFO - Started process (PID=310) to work on /opt/airflow/dags/ingest_matches_dag.py
[2026-06-10T19:23:12.814+0000] {processor.py:830} INFO - Processing file /opt/airflow/dags/ingest_matches_dag.py for tasks to queue
[2026-06-10T19:23:12.815+0000] {logging_mixin.py:188} INFO - [2026-06-10T19:23:12.814+0000] {dagbag.py:538} INFO - Filling up the DagBag from /opt/airflow/dags/ingest_matches_dag.py
[2026-06-10T19:23:12.825+0000] {processor.py:840} INFO - DAG(s) 'ingest_football_matches' retrieved from /opt/airflow/dags/ingest_matches_dag.py
[2026-06-10T19:23:12.854+0000] {logging_mixin.py:188} INFO - [2026-06-10T19:23:12.854+0000] {dag.py:3036} INFO - Sync 1 DAGs
[2026-06-10T19:23:12.877+0000] {logging_mixin.py:188} INFO - [2026-06-10T19:23:12.876+0000] {dag.py:3823} INFO - Setting next_dagrun for ingest_football_matches to 2026-06-10 06:00:00+00:00, run_after=2026-06-11 06:00:00+00:00
[2026-06-10T19:23:12.892+0000] {processor.py:183} INFO - Processing /opt/airflow/dags/ingest_matches_dag.py took 0.083 seconds
[2026-06-10T19:23:43.004+0000] {processor.py:161} INFO - Started process (PID=315) to work on /opt/airflow/dags/ingest_matches_dag.py
[2026-06-10T19:23:43.006+0000] {processor.py:830} INFO - Processing file /opt/airflow/dags/ingest_matches_dag.py for tasks to queue
[2026-06-10T19:23:43.007+0000] {logging_mixin.py:188} INFO - [2026-06-10T19:23:43.007+0000] {dagbag.py:538} INFO - Filling up the DagBag from /opt/airflow/dags/ingest_matches_dag.py
[2026-06-10T19:23:43.017+0000] {processor.py:840} INFO - DAG(s) 'ingest_football_matches' retrieved from /opt/airflow/dags/ingest_matches_dag.py
[2026-06-10T19:23:43.042+0000] {logging_mixin.py:188} INFO - [2026-06-10T19:23:43.042+0000] {dag.py:3036} INFO - Sync 1 DAGs
[2026-06-10T19:23:43.062+0000] {logging_mixin.py:188} INFO - [2026-06-10T19:23:43.062+0000] {dag.py:3823} INFO - Setting next_dagrun for ingest_football_matches to 2026-06-10 06:00:00+00:00, run_after=2026-06-11 06:00:00+00:00
[2026-06-10T19:23:43.077+0000] {processor.py:183} INFO - Processing /opt/airflow/dags/ingest_matches_dag.py took 0.076 seconds
[2026-06-10T19:24:13.232+0000] {processor.py:161} INFO - Started process (PID=320) to work on /opt/airflow/dags/ingest_matches_dag.py
[2026-06-10T19:24:13.234+0000] {processor.py:830} INFO - Processing file /opt/airflow/dags/ingest_matches_dag.py for tasks to queue
[2026-06-10T19:24:13.234+0000] {logging_mixin.py:188} INFO - [2026-06-10T19:24:13.234+0000] {dagbag.py:538} INFO - Filling up the DagBag from /opt/airflow/dags/ingest_matches_dag.py
[2026-06-10T19:24:13.243+0000] {processor.py:840} INFO - DAG(s) 'ingest_football_matches' retrieved from /opt/airflow/dags/ingest_matches_dag.py
[2026-06-10T19:24:13.271+0000] {logging_mixin.py:188} INFO - [2026-06-10T19:24:13.270+0000] {dag.py:3036} INFO - Sync 1 DAGs
[2026-06-10T19:24:13.291+0000] {logging_mixin.py:188} INFO - [2026-06-10T19:24:13.291+0000] {dag.py:3823} INFO - Setting next_dagrun for ingest_football_matches to 2026-06-10 06:00:00+00:00, run_after=2026-06-11 06:00:00+00:00
[2026-06-10T19:24:13.306+0000] {processor.py:183} INFO - Processing /opt/airflow/dags/ingest_matches_dag.py took 0.076 seconds
[2026-06-10T19:24:43.542+0000] {processor.py:161} INFO - Started process (PID=325) to work on /opt/airflow/dags/ingest_matches_dag.py
[2026-06-10T19:24:43.543+0000] {processor.py:830} INFO - Processing file /opt/airflow/dags/ingest_matches_dag.py for tasks to queue
[2026-06-10T19:24:43.544+0000] {logging_mixin.py:188} INFO - [2026-06-10T19:24:43.544+0000] {dagbag.py:538} INFO - Filling up the DagBag from /opt/airflow/dags/ingest_matches_dag.py
[2026-06-10T19:24:43.554+0000] {processor.py:840} INFO - DAG(s) 'ingest_football_matches' retrieved from /opt/airflow/dags/ingest_matches_dag.py
[2026-06-10T19:24:43.582+0000] {logging_mixin.py:188} INFO - [2026-06-10T19:24:43.582+0000] {dag.py:3036} INFO - Sync 1 DAGs
[2026-06-10T19:24:43.602+0000] {logging_mixin.py:188} INFO - [2026-06-10T19:24:43.602+0000] {dag.py:3823} INFO - Setting next_dagrun for ingest_football_matches to 2026-06-10 06:00:00+00:00, run_after=2026-06-11 06:00:00+00:00
[2026-06-10T19:24:43.618+0000] {processor.py:183} INFO - Processing /opt/airflow/dags/ingest_matches_dag.py took 0.080 seconds
[2026-06-10T19:25:13.884+0000] {processor.py:161} INFO - Started process (PID=330) to work on /opt/airflow/dags/ingest_matches_dag.py
[2026-06-10T19:25:13.885+0000] {processor.py:830} INFO - Processing file /opt/airflow/dags/ingest_matches_dag.py for tasks to queue
[2026-06-10T19:25:13.886+0000] {logging_mixin.py:188} INFO - [2026-06-10T19:25:13.886+0000] {dagbag.py:538} INFO - Filling up the DagBag from /opt/airflow/dags/ingest_matches_dag.py
[2026-06-10T19:25:13.897+0000] {processor.py:840} INFO - DAG(s) 'ingest_football_matches' retrieved from /opt/airflow/dags/ingest_matches_dag.py
[2026-06-10T19:25:13.924+0000] {logging_mixin.py:188} INFO - [2026-06-10T19:25:13.924+0000] {dag.py:3036} INFO - Sync 1 DAGs
[2026-06-10T19:25:13.945+0000] {logging_mixin.py:188} INFO - [2026-06-10T19:25:13.945+0000] {dag.py:3823} INFO - Setting next_dagrun for ingest_football_matches to 2026-06-10 06:00:00+00:00, run_after=2026-06-11 06:00:00+00:00
[2026-06-10T19:25:13.961+0000] {processor.py:183} INFO - Processing /opt/airflow/dags/ingest_matches_dag.py took 0.080 seconds
[2026-06-10T19:25:44.224+0000] {processor.py:161} INFO - Started process (PID=335) to work on /opt/airflow/dags/ingest_matches_dag.py
[2026-06-10T19:25:44.228+0000] {processor.py:830} INFO - Processing file /opt/airflow/dags/ingest_matches_dag.py for tasks to queue
[2026-06-10T19:25:44.230+0000] {logging_mixin.py:188} INFO - [2026-06-10T19:25:44.229+0000] {dagbag.py:538} INFO - Filling up the DagBag from /opt/airflow/dags/ingest_matches_dag.py
[2026-06-10T19:25:44.271+0000] {processor.py:840} INFO - DAG(s) 'ingest_football_matches' retrieved from /opt/airflow/dags/ingest_matches_dag.py
[2026-06-10T19:25:44.345+0000] {logging_mixin.py:188} INFO - [2026-06-10T19:25:44.344+0000] {dag.py:3036} INFO - Sync 1 DAGs
[2026-06-10T19:25:44.387+0000] {logging_mixin.py:188} INFO - [2026-06-10T19:25:44.387+0000] {dag.py:3823} INFO - Setting next_dagrun for ingest_football_matches to 2026-06-10 06:00:00+00:00, run_after=2026-06-11 06:00:00+00:00
[2026-06-10T19:25:44.413+0000] {processor.py:183} INFO - Processing /opt/airflow/dags/ingest_matches_dag.py took 0.201 seconds
[2026-06-10T19:26:14.621+0000] {processor.py:161} INFO - Started process (PID=340) to work on /opt/airflow/dags/ingest_matches_dag.py
[2026-06-10T19:26:14.623+0000] {processor.py:830} INFO - Processing file /opt/airflow/dags/ingest_matches_dag.py for tasks to queue
[2026-06-10T19:26:14.625+0000] {logging_mixin.py:188} INFO - [2026-06-10T19:26:14.625+0000] {dagbag.py:538} INFO - Filling up the DagBag from /opt/airflow/dags/ingest_matches_dag.py
[2026-06-10T19:26:14.665+0000] {processor.py:840} INFO - DAG(s) 'ingest_football_matches' retrieved from /opt/airflow/dags/ingest_matches_dag.py
[2026-06-10T19:26:14.740+0000] {logging_mixin.py:188} INFO - [2026-06-10T19:26:14.739+0000] {dag.py:3036} INFO - Sync 1 DAGs
[2026-06-10T19:26:14.783+0000] {logging_mixin.py:188} INFO - [2026-06-10T19:26:14.783+0000] {dag.py:3823} INFO - Setting next_dagrun for ingest_football_matches to 2026-06-10 06:00:00+00:00, run_after=2026-06-11 06:00:00+00:00
[2026-06-10T19:26:14.803+0000] {processor.py:183} INFO - Processing /opt/airflow/dags/ingest_matches_dag.py took 0.190 seconds
[2026-06-10T19:26:44.919+0000] {processor.py:161} INFO - Started process (PID=345) to work on /opt/airflow/dags/ingest_matches_dag.py
[2026-06-10T19:26:44.922+0000] {processor.py:830} INFO - Processing file /opt/airflow/dags/ingest_matches_dag.py for tasks to queue
[2026-06-10T19:26:44.924+0000] {logging_mixin.py:188} INFO - [2026-06-10T19:26:44.923+0000] {dagbag.py:538} INFO - Filling up the DagBag from /opt/airflow/dags/ingest_matches_dag.py
[2026-06-10T19:26:44.948+0000] {processor.py:840} INFO - DAG(s) 'ingest_football_matches' retrieved from /opt/airflow/dags/ingest_matches_dag.py
[2026-06-10T19:26:45.001+0000] {logging_mixin.py:188} INFO - [2026-06-10T19:26:45.000+0000] {dag.py:3036} INFO - Sync 1 DAGs
[2026-06-10T19:26:45.032+0000] {logging_mixin.py:188} INFO - [2026-06-10T19:26:45.032+0000] {dag.py:3823} INFO - Setting next_dagrun for ingest_football_matches to 2026-06-10 06:00:00+00:00, run_after=2026-06-11 06:00:00+00:00
[2026-06-10T19:26:45.055+0000] {processor.py:183} INFO - Processing /opt/airflow/dags/ingest_matches_dag.py took 0.143 seconds
[2026-06-10T19:27:15.200+0000] {processor.py:161} INFO - Started process (PID=350) to work on /opt/airflow/dags/ingest_matches_dag.py
[2026-06-10T19:27:15.202+0000] {processor.py:830} INFO - Processing file /opt/airflow/dags/ingest_matches_dag.py for tasks to queue
[2026-06-10T19:27:15.203+0000] {logging_mixin.py:188} INFO - [2026-06-10T19:27:15.203+0000] {dagbag.py:538} INFO - Filling up the DagBag from /opt/airflow/dags/ingest_matches_dag.py
[2026-06-10T19:27:15.213+0000] {processor.py:840} INFO - DAG(s) 'ingest_football_matches' retrieved from /opt/airflow/dags/ingest_matches_dag.py
[2026-06-10T19:27:15.238+0000] {logging_mixin.py:188} INFO - [2026-06-10T19:27:15.238+0000] {dag.py:3036} INFO - Sync 1 DAGs
[2026-06-10T19:27:15.259+0000] {logging_mixin.py:188} INFO - [2026-06-10T19:27:15.258+0000] {dag.py:3823} INFO - Setting next_dagrun for ingest_football_matches to 2026-06-10 06:00:00+00:00, run_after=2026-06-11 06:00:00+00:00
[2026-06-10T19:27:15.291+0000] {processor.py:183} INFO - Processing /opt/airflow/dags/ingest_matches_dag.py took 0.093 seconds
[2026-06-10T19:27:45.456+0000] {processor.py:161} INFO - Started process (PID=355) to work on /opt/airflow/dags/ingest_matches_dag.py
[2026-06-10T19:27:45.458+0000] {processor.py:830} INFO - Processing file /opt/airflow/dags/ingest_matches_dag.py for tasks to queue
[2026-06-10T19:27:45.459+0000] {logging_mixin.py:188} INFO - [2026-06-10T19:27:45.459+0000] {dagbag.py:538} INFO - Filling up the DagBag from /opt/airflow/dags/ingest_matches_dag.py
[2026-06-10T19:27:45.480+0000] {processor.py:840} INFO - DAG(s) 'ingest_football_matches' retrieved from /opt/airflow/dags/ingest_matches_dag.py
[2026-06-10T19:27:45.520+0000] {logging_mixin.py:188} INFO - [2026-06-10T19:27:45.520+0000] {dag.py:3036} INFO - Sync 1 DAGs
[2026-06-10T19:27:45.545+0000] {logging_mixin.py:188} INFO - [2026-06-10T19:27:45.544+0000] {dag.py:3823} INFO - Setting next_dagrun for ingest_football_matches to 2026-06-10 06:00:00+00:00, run_after=2026-06-11 06:00:00+00:00
[2026-06-10T19:27:45.564+0000] {processor.py:183} INFO - Processing /opt/airflow/dags/ingest_matches_dag.py took 0.112 seconds
[2026-06-10T19:28:03.585+0000] {processor.py:161} INFO - Started process (PID=360) to work on /opt/airflow/dags/ingest_matches_dag.py
[2026-06-10T19:28:03.587+0000] {processor.py:830} INFO - Processing file /opt/airflow/dags/ingest_matches_dag.py for tasks to queue
[2026-06-10T19:28:03.588+0000] {logging_mixin.py:188} INFO - [2026-06-10T19:28:03.588+0000] {dagbag.py:538} INFO - Filling up the DagBag from /opt/airflow/dags/ingest_matches_dag.py
[2026-06-10T19:28:03.591+0000] {logging_mixin.py:188} INFO - [2026-06-10T19:28:03.590+0000] {dagbag.py:348} ERROR - Failed to import: /opt/airflow/dags/ingest_matches_dag.py
Traceback (most recent call last):
  File "/home/airflow/.local/lib/python3.8/site-packages/airflow/models/dagbag.py", line 344, in parse
    loader.exec_module(new_module)
  File "<frozen importlib._bootstrap_external>", line 839, in exec_module
  File "<frozen importlib._bootstrap_external>", line 976, in get_code
  File "<frozen importlib._bootstrap_external>", line 906, in source_to_code
  File "<frozen importlib._bootstrap>", line 219, in _call_with_frames_removed
  File "/opt/airflow/dags/ingest_matches_dag.py", line 33
    api_key = Variable.get("football_api_key")
    ^
IndentationError: expected an indented block
[2026-06-10T19:28:03.592+0000] {processor.py:842} WARNING - No viable dags retrieved from /opt/airflow/dags/ingest_matches_dag.py
[2026-06-10T19:28:03.614+0000] {processor.py:183} INFO - Processing /opt/airflow/dags/ingest_matches_dag.py took 0.031 seconds
[2026-06-10T19:28:07.650+0000] {processor.py:161} INFO - Started process (PID=365) to work on /opt/airflow/dags/ingest_matches_dag.py
[2026-06-10T19:28:07.651+0000] {processor.py:830} INFO - Processing file /opt/airflow/dags/ingest_matches_dag.py for tasks to queue
[2026-06-10T19:28:07.652+0000] {logging_mixin.py:188} INFO - [2026-06-10T19:28:07.652+0000] {dagbag.py:538} INFO - Filling up the DagBag from /opt/airflow/dags/ingest_matches_dag.py
[2026-06-10T19:28:07.664+0000] {processor.py:840} INFO - DAG(s) 'ingest_football_matches' retrieved from /opt/airflow/dags/ingest_matches_dag.py
[2026-06-10T19:28:07.693+0000] {logging_mixin.py:188} INFO - [2026-06-10T19:28:07.693+0000] {dag.py:3036} INFO - Sync 1 DAGs
[2026-06-10T19:28:07.715+0000] {logging_mixin.py:188} INFO - [2026-06-10T19:28:07.715+0000] {dag.py:3823} INFO - Setting next_dagrun for ingest_football_matches to 2026-06-10 06:00:00+00:00, run_after=2026-06-11 06:00:00+00:00
[2026-06-10T19:28:07.736+0000] {processor.py:183} INFO - Processing /opt/airflow/dags/ingest_matches_dag.py took 0.090 seconds
[2026-06-10T19:28:14.731+0000] {processor.py:161} INFO - Started process (PID=370) to work on /opt/airflow/dags/ingest_matches_dag.py
[2026-06-10T19:28:14.732+0000] {processor.py:830} INFO - Processing file /opt/airflow/dags/ingest_matches_dag.py for tasks to queue
[2026-06-10T19:28:14.733+0000] {logging_mixin.py:188} INFO - [2026-06-10T19:28:14.732+0000] {dagbag.py:538} INFO - Filling up the DagBag from /opt/airflow/dags/ingest_matches_dag.py
[2026-06-10T19:28:14.735+0000] {logging_mixin.py:188} INFO - [2026-06-10T19:28:14.734+0000] {dagbag.py:348} ERROR - Failed to import: /opt/airflow/dags/ingest_matches_dag.py
Traceback (most recent call last):
  File "/home/airflow/.local/lib/python3.8/site-packages/airflow/models/dagbag.py", line 344, in parse
    loader.exec_module(new_module)
  File "<frozen importlib._bootstrap_external>", line 839, in exec_module
  File "<frozen importlib._bootstrap_external>", line 976, in get_code
  File "<frozen importlib._bootstrap_external>", line 906, in source_to_code
  File "<frozen importlib._bootstrap>", line 219, in _call_with_frames_removed
  File "/opt/airflow/dags/ingest_matches_dag.py", line 32
    def fetch_matches(**context) -> None:
    ^
IndentationError: expected an indented block
[2026-06-10T19:28:14.735+0000] {processor.py:842} WARNING - No viable dags retrieved from /opt/airflow/dags/ingest_matches_dag.py
[2026-06-10T19:28:14.759+0000] {processor.py:183} INFO - Processing /opt/airflow/dags/ingest_matches_dag.py took 0.031 seconds
[2026-06-10T19:28:20.779+0000] {processor.py:161} INFO - Started process (PID=375) to work on /opt/airflow/dags/ingest_matches_dag.py
[2026-06-10T19:28:20.780+0000] {processor.py:830} INFO - Processing file /opt/airflow/dags/ingest_matches_dag.py for tasks to queue
[2026-06-10T19:28:20.781+0000] {logging_mixin.py:188} INFO - [2026-06-10T19:28:20.781+0000] {dagbag.py:538} INFO - Filling up the DagBag from /opt/airflow/dags/ingest_matches_dag.py
[2026-06-10T19:28:20.793+0000] {processor.py:840} INFO - DAG(s) 'ingest_football_matches' retrieved from /opt/airflow/dags/ingest_matches_dag.py
[2026-06-10T19:28:20.821+0000] {logging_mixin.py:188} INFO - [2026-06-10T19:28:20.821+0000] {dag.py:3036} INFO - Sync 1 DAGs
[2026-06-10T19:28:20.844+0000] {logging_mixin.py:188} INFO - [2026-06-10T19:28:20.844+0000] {dag.py:3823} INFO - Setting next_dagrun for ingest_football_matches to 2026-06-10 06:00:00+00:00, run_after=2026-06-11 06:00:00+00:00
[2026-06-10T19:28:20.868+0000] {processor.py:183} INFO - Processing /opt/airflow/dags/ingest_matches_dag.py took 0.093 seconds
[2026-06-10T19:28:23.827+0000] {processor.py:161} INFO - Started process (PID=380) to work on /opt/airflow/dags/ingest_matches_dag.py
[2026-06-10T19:28:23.828+0000] {processor.py:830} INFO - Processing file /opt/airflow/dags/ingest_matches_dag.py for tasks to queue
[2026-06-10T19:28:23.828+0000] {logging_mixin.py:188} INFO - [2026-06-10T19:28:23.828+0000] {dagbag.py:538} INFO - Filling up the DagBag from /opt/airflow/dags/ingest_matches_dag.py
[2026-06-10T19:28:23.840+0000] {processor.py:840} INFO - DAG(s) 'ingest_football_matches' retrieved from /opt/airflow/dags/ingest_matches_dag.py
[2026-06-10T19:28:23.870+0000] {logging_mixin.py:188} INFO - [2026-06-10T19:28:23.869+0000] {dag.py:3036} INFO - Sync 1 DAGs
[2026-06-10T19:28:23.891+0000] {logging_mixin.py:188} INFO - [2026-06-10T19:28:23.891+0000] {dag.py:3823} INFO - Setting next_dagrun for ingest_football_matches to 2026-06-10 06:00:00+00:00, run_after=2026-06-11 06:00:00+00:00
[2026-06-10T19:28:23.909+0000] {processor.py:183} INFO - Processing /opt/airflow/dags/ingest_matches_dag.py took 0.086 seconds
[2026-06-10T19:28:54.144+0000] {processor.py:161} INFO - Started process (PID=390) to work on /opt/airflow/dags/ingest_matches_dag.py
[2026-06-10T19:28:54.148+0000] {processor.py:830} INFO - Processing file /opt/airflow/dags/ingest_matches_dag.py for tasks to queue
[2026-06-10T19:28:54.148+0000] {logging_mixin.py:188} INFO - [2026-06-10T19:28:54.148+0000] {dagbag.py:538} INFO - Filling up the DagBag from /opt/airflow/dags/ingest_matches_dag.py
[2026-06-10T19:28:54.158+0000] {processor.py:840} INFO - DAG(s) 'ingest_football_matches' retrieved from /opt/airflow/dags/ingest_matches_dag.py
[2026-06-10T19:28:54.183+0000] {logging_mixin.py:188} INFO - [2026-06-10T19:28:54.183+0000] {dag.py:3036} INFO - Sync 1 DAGs
[2026-06-10T19:28:54.202+0000] {logging_mixin.py:188} INFO - [2026-06-10T19:28:54.202+0000] {dag.py:3823} INFO - Setting next_dagrun for ingest_football_matches to 2026-06-10 06:00:00+00:00, run_after=2026-06-11 06:00:00+00:00
[2026-06-10T19:28:54.218+0000] {processor.py:183} INFO - Processing /opt/airflow/dags/ingest_matches_dag.py took 0.077 seconds
[2026-06-10T19:29:24.358+0000] {processor.py:161} INFO - Started process (PID=395) to work on /opt/airflow/dags/ingest_matches_dag.py
[2026-06-10T19:29:24.362+0000] {processor.py:830} INFO - Processing file /opt/airflow/dags/ingest_matches_dag.py for tasks to queue
[2026-06-10T19:29:24.363+0000] {logging_mixin.py:188} INFO - [2026-06-10T19:29:24.363+0000] {dagbag.py:538} INFO - Filling up the DagBag from /opt/airflow/dags/ingest_matches_dag.py
[2026-06-10T19:29:24.373+0000] {processor.py:840} INFO - DAG(s) 'ingest_football_matches' retrieved from /opt/airflow/dags/ingest_matches_dag.py
[2026-06-10T19:29:24.398+0000] {logging_mixin.py:188} INFO - [2026-06-10T19:29:24.397+0000] {dag.py:3036} INFO - Sync 1 DAGs
[2026-06-10T19:29:24.418+0000] {logging_mixin.py:188} INFO - [2026-06-10T19:29:24.418+0000] {dag.py:3823} INFO - Setting next_dagrun for ingest_football_matches to 2026-06-10 06:00:00+00:00, run_after=2026-06-11 06:00:00+00:00
[2026-06-10T19:29:24.435+0000] {processor.py:183} INFO - Processing /opt/airflow/dags/ingest_matches_dag.py took 0.079 seconds
[2026-06-10T19:29:54.580+0000] {processor.py:161} INFO - Started process (PID=400) to work on /opt/airflow/dags/ingest_matches_dag.py
[2026-06-10T19:29:54.582+0000] {processor.py:830} INFO - Processing file /opt/airflow/dags/ingest_matches_dag.py for tasks to queue
[2026-06-10T19:29:54.583+0000] {logging_mixin.py:188} INFO - [2026-06-10T19:29:54.583+0000] {dagbag.py:538} INFO - Filling up the DagBag from /opt/airflow/dags/ingest_matches_dag.py
[2026-06-10T19:29:54.593+0000] {processor.py:840} INFO - DAG(s) 'ingest_football_matches' retrieved from /opt/airflow/dags/ingest_matches_dag.py
[2026-06-10T19:29:54.619+0000] {logging_mixin.py:188} INFO - [2026-06-10T19:29:54.618+0000] {dag.py:3036} INFO - Sync 1 DAGs
[2026-06-10T19:29:54.638+0000] {logging_mixin.py:188} INFO - [2026-06-10T19:29:54.638+0000] {dag.py:3823} INFO - Setting next_dagrun for ingest_football_matches to 2026-06-10 06:00:00+00:00, run_after=2026-06-11 06:00:00+00:00
[2026-06-10T19:29:54.659+0000] {processor.py:183} INFO - Processing /opt/airflow/dags/ingest_matches_dag.py took 0.082 seconds
[2026-06-10T19:30:24.821+0000] {processor.py:161} INFO - Started process (PID=405) to work on /opt/airflow/dags/ingest_matches_dag.py
[2026-06-10T19:30:24.822+0000] {processor.py:830} INFO - Processing file /opt/airflow/dags/ingest_matches_dag.py for tasks to queue
[2026-06-10T19:30:24.823+0000] {logging_mixin.py:188} INFO - [2026-06-10T19:30:24.823+0000] {dagbag.py:538} INFO - Filling up the DagBag from /opt/airflow/dags/ingest_matches_dag.py
[2026-06-10T19:30:24.839+0000] {processor.py:840} INFO - DAG(s) 'ingest_football_matches' retrieved from /opt/airflow/dags/ingest_matches_dag.py
[2026-06-10T19:30:24.874+0000] {logging_mixin.py:188} INFO - [2026-06-10T19:30:24.874+0000] {dag.py:3036} INFO - Sync 1 DAGs
[2026-06-10T19:30:24.898+0000] {logging_mixin.py:188} INFO - [2026-06-10T19:30:24.897+0000] {dag.py:3823} INFO - Setting next_dagrun for ingest_football_matches to 2026-06-10 06:00:00+00:00, run_after=2026-06-11 06:00:00+00:00
[2026-06-10T19:30:24.914+0000] {processor.py:183} INFO - Processing /opt/airflow/dags/ingest_matches_dag.py took 0.096 seconds
[2026-06-10T19:30:55.214+0000] {processor.py:161} INFO - Started process (PID=410) to work on /opt/airflow/dags/ingest_matches_dag.py
[2026-06-10T19:30:55.216+0000] {processor.py:830} INFO - Processing file /opt/airflow/dags/ingest_matches_dag.py for tasks to queue
[2026-06-10T19:30:55.217+0000] {logging_mixin.py:188} INFO - [2026-06-10T19:30:55.217+0000] {dagbag.py:538} INFO - Filling up the DagBag from /opt/airflow/dags/ingest_matches_dag.py
[2026-06-10T19:30:55.227+0000] {processor.py:840} INFO - DAG(s) 'ingest_football_matches' retrieved from /opt/airflow/dags/ingest_matches_dag.py
[2026-06-10T19:30:55.257+0000] {logging_mixin.py:188} INFO - [2026-06-10T19:30:55.257+0000] {dag.py:3036} INFO - Sync 1 DAGs
[2026-06-10T19:30:55.279+0000] {logging_mixin.py:188} INFO - [2026-06-10T19:30:55.278+0000] {dag.py:3823} INFO - Setting next_dagrun for ingest_football_matches to 2026-06-10 06:00:00+00:00, run_after=2026-06-11 06:00:00+00:00
[2026-06-10T19:30:55.295+0000] {processor.py:183} INFO - Processing /opt/airflow/dags/ingest_matches_dag.py took 0.083 seconds
[2026-06-10T19:31:25.521+0000] {processor.py:161} INFO - Started process (PID=415) to work on /opt/airflow/dags/ingest_matches_dag.py
[2026-06-10T19:31:25.524+0000] {processor.py:830} INFO - Processing file /opt/airflow/dags/ingest_matches_dag.py for tasks to queue
[2026-06-10T19:31:25.524+0000] {logging_mixin.py:188} INFO - [2026-06-10T19:31:25.524+0000] {dagbag.py:538} INFO - Filling up the DagBag from /opt/airflow/dags/ingest_matches_dag.py
[2026-06-10T19:31:25.536+0000] {processor.py:840} INFO - DAG(s) 'ingest_football_matches' retrieved from /opt/airflow/dags/ingest_matches_dag.py
[2026-06-10T19:31:25.565+0000] {logging_mixin.py:188} INFO - [2026-06-10T19:31:25.565+0000] {dag.py:3036} INFO - Sync 1 DAGs
[2026-06-10T19:31:25.587+0000] {logging_mixin.py:188} INFO - [2026-06-10T19:31:25.587+0000] {dag.py:3823} INFO - Setting next_dagrun for ingest_football_matches to 2026-06-10 06:00:00+00:00, run_after=2026-06-11 06:00:00+00:00
[2026-06-10T19:31:25.607+0000] {processor.py:183} INFO - Processing /opt/airflow/dags/ingest_matches_dag.py took 0.088 seconds
[2026-06-10T19:31:55.723+0000] {processor.py:161} INFO - Started process (PID=420) to work on /opt/airflow/dags/ingest_matches_dag.py
[2026-06-10T19:31:55.727+0000] {processor.py:830} INFO - Processing file /opt/airflow/dags/ingest_matches_dag.py for tasks to queue
[2026-06-10T19:31:55.727+0000] {logging_mixin.py:188} INFO - [2026-06-10T19:31:55.727+0000] {dagbag.py:538} INFO - Filling up the DagBag from /opt/airflow/dags/ingest_matches_dag.py
[2026-06-10T19:31:55.739+0000] {processor.py:840} INFO - DAG(s) 'ingest_football_matches' retrieved from /opt/airflow/dags/ingest_matches_dag.py
[2026-06-10T19:31:55.775+0000] {logging_mixin.py:188} INFO - [2026-06-10T19:31:55.775+0000] {dag.py:3036} INFO - Sync 1 DAGs
[2026-06-10T19:31:55.802+0000] {logging_mixin.py:188} INFO - [2026-06-10T19:31:55.801+0000] {dag.py:3823} INFO - Setting next_dagrun for ingest_football_matches to 2026-06-10 06:00:00+00:00, run_after=2026-06-11 06:00:00+00:00
[2026-06-10T19:31:55.821+0000] {processor.py:183} INFO - Processing /opt/airflow/dags/ingest_matches_dag.py took 0.101 seconds
[2026-06-10T19:32:26.123+0000] {processor.py:161} INFO - Started process (PID=425) to work on /opt/airflow/dags/ingest_matches_dag.py
[2026-06-10T19:32:26.124+0000] {processor.py:830} INFO - Processing file /opt/airflow/dags/ingest_matches_dag.py for tasks to queue
[2026-06-10T19:32:26.125+0000] {logging_mixin.py:188} INFO - [2026-06-10T19:32:26.125+0000] {dagbag.py:538} INFO - Filling up the DagBag from /opt/airflow/dags/ingest_matches_dag.py
[2026-06-10T19:32:26.146+0000] {processor.py:840} INFO - DAG(s) 'ingest_football_matches' retrieved from /opt/airflow/dags/ingest_matches_dag.py
[2026-06-10T19:32:26.188+0000] {logging_mixin.py:188} INFO - [2026-06-10T19:32:26.188+0000] {dag.py:3036} INFO - Sync 1 DAGs
[2026-06-10T19:32:26.210+0000] {logging_mixin.py:188} INFO - [2026-06-10T19:32:26.210+0000] {dag.py:3823} INFO - Setting next_dagrun for ingest_football_matches to 2026-06-10 06:00:00+00:00, run_after=2026-06-11 06:00:00+00:00
[2026-06-10T19:32:26.226+0000] {processor.py:183} INFO - Processing /opt/airflow/dags/ingest_matches_dag.py took 0.106 seconds
[2026-06-10T19:32:56.580+0000] {processor.py:161} INFO - Started process (PID=430) to work on /opt/airflow/dags/ingest_matches_dag.py
[2026-06-10T19:32:56.582+0000] {processor.py:830} INFO - Processing file /opt/airflow/dags/ingest_matches_dag.py for tasks to queue
[2026-06-10T19:32:56.582+0000] {logging_mixin.py:188} INFO - [2026-06-10T19:32:56.582+0000] {dagbag.py:538} INFO - Filling up the DagBag from /opt/airflow/dags/ingest_matches_dag.py
[2026-06-10T19:32:56.594+0000] {processor.py:840} INFO - DAG(s) 'ingest_football_matches' retrieved from /opt/airflow/dags/ingest_matches_dag.py
[2026-06-10T19:32:56.622+0000] {logging_mixin.py:188} INFO - [2026-06-10T19:32:56.621+0000] {dag.py:3036} INFO - Sync 1 DAGs
[2026-06-10T19:32:56.643+0000] {logging_mixin.py:188} INFO - [2026-06-10T19:32:56.643+0000] {dag.py:3823} INFO - Setting next_dagrun for ingest_football_matches to 2026-06-10 06:00:00+00:00, run_after=2026-06-11 06:00:00+00:00
[2026-06-10T19:32:56.658+0000] {processor.py:183} INFO - Processing /opt/airflow/dags/ingest_matches_dag.py took 0.082 seconds
[2026-06-10T19:33:26.932+0000] {processor.py:161} INFO - Started process (PID=435) to work on /opt/airflow/dags/ingest_matches_dag.py
[2026-06-10T19:33:26.934+0000] {processor.py:830} INFO - Processing file /opt/airflow/dags/ingest_matches_dag.py for tasks to queue
[2026-06-10T19:33:26.935+0000] {logging_mixin.py:188} INFO - [2026-06-10T19:33:26.934+0000] {dagbag.py:538} INFO - Filling up the DagBag from /opt/airflow/dags/ingest_matches_dag.py
[2026-06-10T19:33:26.946+0000] {processor.py:840} INFO - DAG(s) 'ingest_football_matches' retrieved from /opt/airflow/dags/ingest_matches_dag.py
[2026-06-10T19:33:26.975+0000] {logging_mixin.py:188} INFO - [2026-06-10T19:33:26.975+0000] {dag.py:3036} INFO - Sync 1 DAGs
[2026-06-10T19:33:26.997+0000] {logging_mixin.py:188} INFO - [2026-06-10T19:33:26.996+0000] {dag.py:3823} INFO - Setting next_dagrun for ingest_football_matches to 2026-06-10 06:00:00+00:00, run_after=2026-06-11 06:00:00+00:00
[2026-06-10T19:33:27.012+0000] {processor.py:183} INFO - Processing /opt/airflow/dags/ingest_matches_dag.py took 0.084 seconds
[2026-06-10T19:33:57.294+0000] {processor.py:161} INFO - Started process (PID=440) to work on /opt/airflow/dags/ingest_matches_dag.py
[2026-06-10T19:33:57.296+0000] {processor.py:830} INFO - Processing file /opt/airflow/dags/ingest_matches_dag.py for tasks to queue
[2026-06-10T19:33:57.296+0000] {logging_mixin.py:188} INFO - [2026-06-10T19:33:57.296+0000] {dagbag.py:538} INFO - Filling up the DagBag from /opt/airflow/dags/ingest_matches_dag.py
[2026-06-10T19:33:57.308+0000] {processor.py:840} INFO - DAG(s) 'ingest_football_matches' retrieved from /opt/airflow/dags/ingest_matches_dag.py
[2026-06-10T19:33:57.336+0000] {logging_mixin.py:188} INFO - [2026-06-10T19:33:57.336+0000] {dag.py:3036} INFO - Sync 1 DAGs
[2026-06-10T19:33:57.357+0000] {logging_mixin.py:188} INFO - [2026-06-10T19:33:57.356+0000] {dag.py:3823} INFO - Setting next_dagrun for ingest_football_matches to 2026-06-10 06:00:00+00:00, run_after=2026-06-11 06:00:00+00:00
[2026-06-10T19:33:57.371+0000] {processor.py:183} INFO - Processing /opt/airflow/dags/ingest_matches_dag.py took 0.081 seconds
[2026-06-10T19:34:27.606+0000] {processor.py:161} INFO - Started process (PID=445) to work on /opt/airflow/dags/ingest_matches_dag.py
[2026-06-10T19:34:27.608+0000] {processor.py:830} INFO - Processing file /opt/airflow/dags/ingest_matches_dag.py for tasks to queue
[2026-06-10T19:34:27.609+0000] {logging_mixin.py:188} INFO - [2026-06-10T19:34:27.608+0000] {dagbag.py:538} INFO - Filling up the DagBag from /opt/airflow/dags/ingest_matches_dag.py
[2026-06-10T19:34:27.622+0000] {processor.py:840} INFO - DAG(s) 'ingest_football_matches' retrieved from /opt/airflow/dags/ingest_matches_dag.py
[2026-06-10T19:34:27.654+0000] {logging_mixin.py:188} INFO - [2026-06-10T19:34:27.654+0000] {dag.py:3036} INFO - Sync 1 DAGs
[2026-06-10T19:34:27.679+0000] {logging_mixin.py:188} INFO - [2026-06-10T19:34:27.679+0000] {dag.py:3823} INFO - Setting next_dagrun for ingest_football_matches to 2026-06-10 06:00:00+00:00, run_after=2026-06-11 06:00:00+00:00
[2026-06-10T19:34:27.699+0000] {processor.py:183} INFO - Processing /opt/airflow/dags/ingest_matches_dag.py took 0.096 seconds
[2026-06-10T19:34:57.829+0000] {processor.py:161} INFO - Started process (PID=450) to work on /opt/airflow/dags/ingest_matches_dag.py
[2026-06-10T19:34:57.831+0000] {processor.py:830} INFO - Processing file /opt/airflow/dags/ingest_matches_dag.py for tasks to queue
[2026-06-10T19:34:57.832+0000] {logging_mixin.py:188} INFO - [2026-06-10T19:34:57.832+0000] {dagbag.py:538} INFO - Filling up the DagBag from /opt/airflow/dags/ingest_matches_dag.py
[2026-06-10T19:34:57.849+0000] {processor.py:840} INFO - DAG(s) 'ingest_football_matches' retrieved from /opt/airflow/dags/ingest_matches_dag.py
[2026-06-10T19:34:57.894+0000] {logging_mixin.py:188} INFO - [2026-06-10T19:34:57.894+0000] {dag.py:3036} INFO - Sync 1 DAGs
[2026-06-10T19:34:57.921+0000] {logging_mixin.py:188} INFO - [2026-06-10T19:34:57.921+0000] {dag.py:3823} INFO - Setting next_dagrun for ingest_football_matches to 2026-06-10 06:00:00+00:00, run_after=2026-06-11 06:00:00+00:00
[2026-06-10T19:34:57.940+0000] {processor.py:183} INFO - Processing /opt/airflow/dags/ingest_matches_dag.py took 0.115 seconds
[2026-06-10T19:35:28.121+0000] {processor.py:161} INFO - Started process (PID=455) to work on /opt/airflow/dags/ingest_matches_dag.py
[2026-06-10T19:35:28.122+0000] {processor.py:830} INFO - Processing file /opt/airflow/dags/ingest_matches_dag.py for tasks to queue
[2026-06-10T19:35:28.123+0000] {logging_mixin.py:188} INFO - [2026-06-10T19:35:28.123+0000] {dagbag.py:538} INFO - Filling up the DagBag from /opt/airflow/dags/ingest_matches_dag.py
[2026-06-10T19:35:28.134+0000] {processor.py:840} INFO - DAG(s) 'ingest_football_matches' retrieved from /opt/airflow/dags/ingest_matches_dag.py
[2026-06-10T19:35:28.163+0000] {logging_mixin.py:188} INFO - [2026-06-10T19:35:28.162+0000] {dag.py:3036} INFO - Sync 1 DAGs
[2026-06-10T19:35:28.184+0000] {logging_mixin.py:188} INFO - [2026-06-10T19:35:28.184+0000] {dag.py:3823} INFO - Setting next_dagrun for ingest_football_matches to 2026-06-10 06:00:00+00:00, run_after=2026-06-11 06:00:00+00:00
[2026-06-10T19:35:28.200+0000] {processor.py:183} INFO - Processing /opt/airflow/dags/ingest_matches_dag.py took 0.082 seconds
[2026-06-10T19:35:58.348+0000] {processor.py:161} INFO - Started process (PID=460) to work on /opt/airflow/dags/ingest_matches_dag.py
[2026-06-10T19:35:58.349+0000] {processor.py:830} INFO - Processing file /opt/airflow/dags/ingest_matches_dag.py for tasks to queue
[2026-06-10T19:35:58.350+0000] {logging_mixin.py:188} INFO - [2026-06-10T19:35:58.350+0000] {dagbag.py:538} INFO - Filling up the DagBag from /opt/airflow/dags/ingest_matches_dag.py
[2026-06-10T19:35:58.360+0000] {processor.py:840} INFO - DAG(s) 'ingest_football_matches' retrieved from /opt/airflow/dags/ingest_matches_dag.py
[2026-06-10T19:35:58.386+0000] {logging_mixin.py:188} INFO - [2026-06-10T19:35:58.386+0000] {dag.py:3036} INFO - Sync 1 DAGs
[2026-06-10T19:35:58.405+0000] {logging_mixin.py:188} INFO - [2026-06-10T19:35:58.405+0000] {dag.py:3823} INFO - Setting next_dagrun for ingest_football_matches to 2026-06-10 06:00:00+00:00, run_after=2026-06-11 06:00:00+00:00
[2026-06-10T19:35:58.420+0000] {processor.py:183} INFO - Processing /opt/airflow/dags/ingest_matches_dag.py took 0.076 seconds
[2026-06-10T19:36:28.564+0000] {processor.py:161} INFO - Started process (PID=465) to work on /opt/airflow/dags/ingest_matches_dag.py
[2026-06-10T19:36:28.566+0000] {processor.py:830} INFO - Processing file /opt/airflow/dags/ingest_matches_dag.py for tasks to queue
[2026-06-10T19:36:28.566+0000] {logging_mixin.py:188} INFO - [2026-06-10T19:36:28.566+0000] {dagbag.py:538} INFO - Filling up the DagBag from /opt/airflow/dags/ingest_matches_dag.py
[2026-06-10T19:36:28.576+0000] {processor.py:840} INFO - DAG(s) 'ingest_football_matches' retrieved from /opt/airflow/dags/ingest_matches_dag.py
[2026-06-10T19:36:28.602+0000] {logging_mixin.py:188} INFO - [2026-06-10T19:36:28.601+0000] {dag.py:3036} INFO - Sync 1 DAGs
[2026-06-10T19:36:28.622+0000] {logging_mixin.py:188} INFO - [2026-06-10T19:36:28.622+0000] {dag.py:3823} INFO - Setting next_dagrun for ingest_football_matches to 2026-06-10 06:00:00+00:00, run_after=2026-06-11 06:00:00+00:00
[2026-06-10T19:36:28.638+0000] {processor.py:183} INFO - Processing /opt/airflow/dags/ingest_matches_dag.py took 0.077 seconds
[2026-06-10T19:36:58.756+0000] {processor.py:161} INFO - Started process (PID=470) to work on /opt/airflow/dags/ingest_matches_dag.py
[2026-06-10T19:36:58.758+0000] {processor.py:830} INFO - Processing file /opt/airflow/dags/ingest_matches_dag.py for tasks to queue
[2026-06-10T19:36:58.758+0000] {logging_mixin.py:188} INFO - [2026-06-10T19:36:58.758+0000] {dagbag.py:538} INFO - Filling up the DagBag from /opt/airflow/dags/ingest_matches_dag.py
[2026-06-10T19:36:58.771+0000] {processor.py:840} INFO - DAG(s) 'ingest_football_matches' retrieved from /opt/airflow/dags/ingest_matches_dag.py
[2026-06-10T19:36:58.801+0000] {logging_mixin.py:188} INFO - [2026-06-10T19:36:58.800+0000] {dag.py:3036} INFO - Sync 1 DAGs
[2026-06-10T19:36:58.821+0000] {logging_mixin.py:188} INFO - [2026-06-10T19:36:58.821+0000] {dag.py:3823} INFO - Setting next_dagrun for ingest_football_matches to 2026-06-10 06:00:00+00:00, run_after=2026-06-11 06:00:00+00:00
[2026-06-10T19:36:58.837+0000] {processor.py:183} INFO - Processing /opt/airflow/dags/ingest_matches_dag.py took 0.084 seconds
[2026-06-10T19:37:28.988+0000] {processor.py:161} INFO - Started process (PID=475) to work on /opt/airflow/dags/ingest_matches_dag.py
[2026-06-10T19:37:28.989+0000] {processor.py:830} INFO - Processing file /opt/airflow/dags/ingest_matches_dag.py for tasks to queue
[2026-06-10T19:37:28.990+0000] {logging_mixin.py:188} INFO - [2026-06-10T19:37:28.990+0000] {dagbag.py:538} INFO - Filling up the DagBag from /opt/airflow/dags/ingest_matches_dag.py
[2026-06-10T19:37:29.003+0000] {processor.py:840} INFO - DAG(s) 'ingest_football_matches' retrieved from /opt/airflow/dags/ingest_matches_dag.py
[2026-06-10T19:37:29.033+0000] {logging_mixin.py:188} INFO - [2026-06-10T19:37:29.033+0000] {dag.py:3036} INFO - Sync 1 DAGs
[2026-06-10T19:37:29.057+0000] {logging_mixin.py:188} INFO - [2026-06-10T19:37:29.057+0000] {dag.py:3823} INFO - Setting next_dagrun for ingest_football_matches to 2026-06-10 06:00:00+00:00, run_after=2026-06-11 06:00:00+00:00
[2026-06-10T19:37:29.075+0000] {processor.py:183} INFO - Processing /opt/airflow/dags/ingest_matches_dag.py took 0.090 seconds
[2026-06-10T19:37:59.183+0000] {processor.py:161} INFO - Started process (PID=480) to work on /opt/airflow/dags/ingest_matches_dag.py
[2026-06-10T19:37:59.184+0000] {processor.py:830} INFO - Processing file /opt/airflow/dags/ingest_matches_dag.py for tasks to queue
[2026-06-10T19:37:59.185+0000] {logging_mixin.py:188} INFO - [2026-06-10T19:37:59.185+0000] {dagbag.py:538} INFO - Filling up the DagBag from /opt/airflow/dags/ingest_matches_dag.py
[2026-06-10T19:37:59.195+0000] {processor.py:840} INFO - DAG(s) 'ingest_football_matches' retrieved from /opt/airflow/dags/ingest_matches_dag.py
[2026-06-10T19:37:59.221+0000] {logging_mixin.py:188} INFO - [2026-06-10T19:37:59.221+0000] {dag.py:3036} INFO - Sync 1 DAGs
[2026-06-10T19:37:59.241+0000] {logging_mixin.py:188} INFO - [2026-06-10T19:37:59.240+0000] {dag.py:3823} INFO - Setting next_dagrun for ingest_football_matches to 2026-06-10 06:00:00+00:00, run_after=2026-06-11 06:00:00+00:00
[2026-06-10T19:37:59.255+0000] {processor.py:183} INFO - Processing /opt/airflow/dags/ingest_matches_dag.py took 0.075 seconds
[2026-06-10T19:38:29.739+0000] {processor.py:161} INFO - Started process (PID=485) to work on /opt/airflow/dags/ingest_matches_dag.py
[2026-06-10T19:38:29.741+0000] {processor.py:830} INFO - Processing file /opt/airflow/dags/ingest_matches_dag.py for tasks to queue
[2026-06-10T19:38:29.741+0000] {logging_mixin.py:188} INFO - [2026-06-10T19:38:29.741+0000] {dagbag.py:538} INFO - Filling up the DagBag from /opt/airflow/dags/ingest_matches_dag.py
[2026-06-10T19:38:29.752+0000] {processor.py:840} INFO - DAG(s) 'ingest_football_matches' retrieved from /opt/airflow/dags/ingest_matches_dag.py
[2026-06-10T19:38:29.782+0000] {logging_mixin.py:188} INFO - [2026-06-10T19:38:29.782+0000] {dag.py:3036} INFO - Sync 1 DAGs
[2026-06-10T19:38:29.809+0000] {logging_mixin.py:188} INFO - [2026-06-10T19:38:29.808+0000] {dag.py:3823} INFO - Setting next_dagrun for ingest_football_matches to 2026-06-10 06:00:00+00:00, run_after=2026-06-11 06:00:00+00:00
[2026-06-10T19:38:29.831+0000] {processor.py:183} INFO - Processing /opt/airflow/dags/ingest_matches_dag.py took 0.095 seconds
[2026-06-10T19:39:00.221+0000] {processor.py:161} INFO - Started process (PID=490) to work on /opt/airflow/dags/ingest_matches_dag.py
[2026-06-10T19:39:00.222+0000] {processor.py:830} INFO - Processing file /opt/airflow/dags/ingest_matches_dag.py for tasks to queue
[2026-06-10T19:39:00.223+0000] {logging_mixin.py:188} INFO - [2026-06-10T19:39:00.223+0000] {dagbag.py:538} INFO - Filling up the DagBag from /opt/airflow/dags/ingest_matches_dag.py
[2026-06-10T19:39:00.234+0000] {processor.py:840} INFO - DAG(s) 'ingest_football_matches' retrieved from /opt/airflow/dags/ingest_matches_dag.py
[2026-06-10T19:39:00.263+0000] {logging_mixin.py:188} INFO - [2026-06-10T19:39:00.263+0000] {dag.py:3036} INFO - Sync 1 DAGs
[2026-06-10T19:39:00.285+0000] {logging_mixin.py:188} INFO - [2026-06-10T19:39:00.285+0000] {dag.py:3823} INFO - Setting next_dagrun for ingest_football_matches to 2026-06-10 06:00:00+00:00, run_after=2026-06-11 06:00:00+00:00
[2026-06-10T19:39:00.303+0000] {processor.py:183} INFO - Processing /opt/airflow/dags/ingest_matches_dag.py took 0.084 seconds
[2026-06-10T19:39:46.896+0000] {processor.py:161} INFO - Started process (PID=174) to work on /opt/airflow/dags/ingest_matches_dag.py
[2026-06-10T19:39:46.899+0000] {processor.py:830} INFO - Processing file /opt/airflow/dags/ingest_matches_dag.py for tasks to queue
[2026-06-10T19:39:46.900+0000] {logging_mixin.py:188} INFO - [2026-06-10T19:39:46.900+0000] {dagbag.py:538} INFO - Filling up the DagBag from /opt/airflow/dags/ingest_matches_dag.py
[2026-06-10T19:39:46.930+0000] {processor.py:840} INFO - DAG(s) 'ingest_football_matches' retrieved from /opt/airflow/dags/ingest_matches_dag.py
[2026-06-10T19:39:46.963+0000] {logging_mixin.py:188} INFO - [2026-06-10T19:39:46.963+0000] {dag.py:3036} INFO - Sync 1 DAGs
[2026-06-10T19:39:46.997+0000] {logging_mixin.py:188} INFO - [2026-06-10T19:39:46.997+0000] {dag.py:3823} INFO - Setting next_dagrun for ingest_football_matches to 2026-06-10 06:00:00+00:00, run_after=2026-06-11 06:00:00+00:00
[2026-06-10T19:39:47.021+0000] {processor.py:183} INFO - Processing /opt/airflow/dags/ingest_matches_dag.py took 0.129 seconds
[2026-06-10T19:40:17.164+0000] {processor.py:161} INFO - Started process (PID=180) to work on /opt/airflow/dags/ingest_matches_dag.py
[2026-06-10T19:40:17.166+0000] {processor.py:830} INFO - Processing file /opt/airflow/dags/ingest_matches_dag.py for tasks to queue
[2026-06-10T19:40:17.168+0000] {logging_mixin.py:188} INFO - [2026-06-10T19:40:17.167+0000] {dagbag.py:538} INFO - Filling up the DagBag from /opt/airflow/dags/ingest_matches_dag.py
[2026-06-10T19:40:17.197+0000] {processor.py:840} INFO - DAG(s) 'ingest_football_matches' retrieved from /opt/airflow/dags/ingest_matches_dag.py
[2026-06-10T19:40:17.425+0000] {logging_mixin.py:188} INFO - [2026-06-10T19:40:17.425+0000] {dag.py:3036} INFO - Sync 1 DAGs
[2026-06-10T19:40:17.451+0000] {logging_mixin.py:188} INFO - [2026-06-10T19:40:17.451+0000] {dag.py:3823} INFO - Setting next_dagrun for ingest_football_matches to 2026-06-10 06:00:00+00:00, run_after=2026-06-11 06:00:00+00:00
[2026-06-10T19:40:17.482+0000] {processor.py:183} INFO - Processing /opt/airflow/dags/ingest_matches_dag.py took 0.324 seconds
[2026-06-10T19:40:47.689+0000] {processor.py:161} INFO - Started process (PID=185) to work on /opt/airflow/dags/ingest_matches_dag.py
[2026-06-10T19:40:47.691+0000] {processor.py:830} INFO - Processing file /opt/airflow/dags/ingest_matches_dag.py for tasks to queue
[2026-06-10T19:40:47.692+0000] {logging_mixin.py:188} INFO - [2026-06-10T19:40:47.692+0000] {dagbag.py:538} INFO - Filling up the DagBag from /opt/airflow/dags/ingest_matches_dag.py
[2026-06-10T19:40:47.702+0000] {processor.py:840} INFO - DAG(s) 'ingest_football_matches' retrieved from /opt/airflow/dags/ingest_matches_dag.py
[2026-06-10T19:40:47.743+0000] {logging_mixin.py:188} INFO - [2026-06-10T19:40:47.743+0000] {dag.py:3036} INFO - Sync 1 DAGs
[2026-06-10T19:40:47.767+0000] {logging_mixin.py:188} INFO - [2026-06-10T19:40:47.767+0000] {dag.py:3823} INFO - Setting next_dagrun for ingest_football_matches to 2026-06-10 06:00:00+00:00, run_after=2026-06-11 06:00:00+00:00
[2026-06-10T19:40:47.787+0000] {processor.py:183} INFO - Processing /opt/airflow/dags/ingest_matches_dag.py took 0.101 seconds
[2026-06-10T19:41:17.853+0000] {processor.py:161} INFO - Started process (PID=190) to work on /opt/airflow/dags/ingest_matches_dag.py
[2026-06-10T19:41:17.855+0000] {processor.py:830} INFO - Processing file /opt/airflow/dags/ingest_matches_dag.py for tasks to queue
[2026-06-10T19:41:17.855+0000] {logging_mixin.py:188} INFO - [2026-06-10T19:41:17.855+0000] {dagbag.py:538} INFO - Filling up the DagBag from /opt/airflow/dags/ingest_matches_dag.py
[2026-06-10T19:41:17.870+0000] {processor.py:840} INFO - DAG(s) 'ingest_football_matches' retrieved from /opt/airflow/dags/ingest_matches_dag.py
[2026-06-10T19:41:17.904+0000] {logging_mixin.py:188} INFO - [2026-06-10T19:41:17.903+0000] {dag.py:3036} INFO - Sync 1 DAGs
[2026-06-10T19:41:17.926+0000] {logging_mixin.py:188} INFO - [2026-06-10T19:41:17.926+0000] {dag.py:3823} INFO - Setting next_dagrun for ingest_football_matches to 2026-06-10 06:00:00+00:00, run_after=2026-06-11 06:00:00+00:00
[2026-06-10T19:41:17.942+0000] {processor.py:183} INFO - Processing /opt/airflow/dags/ingest_matches_dag.py took 0.094 seconds
[2026-06-10T19:41:48.146+0000] {processor.py:161} INFO - Started process (PID=195) to work on /opt/airflow/dags/ingest_matches_dag.py
[2026-06-10T19:41:48.148+0000] {processor.py:830} INFO - Processing file /opt/airflow/dags/ingest_matches_dag.py for tasks to queue
[2026-06-10T19:41:48.148+0000] {logging_mixin.py:188} INFO - [2026-06-10T19:41:48.148+0000] {dagbag.py:538} INFO - Filling up the DagBag from /opt/airflow/dags/ingest_matches_dag.py
[2026-06-10T19:41:48.160+0000] {processor.py:840} INFO - DAG(s) 'ingest_football_matches' retrieved from /opt/airflow/dags/ingest_matches_dag.py
[2026-06-10T19:41:48.189+0000] {logging_mixin.py:188} INFO - [2026-06-10T19:41:48.189+0000] {dag.py:3036} INFO - Sync 1 DAGs
[2026-06-10T19:41:48.211+0000] {logging_mixin.py:188} INFO - [2026-06-10T19:41:48.210+0000] {dag.py:3823} INFO - Setting next_dagrun for ingest_football_matches to 2026-06-10 06:00:00+00:00, run_after=2026-06-11 06:00:00+00:00
[2026-06-10T19:41:48.228+0000] {processor.py:183} INFO - Processing /opt/airflow/dags/ingest_matches_dag.py took 0.085 seconds
[2026-06-10T19:42:18.569+0000] {processor.py:161} INFO - Started process (PID=200) to work on /opt/airflow/dags/ingest_matches_dag.py
[2026-06-10T19:42:18.571+0000] {processor.py:830} INFO - Processing file /opt/airflow/dags/ingest_matches_dag.py for tasks to queue
[2026-06-10T19:42:18.572+0000] {logging_mixin.py:188} INFO - [2026-06-10T19:42:18.572+0000] {dagbag.py:538} INFO - Filling up the DagBag from /opt/airflow/dags/ingest_matches_dag.py
[2026-06-10T19:42:18.583+0000] {processor.py:840} INFO - DAG(s) 'ingest_football_matches' retrieved from /opt/airflow/dags/ingest_matches_dag.py
[2026-06-10T19:42:18.609+0000] {logging_mixin.py:188} INFO - [2026-06-10T19:42:18.608+0000] {dag.py:3036} INFO - Sync 1 DAGs
[2026-06-10T19:42:18.630+0000] {logging_mixin.py:188} INFO - [2026-06-10T19:42:18.630+0000] {dag.py:3823} INFO - Setting next_dagrun for ingest_football_matches to 2026-06-10 06:00:00+00:00, run_after=2026-06-11 06:00:00+00:00
[2026-06-10T19:42:18.647+0000] {processor.py:183} INFO - Processing /opt/airflow/dags/ingest_matches_dag.py took 0.081 seconds
[2026-06-10T19:42:48.861+0000] {processor.py:161} INFO - Started process (PID=205) to work on /opt/airflow/dags/ingest_matches_dag.py
[2026-06-10T19:42:48.863+0000] {processor.py:830} INFO - Processing file /opt/airflow/dags/ingest_matches_dag.py for tasks to queue
[2026-06-10T19:42:48.864+0000] {logging_mixin.py:188} INFO - [2026-06-10T19:42:48.863+0000] {dagbag.py:538} INFO - Filling up the DagBag from /opt/airflow/dags/ingest_matches_dag.py
[2026-06-10T19:42:48.874+0000] {processor.py:840} INFO - DAG(s) 'ingest_football_matches' retrieved from /opt/airflow/dags/ingest_matches_dag.py
[2026-06-10T19:42:48.902+0000] {logging_mixin.py:188} INFO - [2026-06-10T19:42:48.902+0000] {dag.py:3036} INFO - Sync 1 DAGs
[2026-06-10T19:42:48.923+0000] {logging_mixin.py:188} INFO - [2026-06-10T19:42:48.922+0000] {dag.py:3823} INFO - Setting next_dagrun for ingest_football_matches to 2026-06-10 06:00:00+00:00, run_after=2026-06-11 06:00:00+00:00
[2026-06-10T19:42:48.940+0000] {processor.py:183} INFO - Processing /opt/airflow/dags/ingest_matches_dag.py took 0.082 seconds
[2026-06-10T19:43:19.165+0000] {processor.py:161} INFO - Started process (PID=210) to work on /opt/airflow/dags/ingest_matches_dag.py
[2026-06-10T19:43:19.166+0000] {processor.py:830} INFO - Processing file /opt/airflow/dags/ingest_matches_dag.py for tasks to queue
[2026-06-10T19:43:19.167+0000] {logging_mixin.py:188} INFO - [2026-06-10T19:43:19.166+0000] {dagbag.py:538} INFO - Filling up the DagBag from /opt/airflow/dags/ingest_matches_dag.py
[2026-06-10T19:43:19.176+0000] {processor.py:840} INFO - DAG(s) 'ingest_football_matches' retrieved from /opt/airflow/dags/ingest_matches_dag.py
[2026-06-10T19:43:19.203+0000] {logging_mixin.py:188} INFO - [2026-06-10T19:43:19.203+0000] {dag.py:3036} INFO - Sync 1 DAGs
[2026-06-10T19:43:19.227+0000] {logging_mixin.py:188} INFO - [2026-06-10T19:43:19.227+0000] {dag.py:3823} INFO - Setting next_dagrun for ingest_football_matches to 2026-06-10 06:00:00+00:00, run_after=2026-06-11 06:00:00+00:00
[2026-06-10T19:43:19.252+0000] {processor.py:183} INFO - Processing /opt/airflow/dags/ingest_matches_dag.py took 0.090 seconds
[2026-06-10T19:43:35.357+0000] {processor.py:161} INFO - Started process (PID=215) to work on /opt/airflow/dags/ingest_matches_dag.py
[2026-06-10T19:43:35.358+0000] {processor.py:830} INFO - Processing file /opt/airflow/dags/ingest_matches_dag.py for tasks to queue
[2026-06-10T19:43:35.359+0000] {logging_mixin.py:188} INFO - [2026-06-10T19:43:35.359+0000] {dagbag.py:538} INFO - Filling up the DagBag from /opt/airflow/dags/ingest_matches_dag.py
[2026-06-10T19:43:35.371+0000] {processor.py:840} INFO - DAG(s) 'ingest_football_matches' retrieved from /opt/airflow/dags/ingest_matches_dag.py
[2026-06-10T19:43:35.401+0000] {logging_mixin.py:188} INFO - [2026-06-10T19:43:35.401+0000] {dag.py:3036} INFO - Sync 1 DAGs
[2026-06-10T19:43:35.423+0000] {logging_mixin.py:188} INFO - [2026-06-10T19:43:35.423+0000] {dag.py:3823} INFO - Setting next_dagrun for ingest_football_matches to 2026-06-10 06:00:00+00:00, run_after=2026-06-11 06:00:00+00:00
[2026-06-10T19:43:35.441+0000] {processor.py:183} INFO - Processing /opt/airflow/dags/ingest_matches_dag.py took 0.087 seconds
[2026-06-10T19:43:36.363+0000] {processor.py:161} INFO - Started process (PID=220) to work on /opt/airflow/dags/ingest_matches_dag.py
[2026-06-10T19:43:36.364+0000] {processor.py:830} INFO - Processing file /opt/airflow/dags/ingest_matches_dag.py for tasks to queue
[2026-06-10T19:43:36.365+0000] {logging_mixin.py:188} INFO - [2026-06-10T19:43:36.365+0000] {dagbag.py:538} INFO - Filling up the DagBag from /opt/airflow/dags/ingest_matches_dag.py
[2026-06-10T19:43:36.374+0000] {processor.py:840} INFO - DAG(s) 'ingest_football_matches' retrieved from /opt/airflow/dags/ingest_matches_dag.py
[2026-06-10T19:43:36.470+0000] {logging_mixin.py:188} INFO - [2026-06-10T19:43:36.470+0000] {dag.py:3036} INFO - Sync 1 DAGs
[2026-06-10T19:43:36.490+0000] {logging_mixin.py:188} INFO - [2026-06-10T19:43:36.490+0000] {dag.py:3823} INFO - Setting next_dagrun for ingest_football_matches to 2026-06-10 06:00:00+00:00, run_after=2026-06-11 06:00:00+00:00
[2026-06-10T19:43:36.511+0000] {processor.py:183} INFO - Processing /opt/airflow/dags/ingest_matches_dag.py took 0.151 seconds
[2026-06-10T19:44:06.774+0000] {processor.py:161} INFO - Started process (PID=225) to work on /opt/airflow/dags/ingest_matches_dag.py
[2026-06-10T19:44:06.777+0000] {processor.py:830} INFO - Processing file /opt/airflow/dags/ingest_matches_dag.py for tasks to queue
[2026-06-10T19:44:06.778+0000] {logging_mixin.py:188} INFO - [2026-06-10T19:44:06.778+0000] {dagbag.py:538} INFO - Filling up the DagBag from /opt/airflow/dags/ingest_matches_dag.py
[2026-06-10T19:44:06.787+0000] {processor.py:840} INFO - DAG(s) 'ingest_football_matches' retrieved from /opt/airflow/dags/ingest_matches_dag.py
[2026-06-10T19:44:06.806+0000] {logging_mixin.py:188} INFO - [2026-06-10T19:44:06.806+0000] {dag.py:3036} INFO - Sync 1 DAGs
[2026-06-10T19:44:06.825+0000] {logging_mixin.py:188} INFO - [2026-06-10T19:44:06.825+0000] {dag.py:3823} INFO - Setting next_dagrun for ingest_football_matches to 2026-06-10 06:00:00+00:00, run_after=2026-06-11 06:00:00+00:00
[2026-06-10T19:44:06.841+0000] {processor.py:183} INFO - Processing /opt/airflow/dags/ingest_matches_dag.py took 0.070 seconds
[2026-06-10T19:44:29.056+0000] {processor.py:161} INFO - Started process (PID=230) to work on /opt/airflow/dags/ingest_matches_dag.py
[2026-06-10T19:44:29.058+0000] {processor.py:830} INFO - Processing file /opt/airflow/dags/ingest_matches_dag.py for tasks to queue
[2026-06-10T19:44:29.059+0000] {logging_mixin.py:188} INFO - [2026-06-10T19:44:29.059+0000] {dagbag.py:538} INFO - Filling up the DagBag from /opt/airflow/dags/ingest_matches_dag.py
[2026-06-10T19:44:29.062+0000] {logging_mixin.py:188} INFO - [2026-06-10T19:44:29.061+0000] {dagbag.py:348} ERROR - Failed to import: /opt/airflow/dags/ingest_matches_dag.py
Traceback (most recent call last):
  File "/home/airflow/.local/lib/python3.8/site-packages/airflow/models/dagbag.py", line 344, in parse
    loader.exec_module(new_module)
  File "<frozen importlib._bootstrap_external>", line 839, in exec_module
  File "<frozen importlib._bootstrap_external>", line 976, in get_code
  File "<frozen importlib._bootstrap_external>", line 906, in source_to_code
  File "<frozen importlib._bootstrap>", line 219, in _call_with_frames_removed
  File "/opt/airflow/dags/ingest_matches_dag.py", line 97
    """Download raw JSON จาก GCS มาไว้ที่ /tmp"""
    ^
IndentationError: expected an indented block
[2026-06-10T19:44:29.062+0000] {processor.py:842} WARNING - No viable dags retrieved from /opt/airflow/dags/ingest_matches_dag.py
[2026-06-10T19:44:29.085+0000] {processor.py:183} INFO - Processing /opt/airflow/dags/ingest_matches_dag.py took 0.032 seconds
[2026-06-10T19:44:31.078+0000] {processor.py:161} INFO - Started process (PID=235) to work on /opt/airflow/dags/ingest_matches_dag.py
[2026-06-10T19:44:31.079+0000] {processor.py:830} INFO - Processing file /opt/airflow/dags/ingest_matches_dag.py for tasks to queue
[2026-06-10T19:44:31.079+0000] {logging_mixin.py:188} INFO - [2026-06-10T19:44:31.079+0000] {dagbag.py:538} INFO - Filling up the DagBag from /opt/airflow/dags/ingest_matches_dag.py
[2026-06-10T19:44:31.090+0000] {processor.py:840} INFO - DAG(s) 'ingest_football_matches' retrieved from /opt/airflow/dags/ingest_matches_dag.py
[2026-06-10T19:44:31.113+0000] {logging_mixin.py:188} INFO - [2026-06-10T19:44:31.113+0000] {dag.py:3036} INFO - Sync 1 DAGs
[2026-06-10T19:44:31.136+0000] {logging_mixin.py:188} INFO - [2026-06-10T19:44:31.135+0000] {dag.py:3823} INFO - Setting next_dagrun for ingest_football_matches to 2026-06-10 06:00:00+00:00, run_after=2026-06-11 06:00:00+00:00
[2026-06-10T19:44:31.155+0000] {processor.py:183} INFO - Processing /opt/airflow/dags/ingest_matches_dag.py took 0.081 seconds
[2026-06-10T19:44:34.111+0000] {processor.py:161} INFO - Started process (PID=240) to work on /opt/airflow/dags/ingest_matches_dag.py
[2026-06-10T19:44:34.112+0000] {processor.py:830} INFO - Processing file /opt/airflow/dags/ingest_matches_dag.py for tasks to queue
[2026-06-10T19:44:34.113+0000] {logging_mixin.py:188} INFO - [2026-06-10T19:44:34.112+0000] {dagbag.py:538} INFO - Filling up the DagBag from /opt/airflow/dags/ingest_matches_dag.py
[2026-06-10T19:44:34.116+0000] {logging_mixin.py:188} INFO - [2026-06-10T19:44:34.115+0000] {dagbag.py:348} ERROR - Failed to import: /opt/airflow/dags/ingest_matches_dag.py
Traceback (most recent call last):
  File "/home/airflow/.local/lib/python3.8/site-packages/airflow/models/dagbag.py", line 344, in parse
    loader.exec_module(new_module)
  File "<frozen importlib._bootstrap_external>", line 839, in exec_module
  File "<frozen importlib._bootstrap_external>", line 976, in get_code
  File "<frozen importlib._bootstrap_external>", line 906, in source_to_code
  File "<frozen importlib._bootstrap>", line 219, in _call_with_frames_removed
  File "/opt/airflow/dags/ingest_matches_dag.py", line 97
    """Download raw JSON จาก GCS มาไว้ที่ /tmp"""
    ^
IndentationError: expected an indented block
[2026-06-10T19:44:34.116+0000] {processor.py:842} WARNING - No viable dags retrieved from /opt/airflow/dags/ingest_matches_dag.py
[2026-06-10T19:44:34.141+0000] {processor.py:183} INFO - Processing /opt/airflow/dags/ingest_matches_dag.py took 0.033 seconds
[2026-06-10T19:44:36.127+0000] {processor.py:161} INFO - Started process (PID=245) to work on /opt/airflow/dags/ingest_matches_dag.py
[2026-06-10T19:44:36.128+0000] {processor.py:830} INFO - Processing file /opt/airflow/dags/ingest_matches_dag.py for tasks to queue
[2026-06-10T19:44:36.129+0000] {logging_mixin.py:188} INFO - [2026-06-10T19:44:36.129+0000] {dagbag.py:538} INFO - Filling up the DagBag from /opt/airflow/dags/ingest_matches_dag.py
[2026-06-10T19:44:36.142+0000] {processor.py:840} INFO - DAG(s) 'ingest_football_matches' retrieved from /opt/airflow/dags/ingest_matches_dag.py
[2026-06-10T19:44:36.167+0000] {logging_mixin.py:188} INFO - [2026-06-10T19:44:36.167+0000] {dag.py:3036} INFO - Sync 1 DAGs
[2026-06-10T19:44:36.193+0000] {logging_mixin.py:188} INFO - [2026-06-10T19:44:36.193+0000] {dag.py:3823} INFO - Setting next_dagrun for ingest_football_matches to 2026-06-10 06:00:00+00:00, run_after=2026-06-11 06:00:00+00:00
[2026-06-10T19:44:36.217+0000] {processor.py:183} INFO - Processing /opt/airflow/dags/ingest_matches_dag.py took 0.094 seconds
[2026-06-10T19:44:39.197+0000] {processor.py:161} INFO - Started process (PID=250) to work on /opt/airflow/dags/ingest_matches_dag.py
[2026-06-10T19:44:39.198+0000] {processor.py:830} INFO - Processing file /opt/airflow/dags/ingest_matches_dag.py for tasks to queue
[2026-06-10T19:44:39.199+0000] {logging_mixin.py:188} INFO - [2026-06-10T19:44:39.199+0000] {dagbag.py:538} INFO - Filling up the DagBag from /opt/airflow/dags/ingest_matches_dag.py
[2026-06-10T19:44:39.212+0000] {processor.py:840} INFO - DAG(s) 'ingest_football_matches' retrieved from /opt/airflow/dags/ingest_matches_dag.py
[2026-06-10T19:44:39.319+0000] {logging_mixin.py:188} INFO - [2026-06-10T19:44:39.319+0000] {dag.py:3036} INFO - Sync 1 DAGs
[2026-06-10T19:44:39.341+0000] {logging_mixin.py:188} INFO - [2026-06-10T19:44:39.340+0000] {dag.py:3823} INFO - Setting next_dagrun for ingest_football_matches to 2026-06-10 06:00:00+00:00, run_after=2026-06-11 06:00:00+00:00
[2026-06-10T19:44:39.361+0000] {processor.py:183} INFO - Processing /opt/airflow/dags/ingest_matches_dag.py took 0.167 seconds
[2026-06-10T19:44:47.324+0000] {processor.py:161} INFO - Started process (PID=255) to work on /opt/airflow/dags/ingest_matches_dag.py
[2026-06-10T19:44:47.325+0000] {processor.py:830} INFO - Processing file /opt/airflow/dags/ingest_matches_dag.py for tasks to queue
[2026-06-10T19:44:47.326+0000] {logging_mixin.py:188} INFO - [2026-06-10T19:44:47.326+0000] {dagbag.py:538} INFO - Filling up the DagBag from /opt/airflow/dags/ingest_matches_dag.py
[2026-06-10T19:44:47.341+0000] {processor.py:840} INFO - DAG(s) 'ingest_football_matches' retrieved from /opt/airflow/dags/ingest_matches_dag.py
[2026-06-10T19:44:47.358+0000] {logging_mixin.py:188} INFO - [2026-06-10T19:44:47.358+0000] {dag.py:3036} INFO - Sync 1 DAGs
[2026-06-10T19:44:47.385+0000] {logging_mixin.py:188} INFO - [2026-06-10T19:44:47.385+0000] {dag.py:3823} INFO - Setting next_dagrun for ingest_football_matches to 2026-06-10 06:00:00+00:00, run_after=2026-06-11 06:00:00+00:00
[2026-06-10T19:44:47.413+0000] {processor.py:183} INFO - Processing /opt/airflow/dags/ingest_matches_dag.py took 0.094 seconds
[2026-06-10T19:45:17.632+0000] {processor.py:161} INFO - Started process (PID=260) to work on /opt/airflow/dags/ingest_matches_dag.py
[2026-06-10T19:45:17.635+0000] {processor.py:830} INFO - Processing file /opt/airflow/dags/ingest_matches_dag.py for tasks to queue
[2026-06-10T19:45:17.636+0000] {logging_mixin.py:188} INFO - [2026-06-10T19:45:17.636+0000] {dagbag.py:538} INFO - Filling up the DagBag from /opt/airflow/dags/ingest_matches_dag.py
[2026-06-10T19:45:17.651+0000] {processor.py:840} INFO - DAG(s) 'ingest_football_matches' retrieved from /opt/airflow/dags/ingest_matches_dag.py
[2026-06-10T19:45:17.686+0000] {logging_mixin.py:188} INFO - [2026-06-10T19:45:17.686+0000] {dag.py:3036} INFO - Sync 1 DAGs
[2026-06-10T19:45:17.710+0000] {logging_mixin.py:188} INFO - [2026-06-10T19:45:17.710+0000] {dag.py:3823} INFO - Setting next_dagrun for ingest_football_matches to 2026-06-10 06:00:00+00:00, run_after=2026-06-11 06:00:00+00:00
[2026-06-10T19:45:17.729+0000] {processor.py:183} INFO - Processing /opt/airflow/dags/ingest_matches_dag.py took 0.101 seconds
[2026-06-10T19:45:47.818+0000] {processor.py:161} INFO - Started process (PID=265) to work on /opt/airflow/dags/ingest_matches_dag.py
[2026-06-10T19:45:47.822+0000] {processor.py:830} INFO - Processing file /opt/airflow/dags/ingest_matches_dag.py for tasks to queue
[2026-06-10T19:45:47.823+0000] {logging_mixin.py:188} INFO - [2026-06-10T19:45:47.822+0000] {dagbag.py:538} INFO - Filling up the DagBag from /opt/airflow/dags/ingest_matches_dag.py
[2026-06-10T19:45:47.838+0000] {processor.py:840} INFO - DAG(s) 'ingest_football_matches' retrieved from /opt/airflow/dags/ingest_matches_dag.py
[2026-06-10T19:45:47.873+0000] {logging_mixin.py:188} INFO - [2026-06-10T19:45:47.872+0000] {dag.py:3036} INFO - Sync 1 DAGs
[2026-06-10T19:45:47.898+0000] {logging_mixin.py:188} INFO - [2026-06-10T19:45:47.898+0000] {dag.py:3823} INFO - Setting next_dagrun for ingest_football_matches to 2026-06-10 06:00:00+00:00, run_after=2026-06-11 06:00:00+00:00
[2026-06-10T19:45:47.919+0000] {processor.py:183} INFO - Processing /opt/airflow/dags/ingest_matches_dag.py took 0.105 seconds
[2026-06-10T19:45:50.957+0000] {processor.py:161} INFO - Started process (PID=270) to work on /opt/airflow/dags/ingest_matches_dag.py
[2026-06-10T19:45:50.958+0000] {processor.py:830} INFO - Processing file /opt/airflow/dags/ingest_matches_dag.py for tasks to queue
[2026-06-10T19:45:50.958+0000] {logging_mixin.py:188} INFO - [2026-06-10T19:45:50.958+0000] {dagbag.py:538} INFO - Filling up the DagBag from /opt/airflow/dags/ingest_matches_dag.py
[2026-06-10T19:45:50.967+0000] {logging_mixin.py:188} INFO - [2026-06-10T19:45:50.966+0000] {dagbag.py:348} ERROR - Failed to import: /opt/airflow/dags/ingest_matches_dag.py
Traceback (most recent call last):
  File "/home/airflow/.local/lib/python3.8/site-packages/airflow/models/dagbag.py", line 344, in parse
    loader.exec_module(new_module)
  File "<frozen importlib._bootstrap_external>", line 843, in exec_module
  File "<frozen importlib._bootstrap>", line 219, in _call_with_frames_removed
  File "/opt/airflow/dags/ingest_matches_dag.py", line 169, in <module>
    task_spark = BashOperator(
NameError: name 'BashOperator' is not defined
[2026-06-10T19:45:50.967+0000] {processor.py:842} WARNING - No viable dags retrieved from /opt/airflow/dags/ingest_matches_dag.py
[2026-06-10T19:45:50.991+0000] {processor.py:183} INFO - Processing /opt/airflow/dags/ingest_matches_dag.py took 0.038 seconds
[2026-06-10T19:46:02.054+0000] {processor.py:161} INFO - Started process (PID=275) to work on /opt/airflow/dags/ingest_matches_dag.py
[2026-06-10T19:46:02.055+0000] {processor.py:830} INFO - Processing file /opt/airflow/dags/ingest_matches_dag.py for tasks to queue
[2026-06-10T19:46:02.056+0000] {logging_mixin.py:188} INFO - [2026-06-10T19:46:02.056+0000] {dagbag.py:538} INFO - Filling up the DagBag from /opt/airflow/dags/ingest_matches_dag.py
[2026-06-10T19:46:02.069+0000] {processor.py:840} INFO - DAG(s) 'ingest_football_matches' retrieved from /opt/airflow/dags/ingest_matches_dag.py
[2026-06-10T19:46:02.169+0000] {logging_mixin.py:188} INFO - [2026-06-10T19:46:02.169+0000] {dag.py:3036} INFO - Sync 1 DAGs
[2026-06-10T19:46:02.188+0000] {logging_mixin.py:188} INFO - [2026-06-10T19:46:02.188+0000] {dag.py:3823} INFO - Setting next_dagrun for ingest_football_matches to 2026-06-10 06:00:00+00:00, run_after=2026-06-11 06:00:00+00:00
[2026-06-10T19:46:02.210+0000] {processor.py:183} INFO - Processing /opt/airflow/dags/ingest_matches_dag.py took 0.159 seconds
[2026-06-10T19:46:32.378+0000] {processor.py:161} INFO - Started process (PID=280) to work on /opt/airflow/dags/ingest_matches_dag.py
[2026-06-10T19:46:32.380+0000] {processor.py:830} INFO - Processing file /opt/airflow/dags/ingest_matches_dag.py for tasks to queue
[2026-06-10T19:46:32.380+0000] {logging_mixin.py:188} INFO - [2026-06-10T19:46:32.380+0000] {dagbag.py:538} INFO - Filling up the DagBag from /opt/airflow/dags/ingest_matches_dag.py
[2026-06-10T19:46:32.392+0000] {processor.py:840} INFO - DAG(s) 'ingest_football_matches' retrieved from /opt/airflow/dags/ingest_matches_dag.py
[2026-06-10T19:46:32.419+0000] {logging_mixin.py:188} INFO - [2026-06-10T19:46:32.418+0000] {dag.py:3036} INFO - Sync 1 DAGs
[2026-06-10T19:46:32.438+0000] {logging_mixin.py:188} INFO - [2026-06-10T19:46:32.438+0000] {dag.py:3823} INFO - Setting next_dagrun for ingest_football_matches to 2026-06-10 06:00:00+00:00, run_after=2026-06-11 06:00:00+00:00
[2026-06-10T19:46:32.454+0000] {processor.py:183} INFO - Processing /opt/airflow/dags/ingest_matches_dag.py took 0.079 seconds
[2026-06-10T19:47:02.526+0000] {processor.py:161} INFO - Started process (PID=285) to work on /opt/airflow/dags/ingest_matches_dag.py
[2026-06-10T19:47:02.528+0000] {processor.py:830} INFO - Processing file /opt/airflow/dags/ingest_matches_dag.py for tasks to queue
[2026-06-10T19:47:02.529+0000] {logging_mixin.py:188} INFO - [2026-06-10T19:47:02.529+0000] {dagbag.py:538} INFO - Filling up the DagBag from /opt/airflow/dags/ingest_matches_dag.py
[2026-06-10T19:47:02.548+0000] {processor.py:840} INFO - DAG(s) 'ingest_football_matches' retrieved from /opt/airflow/dags/ingest_matches_dag.py
[2026-06-10T19:47:02.580+0000] {logging_mixin.py:188} INFO - [2026-06-10T19:47:02.580+0000] {dag.py:3036} INFO - Sync 1 DAGs
[2026-06-10T19:47:02.612+0000] {logging_mixin.py:188} INFO - [2026-06-10T19:47:02.612+0000] {dag.py:3823} INFO - Setting next_dagrun for ingest_football_matches to 2026-06-10 06:00:00+00:00, run_after=2026-06-11 06:00:00+00:00
[2026-06-10T19:47:02.638+0000] {processor.py:183} INFO - Processing /opt/airflow/dags/ingest_matches_dag.py took 0.116 seconds
[2026-06-10T19:47:32.738+0000] {processor.py:161} INFO - Started process (PID=290) to work on /opt/airflow/dags/ingest_matches_dag.py
[2026-06-10T19:47:32.740+0000] {processor.py:830} INFO - Processing file /opt/airflow/dags/ingest_matches_dag.py for tasks to queue
[2026-06-10T19:47:32.741+0000] {logging_mixin.py:188} INFO - [2026-06-10T19:47:32.741+0000] {dagbag.py:538} INFO - Filling up the DagBag from /opt/airflow/dags/ingest_matches_dag.py
[2026-06-10T19:47:32.752+0000] {processor.py:840} INFO - DAG(s) 'ingest_football_matches' retrieved from /opt/airflow/dags/ingest_matches_dag.py
[2026-06-10T19:47:32.782+0000] {logging_mixin.py:188} INFO - [2026-06-10T19:47:32.781+0000] {dag.py:3036} INFO - Sync 1 DAGs
[2026-06-10T19:47:32.804+0000] {logging_mixin.py:188} INFO - [2026-06-10T19:47:32.803+0000] {dag.py:3823} INFO - Setting next_dagrun for ingest_football_matches to 2026-06-10 06:00:00+00:00, run_after=2026-06-11 06:00:00+00:00
[2026-06-10T19:47:32.818+0000] {processor.py:183} INFO - Processing /opt/airflow/dags/ingest_matches_dag.py took 0.084 seconds
[2026-06-10T19:48:02.931+0000] {processor.py:161} INFO - Started process (PID=295) to work on /opt/airflow/dags/ingest_matches_dag.py
[2026-06-10T19:48:02.935+0000] {processor.py:830} INFO - Processing file /opt/airflow/dags/ingest_matches_dag.py for tasks to queue
[2026-06-10T19:48:02.936+0000] {logging_mixin.py:188} INFO - [2026-06-10T19:48:02.935+0000] {dagbag.py:538} INFO - Filling up the DagBag from /opt/airflow/dags/ingest_matches_dag.py
[2026-06-10T19:48:02.947+0000] {processor.py:840} INFO - DAG(s) 'ingest_football_matches' retrieved from /opt/airflow/dags/ingest_matches_dag.py
[2026-06-10T19:48:02.975+0000] {logging_mixin.py:188} INFO - [2026-06-10T19:48:02.974+0000] {dag.py:3036} INFO - Sync 1 DAGs
[2026-06-10T19:48:02.994+0000] {logging_mixin.py:188} INFO - [2026-06-10T19:48:02.994+0000] {dag.py:3823} INFO - Setting next_dagrun for ingest_football_matches to 2026-06-10 06:00:00+00:00, run_after=2026-06-11 06:00:00+00:00
[2026-06-10T19:48:03.009+0000] {processor.py:183} INFO - Processing /opt/airflow/dags/ingest_matches_dag.py took 0.081 seconds
[2026-06-10T19:48:33.099+0000] {processor.py:161} INFO - Started process (PID=300) to work on /opt/airflow/dags/ingest_matches_dag.py
[2026-06-10T19:48:33.101+0000] {processor.py:830} INFO - Processing file /opt/airflow/dags/ingest_matches_dag.py for tasks to queue
[2026-06-10T19:48:33.102+0000] {logging_mixin.py:188} INFO - [2026-06-10T19:48:33.101+0000] {dagbag.py:538} INFO - Filling up the DagBag from /opt/airflow/dags/ingest_matches_dag.py
[2026-06-10T19:48:33.113+0000] {processor.py:840} INFO - DAG(s) 'ingest_football_matches' retrieved from /opt/airflow/dags/ingest_matches_dag.py
[2026-06-10T19:48:33.142+0000] {logging_mixin.py:188} INFO - [2026-06-10T19:48:33.141+0000] {dag.py:3036} INFO - Sync 1 DAGs
[2026-06-10T19:48:33.164+0000] {logging_mixin.py:188} INFO - [2026-06-10T19:48:33.164+0000] {dag.py:3823} INFO - Setting next_dagrun for ingest_football_matches to 2026-06-10 06:00:00+00:00, run_after=2026-06-11 06:00:00+00:00
[2026-06-10T19:48:33.183+0000] {processor.py:183} INFO - Processing /opt/airflow/dags/ingest_matches_dag.py took 0.087 seconds
[2026-06-10T19:49:03.284+0000] {processor.py:161} INFO - Started process (PID=305) to work on /opt/airflow/dags/ingest_matches_dag.py
[2026-06-10T19:49:03.286+0000] {processor.py:830} INFO - Processing file /opt/airflow/dags/ingest_matches_dag.py for tasks to queue
[2026-06-10T19:49:03.287+0000] {logging_mixin.py:188} INFO - [2026-06-10T19:49:03.286+0000] {dagbag.py:538} INFO - Filling up the DagBag from /opt/airflow/dags/ingest_matches_dag.py
[2026-06-10T19:49:03.300+0000] {processor.py:840} INFO - DAG(s) 'ingest_football_matches' retrieved from /opt/airflow/dags/ingest_matches_dag.py
[2026-06-10T19:49:03.330+0000] {logging_mixin.py:188} INFO - [2026-06-10T19:49:03.329+0000] {dag.py:3036} INFO - Sync 1 DAGs
[2026-06-10T19:49:03.351+0000] {logging_mixin.py:188} INFO - [2026-06-10T19:49:03.351+0000] {dag.py:3823} INFO - Setting next_dagrun for ingest_football_matches to 2026-06-10 06:00:00+00:00, run_after=2026-06-11 06:00:00+00:00
[2026-06-10T19:49:03.370+0000] {processor.py:183} INFO - Processing /opt/airflow/dags/ingest_matches_dag.py took 0.090 seconds
[2026-06-10T19:49:33.463+0000] {processor.py:161} INFO - Started process (PID=322) to work on /opt/airflow/dags/ingest_matches_dag.py
[2026-06-10T19:49:33.465+0000] {processor.py:830} INFO - Processing file /opt/airflow/dags/ingest_matches_dag.py for tasks to queue
[2026-06-10T19:49:33.466+0000] {logging_mixin.py:188} INFO - [2026-06-10T19:49:33.466+0000] {dagbag.py:538} INFO - Filling up the DagBag from /opt/airflow/dags/ingest_matches_dag.py
[2026-06-10T19:49:33.478+0000] {processor.py:840} INFO - DAG(s) 'ingest_football_matches' retrieved from /opt/airflow/dags/ingest_matches_dag.py
[2026-06-10T19:49:33.509+0000] {logging_mixin.py:188} INFO - [2026-06-10T19:49:33.509+0000] {dag.py:3036} INFO - Sync 1 DAGs
[2026-06-10T19:49:33.534+0000] {logging_mixin.py:188} INFO - [2026-06-10T19:49:33.534+0000] {dag.py:3823} INFO - Setting next_dagrun for ingest_football_matches to 2026-06-10 06:00:00+00:00, run_after=2026-06-11 06:00:00+00:00
[2026-06-10T19:49:33.556+0000] {processor.py:183} INFO - Processing /opt/airflow/dags/ingest_matches_dag.py took 0.095 seconds
[2026-06-10T19:50:03.695+0000] {processor.py:161} INFO - Started process (PID=327) to work on /opt/airflow/dags/ingest_matches_dag.py
[2026-06-10T19:50:03.697+0000] {processor.py:830} INFO - Processing file /opt/airflow/dags/ingest_matches_dag.py for tasks to queue
[2026-06-10T19:50:03.697+0000] {logging_mixin.py:188} INFO - [2026-06-10T19:50:03.697+0000] {dagbag.py:538} INFO - Filling up the DagBag from /opt/airflow/dags/ingest_matches_dag.py
[2026-06-10T19:50:03.709+0000] {processor.py:840} INFO - DAG(s) 'ingest_football_matches' retrieved from /opt/airflow/dags/ingest_matches_dag.py
[2026-06-10T19:50:03.738+0000] {logging_mixin.py:188} INFO - [2026-06-10T19:50:03.737+0000] {dag.py:3036} INFO - Sync 1 DAGs
[2026-06-10T19:50:03.760+0000] {logging_mixin.py:188} INFO - [2026-06-10T19:50:03.760+0000] {dag.py:3823} INFO - Setting next_dagrun for ingest_football_matches to 2026-06-10 06:00:00+00:00, run_after=2026-06-11 06:00:00+00:00
[2026-06-10T19:50:03.777+0000] {processor.py:183} INFO - Processing /opt/airflow/dags/ingest_matches_dag.py took 0.085 seconds
[2026-06-10T19:50:07.933+0000] {processor.py:161} INFO - Started process (PID=332) to work on /opt/airflow/dags/ingest_matches_dag.py
[2026-06-10T19:50:07.934+0000] {processor.py:830} INFO - Processing file /opt/airflow/dags/ingest_matches_dag.py for tasks to queue
[2026-06-10T19:50:07.934+0000] {logging_mixin.py:188} INFO - [2026-06-10T19:50:07.934+0000] {dagbag.py:538} INFO - Filling up the DagBag from /opt/airflow/dags/ingest_matches_dag.py
[2026-06-10T19:50:07.946+0000] {processor.py:840} INFO - DAG(s) 'ingest_football_matches' retrieved from /opt/airflow/dags/ingest_matches_dag.py
[2026-06-10T19:50:07.976+0000] {logging_mixin.py:188} INFO - [2026-06-10T19:50:07.975+0000] {dag.py:3036} INFO - Sync 1 DAGs
[2026-06-10T19:50:07.998+0000] {logging_mixin.py:188} INFO - [2026-06-10T19:50:07.997+0000] {dag.py:3823} INFO - Setting next_dagrun for ingest_football_matches to 2026-06-10 06:00:00+00:00, run_after=2026-06-11 06:00:00+00:00
[2026-06-10T19:50:08.018+0000] {processor.py:183} INFO - Processing /opt/airflow/dags/ingest_matches_dag.py took 0.088 seconds
[2026-06-10T19:50:14.994+0000] {processor.py:161} INFO - Started process (PID=337) to work on /opt/airflow/dags/ingest_matches_dag.py
[2026-06-10T19:50:14.995+0000] {processor.py:830} INFO - Processing file /opt/airflow/dags/ingest_matches_dag.py for tasks to queue
[2026-06-10T19:50:14.996+0000] {logging_mixin.py:188} INFO - [2026-06-10T19:50:14.996+0000] {dagbag.py:538} INFO - Filling up the DagBag from /opt/airflow/dags/ingest_matches_dag.py
[2026-06-10T19:50:15.000+0000] {logging_mixin.py:188} INFO - [2026-06-10T19:50:14.999+0000] {dagbag.py:348} ERROR - Failed to import: /opt/airflow/dags/ingest_matches_dag.py
Traceback (most recent call last):
  File "/home/airflow/.local/lib/python3.8/site-packages/airflow/models/dagbag.py", line 344, in parse
    loader.exec_module(new_module)
  File "<frozen importlib._bootstrap_external>", line 839, in exec_module
  File "<frozen importlib._bootstrap_external>", line 976, in get_code
  File "<frozen importlib._bootstrap_external>", line 906, in source_to_code
  File "<frozen importlib._bootstrap>", line 219, in _call_with_frames_removed
  File "/opt/airflow/dags/ingest_matches_dag.py", line 199
    task_upload_parquet = PythonOperator(
    ^
IndentationError: unexpected indent
[2026-06-10T19:50:15.000+0000] {processor.py:842} WARNING - No viable dags retrieved from /opt/airflow/dags/ingest_matches_dag.py
[2026-06-10T19:50:15.026+0000] {processor.py:183} INFO - Processing /opt/airflow/dags/ingest_matches_dag.py took 0.034 seconds
[2026-06-10T19:50:20.025+0000] {processor.py:161} INFO - Started process (PID=342) to work on /opt/airflow/dags/ingest_matches_dag.py
[2026-06-10T19:50:20.027+0000] {processor.py:830} INFO - Processing file /opt/airflow/dags/ingest_matches_dag.py for tasks to queue
[2026-06-10T19:50:20.028+0000] {logging_mixin.py:188} INFO - [2026-06-10T19:50:20.028+0000] {dagbag.py:538} INFO - Filling up the DagBag from /opt/airflow/dags/ingest_matches_dag.py
[2026-06-10T19:50:20.042+0000] {processor.py:840} INFO - DAG(s) 'ingest_football_matches' retrieved from /opt/airflow/dags/ingest_matches_dag.py
[2026-06-10T19:50:20.146+0000] {logging_mixin.py:188} INFO - [2026-06-10T19:50:20.146+0000] {dag.py:3036} INFO - Sync 1 DAGs
[2026-06-10T19:50:20.168+0000] {logging_mixin.py:188} INFO - [2026-06-10T19:50:20.168+0000] {dag.py:3823} INFO - Setting next_dagrun for ingest_football_matches to 2026-06-10 06:00:00+00:00, run_after=2026-06-11 06:00:00+00:00
[2026-06-10T19:50:20.190+0000] {processor.py:183} INFO - Processing /opt/airflow/dags/ingest_matches_dag.py took 0.168 seconds
[2026-06-10T19:50:23.084+0000] {processor.py:161} INFO - Started process (PID=347) to work on /opt/airflow/dags/ingest_matches_dag.py
[2026-06-10T19:50:23.085+0000] {processor.py:830} INFO - Processing file /opt/airflow/dags/ingest_matches_dag.py for tasks to queue
[2026-06-10T19:50:23.085+0000] {logging_mixin.py:188} INFO - [2026-06-10T19:50:23.085+0000] {dagbag.py:538} INFO - Filling up the DagBag from /opt/airflow/dags/ingest_matches_dag.py
[2026-06-10T19:50:23.098+0000] {processor.py:840} INFO - DAG(s) 'ingest_football_matches' retrieved from /opt/airflow/dags/ingest_matches_dag.py
[2026-06-10T19:50:23.115+0000] {logging_mixin.py:188} INFO - [2026-06-10T19:50:23.115+0000] {dag.py:3036} INFO - Sync 1 DAGs
[2026-06-10T19:50:23.140+0000] {logging_mixin.py:188} INFO - [2026-06-10T19:50:23.140+0000] {dag.py:3823} INFO - Setting next_dagrun for ingest_football_matches to 2026-06-10 06:00:00+00:00, run_after=2026-06-11 06:00:00+00:00
[2026-06-10T19:50:23.159+0000] {processor.py:183} INFO - Processing /opt/airflow/dags/ingest_matches_dag.py took 0.079 seconds
[2026-06-10T19:50:30.125+0000] {processor.py:161} INFO - Started process (PID=352) to work on /opt/airflow/dags/ingest_matches_dag.py
[2026-06-10T19:50:30.126+0000] {processor.py:830} INFO - Processing file /opt/airflow/dags/ingest_matches_dag.py for tasks to queue
[2026-06-10T19:50:30.127+0000] {logging_mixin.py:188} INFO - [2026-06-10T19:50:30.126+0000] {dagbag.py:538} INFO - Filling up the DagBag from /opt/airflow/dags/ingest_matches_dag.py
[2026-06-10T19:50:30.140+0000] {processor.py:840} INFO - DAG(s) 'ingest_football_matches' retrieved from /opt/airflow/dags/ingest_matches_dag.py
[2026-06-10T19:50:30.156+0000] {logging_mixin.py:188} INFO - [2026-06-10T19:50:30.156+0000] {dag.py:3036} INFO - Sync 1 DAGs
[2026-06-10T19:50:30.180+0000] {logging_mixin.py:188} INFO - [2026-06-10T19:50:30.180+0000] {dag.py:3823} INFO - Setting next_dagrun for ingest_football_matches to 2026-06-10 06:00:00+00:00, run_after=2026-06-11 06:00:00+00:00
[2026-06-10T19:50:30.199+0000] {processor.py:183} INFO - Processing /opt/airflow/dags/ingest_matches_dag.py took 0.078 seconds
[2026-06-10T19:51:00.342+0000] {processor.py:161} INFO - Started process (PID=357) to work on /opt/airflow/dags/ingest_matches_dag.py
[2026-06-10T19:51:00.343+0000] {processor.py:830} INFO - Processing file /opt/airflow/dags/ingest_matches_dag.py for tasks to queue
[2026-06-10T19:51:00.344+0000] {logging_mixin.py:188} INFO - [2026-06-10T19:51:00.344+0000] {dagbag.py:538} INFO - Filling up the DagBag from /opt/airflow/dags/ingest_matches_dag.py
[2026-06-10T19:51:00.356+0000] {processor.py:840} INFO - DAG(s) 'ingest_football_matches' retrieved from /opt/airflow/dags/ingest_matches_dag.py
[2026-06-10T19:51:00.456+0000] {logging_mixin.py:188} INFO - [2026-06-10T19:51:00.455+0000] {dag.py:3036} INFO - Sync 1 DAGs
[2026-06-10T19:51:00.477+0000] {logging_mixin.py:188} INFO - [2026-06-10T19:51:00.476+0000] {dag.py:3823} INFO - Setting next_dagrun for ingest_football_matches to 2026-06-10 06:00:00+00:00, run_after=2026-06-11 06:00:00+00:00
[2026-06-10T19:51:00.496+0000] {processor.py:183} INFO - Processing /opt/airflow/dags/ingest_matches_dag.py took 0.157 seconds
[2026-06-10T19:51:30.529+0000] {processor.py:161} INFO - Started process (PID=362) to work on /opt/airflow/dags/ingest_matches_dag.py
[2026-06-10T19:51:30.531+0000] {processor.py:830} INFO - Processing file /opt/airflow/dags/ingest_matches_dag.py for tasks to queue
[2026-06-10T19:51:30.532+0000] {logging_mixin.py:188} INFO - [2026-06-10T19:51:30.531+0000] {dagbag.py:538} INFO - Filling up the DagBag from /opt/airflow/dags/ingest_matches_dag.py
[2026-06-10T19:51:30.543+0000] {processor.py:840} INFO - DAG(s) 'ingest_football_matches' retrieved from /opt/airflow/dags/ingest_matches_dag.py
[2026-06-10T19:51:30.570+0000] {logging_mixin.py:188} INFO - [2026-06-10T19:51:30.570+0000] {dag.py:3036} INFO - Sync 1 DAGs
[2026-06-10T19:51:30.589+0000] {logging_mixin.py:188} INFO - [2026-06-10T19:51:30.589+0000] {dag.py:3823} INFO - Setting next_dagrun for ingest_football_matches to 2026-06-10 06:00:00+00:00, run_after=2026-06-11 06:00:00+00:00
[2026-06-10T19:51:30.605+0000] {processor.py:183} INFO - Processing /opt/airflow/dags/ingest_matches_dag.py took 0.079 seconds
[2026-06-10T19:51:40.602+0000] {processor.py:161} INFO - Started process (PID=367) to work on /opt/airflow/dags/ingest_matches_dag.py
[2026-06-10T19:51:40.602+0000] {processor.py:830} INFO - Processing file /opt/airflow/dags/ingest_matches_dag.py for tasks to queue
[2026-06-10T19:51:40.603+0000] {logging_mixin.py:188} INFO - [2026-06-10T19:51:40.603+0000] {dagbag.py:538} INFO - Filling up the DagBag from /opt/airflow/dags/ingest_matches_dag.py
[2026-06-10T19:51:40.613+0000] {logging_mixin.py:188} INFO - [2026-06-10T19:51:40.611+0000] {dagbag.py:348} ERROR - Failed to import: /opt/airflow/dags/ingest_matches_dag.py
Traceback (most recent call last):
  File "/home/airflow/.local/lib/python3.8/site-packages/airflow/models/dagbag.py", line 344, in parse
    loader.exec_module(new_module)
  File "<frozen importlib._bootstrap_external>", line 843, in exec_module
  File "<frozen importlib._bootstrap>", line 219, in _call_with_frames_removed
  File "/opt/airflow/dags/ingest_matches_dag.py", line 216, in <module>
    task_spark = DockerOperator(
  File "/home/airflow/.local/lib/python3.8/site-packages/airflow/models/baseoperator.py", line 437, in apply_defaults
    result = func(self, **kwargs, default_args=default_args)
  File "/home/airflow/.local/lib/python3.8/site-packages/airflow/providers/docker/operators/docker.py", line 265, in __init__
    super().__init__(**kwargs)
  File "/home/airflow/.local/lib/python3.8/site-packages/airflow/models/baseoperator.py", line 437, in apply_defaults
    result = func(self, **kwargs, default_args=default_args)
  File "/home/airflow/.local/lib/python3.8/site-packages/airflow/models/baseoperator.py", line 811, in __init__
    task_group.add(self)
  File "/home/airflow/.local/lib/python3.8/site-packages/airflow/utils/task_group.py", line 231, in add
    raise DuplicateTaskIdFound(f"{node_type} id '{key}' has already been added to the DAG")
airflow.exceptions.DuplicateTaskIdFound: Task id 'spark_clean_matches' has already been added to the DAG
[2026-06-10T19:51:40.613+0000] {processor.py:842} WARNING - No viable dags retrieved from /opt/airflow/dags/ingest_matches_dag.py
[2026-06-10T19:51:40.635+0000] {processor.py:183} INFO - Processing /opt/airflow/dags/ingest_matches_dag.py took 0.037 seconds
[2026-06-10T19:51:45.630+0000] {processor.py:161} INFO - Started process (PID=372) to work on /opt/airflow/dags/ingest_matches_dag.py
[2026-06-10T19:51:45.632+0000] {processor.py:830} INFO - Processing file /opt/airflow/dags/ingest_matches_dag.py for tasks to queue
[2026-06-10T19:51:45.633+0000] {logging_mixin.py:188} INFO - [2026-06-10T19:51:45.632+0000] {dagbag.py:538} INFO - Filling up the DagBag from /opt/airflow/dags/ingest_matches_dag.py
[2026-06-10T19:51:45.642+0000] {logging_mixin.py:188} INFO - [2026-06-10T19:51:45.641+0000] {dagbag.py:348} ERROR - Failed to import: /opt/airflow/dags/ingest_matches_dag.py
Traceback (most recent call last):
  File "/home/airflow/.local/lib/python3.8/site-packages/airflow/models/dagbag.py", line 344, in parse
    loader.exec_module(new_module)
  File "<frozen importlib._bootstrap_external>", line 843, in exec_module
  File "<frozen importlib._bootstrap>", line 219, in _call_with_frames_removed
  File "/opt/airflow/dags/ingest_matches_dag.py", line 217, in <module>
    task_spark = DockerOperator(
  File "/home/airflow/.local/lib/python3.8/site-packages/airflow/models/baseoperator.py", line 437, in apply_defaults
    result = func(self, **kwargs, default_args=default_args)
  File "/home/airflow/.local/lib/python3.8/site-packages/airflow/providers/docker/operators/docker.py", line 265, in __init__
    super().__init__(**kwargs)
  File "/home/airflow/.local/lib/python3.8/site-packages/airflow/models/baseoperator.py", line 437, in apply_defaults
    result = func(self, **kwargs, default_args=default_args)
  File "/home/airflow/.local/lib/python3.8/site-packages/airflow/models/baseoperator.py", line 811, in __init__
    task_group.add(self)
  File "/home/airflow/.local/lib/python3.8/site-packages/airflow/utils/task_group.py", line 231, in add
    raise DuplicateTaskIdFound(f"{node_type} id '{key}' has already been added to the DAG")
airflow.exceptions.DuplicateTaskIdFound: Task id 'spark_clean_matches' has already been added to the DAG
[2026-06-10T19:51:45.643+0000] {processor.py:842} WARNING - No viable dags retrieved from /opt/airflow/dags/ingest_matches_dag.py
[2026-06-10T19:51:45.666+0000] {processor.py:183} INFO - Processing /opt/airflow/dags/ingest_matches_dag.py took 0.039 seconds
[2026-06-10T19:51:49.662+0000] {processor.py:161} INFO - Started process (PID=377) to work on /opt/airflow/dags/ingest_matches_dag.py
[2026-06-10T19:51:49.663+0000] {processor.py:830} INFO - Processing file /opt/airflow/dags/ingest_matches_dag.py for tasks to queue
[2026-06-10T19:51:49.664+0000] {logging_mixin.py:188} INFO - [2026-06-10T19:51:49.664+0000] {dagbag.py:538} INFO - Filling up the DagBag from /opt/airflow/dags/ingest_matches_dag.py
[2026-06-10T19:51:49.679+0000] {processor.py:840} INFO - DAG(s) 'ingest_football_matches' retrieved from /opt/airflow/dags/ingest_matches_dag.py
[2026-06-10T19:51:49.712+0000] {logging_mixin.py:188} INFO - [2026-06-10T19:51:49.712+0000] {dag.py:3036} INFO - Sync 1 DAGs
[2026-06-10T19:51:49.739+0000] {logging_mixin.py:188} INFO - [2026-06-10T19:51:49.739+0000] {dag.py:3823} INFO - Setting next_dagrun for ingest_football_matches to 2026-06-10 06:00:00+00:00, run_after=2026-06-11 06:00:00+00:00
[2026-06-10T19:51:49.761+0000] {processor.py:183} INFO - Processing /opt/airflow/dags/ingest_matches_dag.py took 0.103 seconds
[2026-06-10T19:51:53.711+0000] {processor.py:161} INFO - Started process (PID=382) to work on /opt/airflow/dags/ingest_matches_dag.py
[2026-06-10T19:51:53.712+0000] {processor.py:830} INFO - Processing file /opt/airflow/dags/ingest_matches_dag.py for tasks to queue
[2026-06-10T19:51:53.713+0000] {logging_mixin.py:188} INFO - [2026-06-10T19:51:53.713+0000] {dagbag.py:538} INFO - Filling up the DagBag from /opt/airflow/dags/ingest_matches_dag.py
[2026-06-10T19:51:53.726+0000] {processor.py:840} INFO - DAG(s) 'ingest_football_matches' retrieved from /opt/airflow/dags/ingest_matches_dag.py
[2026-06-10T19:51:53.832+0000] {logging_mixin.py:188} INFO - [2026-06-10T19:51:53.831+0000] {dag.py:3036} INFO - Sync 1 DAGs
[2026-06-10T19:51:53.852+0000] {logging_mixin.py:188} INFO - [2026-06-10T19:51:53.852+0000] {dag.py:3823} INFO - Setting next_dagrun for ingest_football_matches to 2026-06-10 06:00:00+00:00, run_after=2026-06-11 06:00:00+00:00
[2026-06-10T19:51:53.874+0000] {processor.py:183} INFO - Processing /opt/airflow/dags/ingest_matches_dag.py took 0.167 seconds
[2026-06-10T19:54:45.535+0000] {processor.py:161} INFO - Started process (PID=176) to work on /opt/airflow/dags/ingest_matches_dag.py
[2026-06-10T19:54:45.537+0000] {processor.py:830} INFO - Processing file /opt/airflow/dags/ingest_matches_dag.py for tasks to queue
[2026-06-10T19:54:45.538+0000] {logging_mixin.py:188} INFO - [2026-06-10T19:54:45.538+0000] {dagbag.py:538} INFO - Filling up the DagBag from /opt/airflow/dags/ingest_matches_dag.py
[2026-06-10T19:54:45.553+0000] {processor.py:840} INFO - DAG(s) 'ingest_football_matches' retrieved from /opt/airflow/dags/ingest_matches_dag.py
[2026-06-10T19:54:45.580+0000] {logging_mixin.py:188} INFO - [2026-06-10T19:54:45.579+0000] {dag.py:3036} INFO - Sync 1 DAGs
[2026-06-10T19:54:45.606+0000] {logging_mixin.py:188} INFO - [2026-06-10T19:54:45.606+0000] {dag.py:3823} INFO - Setting next_dagrun for ingest_football_matches to 2026-06-10 06:00:00+00:00, run_after=2026-06-11 06:00:00+00:00
[2026-06-10T19:54:45.625+0000] {processor.py:183} INFO - Processing /opt/airflow/dags/ingest_matches_dag.py took 0.095 seconds
[2026-06-10T19:55:16.304+0000] {processor.py:161} INFO - Started process (PID=190) to work on /opt/airflow/dags/ingest_matches_dag.py
[2026-06-10T19:55:16.306+0000] {processor.py:830} INFO - Processing file /opt/airflow/dags/ingest_matches_dag.py for tasks to queue
[2026-06-10T19:55:16.307+0000] {logging_mixin.py:188} INFO - [2026-06-10T19:55:16.306+0000] {dagbag.py:538} INFO - Filling up the DagBag from /opt/airflow/dags/ingest_matches_dag.py
[2026-06-10T19:55:16.321+0000] {processor.py:840} INFO - DAG(s) 'ingest_football_matches' retrieved from /opt/airflow/dags/ingest_matches_dag.py
[2026-06-10T19:55:16.511+0000] {logging_mixin.py:188} INFO - [2026-06-10T19:55:16.511+0000] {dag.py:3036} INFO - Sync 1 DAGs
[2026-06-10T19:55:16.531+0000] {logging_mixin.py:188} INFO - [2026-06-10T19:55:16.531+0000] {dag.py:3823} INFO - Setting next_dagrun for ingest_football_matches to 2026-06-10 06:00:00+00:00, run_after=2026-06-11 06:00:00+00:00
[2026-06-10T19:55:16.549+0000] {processor.py:183} INFO - Processing /opt/airflow/dags/ingest_matches_dag.py took 0.248 seconds
[2026-06-10T19:55:46.866+0000] {processor.py:161} INFO - Started process (PID=203) to work on /opt/airflow/dags/ingest_matches_dag.py
[2026-06-10T19:55:46.868+0000] {processor.py:830} INFO - Processing file /opt/airflow/dags/ingest_matches_dag.py for tasks to queue
[2026-06-10T19:55:46.869+0000] {logging_mixin.py:188} INFO - [2026-06-10T19:55:46.869+0000] {dagbag.py:538} INFO - Filling up the DagBag from /opt/airflow/dags/ingest_matches_dag.py
[2026-06-10T19:55:46.885+0000] {processor.py:840} INFO - DAG(s) 'ingest_football_matches' retrieved from /opt/airflow/dags/ingest_matches_dag.py
[2026-06-10T19:55:46.922+0000] {logging_mixin.py:188} INFO - [2026-06-10T19:55:46.922+0000] {dag.py:3036} INFO - Sync 1 DAGs
[2026-06-10T19:55:46.949+0000] {logging_mixin.py:188} INFO - [2026-06-10T19:55:46.948+0000] {dag.py:3823} INFO - Setting next_dagrun for ingest_football_matches to 2026-06-10 06:00:00+00:00, run_after=2026-06-11 06:00:00+00:00
[2026-06-10T19:55:46.970+0000] {processor.py:183} INFO - Processing /opt/airflow/dags/ingest_matches_dag.py took 0.108 seconds
[2026-06-10T19:56:17.096+0000] {processor.py:161} INFO - Started process (PID=218) to work on /opt/airflow/dags/ingest_matches_dag.py
[2026-06-10T19:56:17.099+0000] {processor.py:830} INFO - Processing file /opt/airflow/dags/ingest_matches_dag.py for tasks to queue
[2026-06-10T19:56:17.100+0000] {logging_mixin.py:188} INFO - [2026-06-10T19:56:17.100+0000] {dagbag.py:538} INFO - Filling up the DagBag from /opt/airflow/dags/ingest_matches_dag.py
[2026-06-10T19:56:17.115+0000] {processor.py:840} INFO - DAG(s) 'ingest_football_matches' retrieved from /opt/airflow/dags/ingest_matches_dag.py
[2026-06-10T19:56:17.154+0000] {logging_mixin.py:188} INFO - [2026-06-10T19:56:17.154+0000] {dag.py:3036} INFO - Sync 1 DAGs
[2026-06-10T19:56:17.177+0000] {logging_mixin.py:188} INFO - [2026-06-10T19:56:17.177+0000] {dag.py:3823} INFO - Setting next_dagrun for ingest_football_matches to 2026-06-10 06:00:00+00:00, run_after=2026-06-11 06:00:00+00:00
[2026-06-10T19:56:17.196+0000] {processor.py:183} INFO - Processing /opt/airflow/dags/ingest_matches_dag.py took 0.104 seconds
[2026-06-10T20:01:12.806+0000] {processor.py:161} INFO - Started process (PID=177) to work on /opt/airflow/dags/ingest_matches_dag.py
[2026-06-10T20:01:12.808+0000] {processor.py:830} INFO - Processing file /opt/airflow/dags/ingest_matches_dag.py for tasks to queue
[2026-06-10T20:01:12.809+0000] {logging_mixin.py:188} INFO - [2026-06-10T20:01:12.808+0000] {dagbag.py:538} INFO - Filling up the DagBag from /opt/airflow/dags/ingest_matches_dag.py
[2026-06-10T20:01:12.823+0000] {processor.py:840} INFO - DAG(s) 'ingest_football_matches' retrieved from /opt/airflow/dags/ingest_matches_dag.py
[2026-06-10T20:01:12.859+0000] {logging_mixin.py:188} INFO - [2026-06-10T20:01:12.858+0000] {dag.py:3036} INFO - Sync 1 DAGs
[2026-06-10T20:01:12.901+0000] {logging_mixin.py:188} INFO - [2026-06-10T20:01:12.901+0000] {dag.py:3823} INFO - Setting next_dagrun for ingest_football_matches to 2026-06-10 06:00:00+00:00, run_after=2026-06-11 06:00:00+00:00
[2026-06-10T20:01:12.927+0000] {processor.py:183} INFO - Processing /opt/airflow/dags/ingest_matches_dag.py took 0.126 seconds
[2026-06-10T20:01:42.981+0000] {processor.py:161} INFO - Started process (PID=512) to work on /opt/airflow/dags/ingest_matches_dag.py
[2026-06-10T20:01:42.983+0000] {processor.py:830} INFO - Processing file /opt/airflow/dags/ingest_matches_dag.py for tasks to queue
[2026-06-10T20:01:42.984+0000] {logging_mixin.py:188} INFO - [2026-06-10T20:01:42.983+0000] {dagbag.py:538} INFO - Filling up the DagBag from /opt/airflow/dags/ingest_matches_dag.py
[2026-06-10T20:01:43.001+0000] {processor.py:840} INFO - DAG(s) 'ingest_football_matches' retrieved from /opt/airflow/dags/ingest_matches_dag.py
[2026-06-10T20:01:43.209+0000] {logging_mixin.py:188} INFO - [2026-06-10T20:01:43.208+0000] {dag.py:3036} INFO - Sync 1 DAGs
[2026-06-10T20:01:43.240+0000] {logging_mixin.py:188} INFO - [2026-06-10T20:01:43.240+0000] {dag.py:3823} INFO - Setting next_dagrun for ingest_football_matches to 2026-06-10 06:00:00+00:00, run_after=2026-06-11 06:00:00+00:00
[2026-06-10T20:01:43.259+0000] {processor.py:183} INFO - Processing /opt/airflow/dags/ingest_matches_dag.py took 0.281 seconds
[2026-06-10T20:02:13.431+0000] {processor.py:161} INFO - Started process (PID=517) to work on /opt/airflow/dags/ingest_matches_dag.py
[2026-06-10T20:02:13.433+0000] {processor.py:830} INFO - Processing file /opt/airflow/dags/ingest_matches_dag.py for tasks to queue
[2026-06-10T20:02:13.434+0000] {logging_mixin.py:188} INFO - [2026-06-10T20:02:13.434+0000] {dagbag.py:538} INFO - Filling up the DagBag from /opt/airflow/dags/ingest_matches_dag.py
[2026-06-10T20:02:13.449+0000] {processor.py:840} INFO - DAG(s) 'ingest_football_matches' retrieved from /opt/airflow/dags/ingest_matches_dag.py
[2026-06-10T20:02:13.486+0000] {logging_mixin.py:188} INFO - [2026-06-10T20:02:13.485+0000] {dag.py:3036} INFO - Sync 1 DAGs
[2026-06-10T20:02:13.513+0000] {logging_mixin.py:188} INFO - [2026-06-10T20:02:13.513+0000] {dag.py:3823} INFO - Setting next_dagrun for ingest_football_matches to 2026-06-10 06:00:00+00:00, run_after=2026-06-11 06:00:00+00:00
[2026-06-10T20:02:13.540+0000] {processor.py:183} INFO - Processing /opt/airflow/dags/ingest_matches_dag.py took 0.113 seconds
[2026-06-10T20:02:43.595+0000] {processor.py:161} INFO - Started process (PID=653) to work on /opt/airflow/dags/ingest_matches_dag.py
[2026-06-10T20:02:43.599+0000] {processor.py:830} INFO - Processing file /opt/airflow/dags/ingest_matches_dag.py for tasks to queue
[2026-06-10T20:02:43.602+0000] {logging_mixin.py:188} INFO - [2026-06-10T20:02:43.601+0000] {dagbag.py:538} INFO - Filling up the DagBag from /opt/airflow/dags/ingest_matches_dag.py
[2026-06-10T20:02:43.638+0000] {processor.py:840} INFO - DAG(s) 'ingest_football_matches' retrieved from /opt/airflow/dags/ingest_matches_dag.py
[2026-06-10T20:02:43.703+0000] {logging_mixin.py:188} INFO - [2026-06-10T20:02:43.703+0000] {dag.py:3036} INFO - Sync 1 DAGs
[2026-06-10T20:02:43.745+0000] {logging_mixin.py:188} INFO - [2026-06-10T20:02:43.745+0000] {dag.py:3823} INFO - Setting next_dagrun for ingest_football_matches to 2026-06-10 06:00:00+00:00, run_after=2026-06-11 06:00:00+00:00
[2026-06-10T20:02:43.776+0000] {processor.py:183} INFO - Processing /opt/airflow/dags/ingest_matches_dag.py took 0.194 seconds
[2026-06-10T20:03:13.847+0000] {processor.py:161} INFO - Started process (PID=829) to work on /opt/airflow/dags/ingest_matches_dag.py
[2026-06-10T20:03:13.849+0000] {processor.py:830} INFO - Processing file /opt/airflow/dags/ingest_matches_dag.py for tasks to queue
[2026-06-10T20:03:13.850+0000] {logging_mixin.py:188} INFO - [2026-06-10T20:03:13.849+0000] {dagbag.py:538} INFO - Filling up the DagBag from /opt/airflow/dags/ingest_matches_dag.py
[2026-06-10T20:03:13.863+0000] {processor.py:840} INFO - DAG(s) 'ingest_football_matches' retrieved from /opt/airflow/dags/ingest_matches_dag.py
[2026-06-10T20:03:13.895+0000] {logging_mixin.py:188} INFO - [2026-06-10T20:03:13.895+0000] {dag.py:3036} INFO - Sync 1 DAGs
[2026-06-10T20:03:13.917+0000] {logging_mixin.py:188} INFO - [2026-06-10T20:03:13.917+0000] {dag.py:3823} INFO - Setting next_dagrun for ingest_football_matches to 2026-06-10 06:00:00+00:00, run_after=2026-06-11 06:00:00+00:00
[2026-06-10T20:03:13.935+0000] {processor.py:183} INFO - Processing /opt/airflow/dags/ingest_matches_dag.py took 0.091 seconds
[2026-06-10T20:03:44.099+0000] {processor.py:161} INFO - Started process (PID=834) to work on /opt/airflow/dags/ingest_matches_dag.py
[2026-06-10T20:03:44.100+0000] {processor.py:830} INFO - Processing file /opt/airflow/dags/ingest_matches_dag.py for tasks to queue
[2026-06-10T20:03:44.101+0000] {logging_mixin.py:188} INFO - [2026-06-10T20:03:44.101+0000] {dagbag.py:538} INFO - Filling up the DagBag from /opt/airflow/dags/ingest_matches_dag.py
[2026-06-10T20:03:44.114+0000] {processor.py:840} INFO - DAG(s) 'ingest_football_matches' retrieved from /opt/airflow/dags/ingest_matches_dag.py
[2026-06-10T20:03:44.143+0000] {logging_mixin.py:188} INFO - [2026-06-10T20:03:44.143+0000] {dag.py:3036} INFO - Sync 1 DAGs
[2026-06-10T20:03:44.166+0000] {logging_mixin.py:188} INFO - [2026-06-10T20:03:44.166+0000] {dag.py:3823} INFO - Setting next_dagrun for ingest_football_matches to 2026-06-10 06:00:00+00:00, run_after=2026-06-11 06:00:00+00:00
[2026-06-10T20:03:44.183+0000] {processor.py:183} INFO - Processing /opt/airflow/dags/ingest_matches_dag.py took 0.088 seconds
[2026-06-10T20:04:14.208+0000] {processor.py:161} INFO - Started process (PID=839) to work on /opt/airflow/dags/ingest_matches_dag.py
[2026-06-10T20:04:14.211+0000] {processor.py:830} INFO - Processing file /opt/airflow/dags/ingest_matches_dag.py for tasks to queue
[2026-06-10T20:04:14.211+0000] {logging_mixin.py:188} INFO - [2026-06-10T20:04:14.211+0000] {dagbag.py:538} INFO - Filling up the DagBag from /opt/airflow/dags/ingest_matches_dag.py
[2026-06-10T20:04:14.224+0000] {processor.py:840} INFO - DAG(s) 'ingest_football_matches' retrieved from /opt/airflow/dags/ingest_matches_dag.py
[2026-06-10T20:04:14.254+0000] {logging_mixin.py:188} INFO - [2026-06-10T20:04:14.254+0000] {dag.py:3036} INFO - Sync 1 DAGs
[2026-06-10T20:04:14.283+0000] {logging_mixin.py:188} INFO - [2026-06-10T20:04:14.283+0000] {dag.py:3823} INFO - Setting next_dagrun for ingest_football_matches to 2026-06-10 06:00:00+00:00, run_after=2026-06-11 06:00:00+00:00
[2026-06-10T20:04:14.303+0000] {processor.py:183} INFO - Processing /opt/airflow/dags/ingest_matches_dag.py took 0.099 seconds
[2026-06-10T20:04:44.434+0000] {processor.py:161} INFO - Started process (PID=844) to work on /opt/airflow/dags/ingest_matches_dag.py
[2026-06-10T20:04:44.436+0000] {processor.py:830} INFO - Processing file /opt/airflow/dags/ingest_matches_dag.py for tasks to queue
[2026-06-10T20:04:44.437+0000] {logging_mixin.py:188} INFO - [2026-06-10T20:04:44.436+0000] {dagbag.py:538} INFO - Filling up the DagBag from /opt/airflow/dags/ingest_matches_dag.py
[2026-06-10T20:04:44.450+0000] {processor.py:840} INFO - DAG(s) 'ingest_football_matches' retrieved from /opt/airflow/dags/ingest_matches_dag.py
[2026-06-10T20:04:44.480+0000] {logging_mixin.py:188} INFO - [2026-06-10T20:04:44.480+0000] {dag.py:3036} INFO - Sync 1 DAGs
[2026-06-10T20:04:44.507+0000] {logging_mixin.py:188} INFO - [2026-06-10T20:04:44.507+0000] {dag.py:3823} INFO - Setting next_dagrun for ingest_football_matches to 2026-06-10 06:00:00+00:00, run_after=2026-06-11 06:00:00+00:00
[2026-06-10T20:04:44.533+0000] {processor.py:183} INFO - Processing /opt/airflow/dags/ingest_matches_dag.py took 0.102 seconds
[2026-06-10T20:05:14.586+0000] {processor.py:161} INFO - Started process (PID=849) to work on /opt/airflow/dags/ingest_matches_dag.py
[2026-06-10T20:05:14.587+0000] {processor.py:830} INFO - Processing file /opt/airflow/dags/ingest_matches_dag.py for tasks to queue
[2026-06-10T20:05:14.588+0000] {logging_mixin.py:188} INFO - [2026-06-10T20:05:14.587+0000] {dagbag.py:538} INFO - Filling up the DagBag from /opt/airflow/dags/ingest_matches_dag.py
[2026-06-10T20:05:14.599+0000] {processor.py:840} INFO - DAG(s) 'ingest_football_matches' retrieved from /opt/airflow/dags/ingest_matches_dag.py
[2026-06-10T20:05:14.626+0000] {logging_mixin.py:188} INFO - [2026-06-10T20:05:14.626+0000] {dag.py:3036} INFO - Sync 1 DAGs
[2026-06-10T20:05:14.648+0000] {logging_mixin.py:188} INFO - [2026-06-10T20:05:14.648+0000] {dag.py:3823} INFO - Setting next_dagrun for ingest_football_matches to 2026-06-10 06:00:00+00:00, run_after=2026-06-11 06:00:00+00:00
[2026-06-10T20:05:14.665+0000] {processor.py:183} INFO - Processing /opt/airflow/dags/ingest_matches_dag.py took 0.083 seconds
[2026-06-10T20:05:44.773+0000] {processor.py:161} INFO - Started process (PID=854) to work on /opt/airflow/dags/ingest_matches_dag.py
[2026-06-10T20:05:44.775+0000] {processor.py:830} INFO - Processing file /opt/airflow/dags/ingest_matches_dag.py for tasks to queue
[2026-06-10T20:05:44.775+0000] {logging_mixin.py:188} INFO - [2026-06-10T20:05:44.775+0000] {dagbag.py:538} INFO - Filling up the DagBag from /opt/airflow/dags/ingest_matches_dag.py
[2026-06-10T20:05:44.788+0000] {processor.py:840} INFO - DAG(s) 'ingest_football_matches' retrieved from /opt/airflow/dags/ingest_matches_dag.py
[2026-06-10T20:05:44.817+0000] {logging_mixin.py:188} INFO - [2026-06-10T20:05:44.817+0000] {dag.py:3036} INFO - Sync 1 DAGs
[2026-06-10T20:05:44.839+0000] {logging_mixin.py:188} INFO - [2026-06-10T20:05:44.838+0000] {dag.py:3823} INFO - Setting next_dagrun for ingest_football_matches to 2026-06-10 06:00:00+00:00, run_after=2026-06-11 06:00:00+00:00
[2026-06-10T20:05:44.854+0000] {processor.py:183} INFO - Processing /opt/airflow/dags/ingest_matches_dag.py took 0.084 seconds
[2026-06-10T20:06:15.350+0000] {processor.py:161} INFO - Started process (PID=859) to work on /opt/airflow/dags/ingest_matches_dag.py
[2026-06-10T20:06:15.352+0000] {processor.py:830} INFO - Processing file /opt/airflow/dags/ingest_matches_dag.py for tasks to queue
[2026-06-10T20:06:15.353+0000] {logging_mixin.py:188} INFO - [2026-06-10T20:06:15.352+0000] {dagbag.py:538} INFO - Filling up the DagBag from /opt/airflow/dags/ingest_matches_dag.py
[2026-06-10T20:06:15.366+0000] {processor.py:840} INFO - DAG(s) 'ingest_football_matches' retrieved from /opt/airflow/dags/ingest_matches_dag.py
[2026-06-10T20:06:15.396+0000] {logging_mixin.py:188} INFO - [2026-06-10T20:06:15.395+0000] {dag.py:3036} INFO - Sync 1 DAGs
[2026-06-10T20:06:15.417+0000] {logging_mixin.py:188} INFO - [2026-06-10T20:06:15.417+0000] {dag.py:3823} INFO - Setting next_dagrun for ingest_football_matches to 2026-06-10 06:00:00+00:00, run_after=2026-06-11 06:00:00+00:00
[2026-06-10T20:06:15.435+0000] {processor.py:183} INFO - Processing /opt/airflow/dags/ingest_matches_dag.py took 0.088 seconds
[2026-06-10T20:06:46.052+0000] {processor.py:161} INFO - Started process (PID=1463) to work on /opt/airflow/dags/ingest_matches_dag.py
[2026-06-10T20:06:46.053+0000] {processor.py:830} INFO - Processing file /opt/airflow/dags/ingest_matches_dag.py for tasks to queue
[2026-06-10T20:06:46.054+0000] {logging_mixin.py:188} INFO - [2026-06-10T20:06:46.054+0000] {dagbag.py:538} INFO - Filling up the DagBag from /opt/airflow/dags/ingest_matches_dag.py
[2026-06-10T20:06:46.066+0000] {processor.py:840} INFO - DAG(s) 'ingest_football_matches' retrieved from /opt/airflow/dags/ingest_matches_dag.py
[2026-06-10T20:06:46.100+0000] {logging_mixin.py:188} INFO - [2026-06-10T20:06:46.100+0000] {dag.py:3036} INFO - Sync 1 DAGs
[2026-06-10T20:06:46.128+0000] {logging_mixin.py:188} INFO - [2026-06-10T20:06:46.127+0000] {dag.py:3823} INFO - Setting next_dagrun for ingest_football_matches to 2026-06-10 06:00:00+00:00, run_after=2026-06-11 06:00:00+00:00
[2026-06-10T20:06:46.143+0000] {processor.py:183} INFO - Processing /opt/airflow/dags/ingest_matches_dag.py took 0.093 seconds
[2026-06-10T20:07:16.179+0000] {processor.py:161} INFO - Started process (PID=1468) to work on /opt/airflow/dags/ingest_matches_dag.py
[2026-06-10T20:07:16.180+0000] {processor.py:830} INFO - Processing file /opt/airflow/dags/ingest_matches_dag.py for tasks to queue
[2026-06-10T20:07:16.181+0000] {logging_mixin.py:188} INFO - [2026-06-10T20:07:16.181+0000] {dagbag.py:538} INFO - Filling up the DagBag from /opt/airflow/dags/ingest_matches_dag.py
[2026-06-10T20:07:16.192+0000] {processor.py:840} INFO - DAG(s) 'ingest_football_matches' retrieved from /opt/airflow/dags/ingest_matches_dag.py
[2026-06-10T20:07:16.223+0000] {logging_mixin.py:188} INFO - [2026-06-10T20:07:16.222+0000] {dag.py:3036} INFO - Sync 1 DAGs
[2026-06-10T20:07:16.245+0000] {logging_mixin.py:188} INFO - [2026-06-10T20:07:16.245+0000] {dag.py:3823} INFO - Setting next_dagrun for ingest_football_matches to 2026-06-10 06:00:00+00:00, run_after=2026-06-11 06:00:00+00:00
[2026-06-10T20:07:16.262+0000] {processor.py:183} INFO - Processing /opt/airflow/dags/ingest_matches_dag.py took 0.087 seconds
[2026-06-10T20:07:46.601+0000] {processor.py:161} INFO - Started process (PID=1473) to work on /opt/airflow/dags/ingest_matches_dag.py
[2026-06-10T20:07:46.603+0000] {processor.py:830} INFO - Processing file /opt/airflow/dags/ingest_matches_dag.py for tasks to queue
[2026-06-10T20:07:46.604+0000] {logging_mixin.py:188} INFO - [2026-06-10T20:07:46.603+0000] {dagbag.py:538} INFO - Filling up the DagBag from /opt/airflow/dags/ingest_matches_dag.py
[2026-06-10T20:07:46.618+0000] {processor.py:840} INFO - DAG(s) 'ingest_football_matches' retrieved from /opt/airflow/dags/ingest_matches_dag.py
[2026-06-10T20:07:46.650+0000] {logging_mixin.py:188} INFO - [2026-06-10T20:07:46.650+0000] {dag.py:3036} INFO - Sync 1 DAGs
[2026-06-10T20:07:46.672+0000] {logging_mixin.py:188} INFO - [2026-06-10T20:07:46.672+0000] {dag.py:3823} INFO - Setting next_dagrun for ingest_football_matches to 2026-06-10 06:00:00+00:00, run_after=2026-06-11 06:00:00+00:00
[2026-06-10T20:07:46.690+0000] {processor.py:183} INFO - Processing /opt/airflow/dags/ingest_matches_dag.py took 0.093 seconds
[2026-06-10T20:08:16.814+0000] {processor.py:161} INFO - Started process (PID=1478) to work on /opt/airflow/dags/ingest_matches_dag.py
[2026-06-10T20:08:16.816+0000] {processor.py:830} INFO - Processing file /opt/airflow/dags/ingest_matches_dag.py for tasks to queue
[2026-06-10T20:08:16.817+0000] {logging_mixin.py:188} INFO - [2026-06-10T20:08:16.816+0000] {dagbag.py:538} INFO - Filling up the DagBag from /opt/airflow/dags/ingest_matches_dag.py
[2026-06-10T20:08:16.829+0000] {processor.py:840} INFO - DAG(s) 'ingest_football_matches' retrieved from /opt/airflow/dags/ingest_matches_dag.py
[2026-06-10T20:08:16.858+0000] {logging_mixin.py:188} INFO - [2026-06-10T20:08:16.857+0000] {dag.py:3036} INFO - Sync 1 DAGs
[2026-06-10T20:08:16.879+0000] {logging_mixin.py:188} INFO - [2026-06-10T20:08:16.879+0000] {dag.py:3823} INFO - Setting next_dagrun for ingest_football_matches to 2026-06-10 06:00:00+00:00, run_after=2026-06-11 06:00:00+00:00
[2026-06-10T20:08:16.895+0000] {processor.py:183} INFO - Processing /opt/airflow/dags/ingest_matches_dag.py took 0.084 seconds
[2026-06-10T20:08:47.435+0000] {processor.py:161} INFO - Started process (PID=1483) to work on /opt/airflow/dags/ingest_matches_dag.py
[2026-06-10T20:08:47.438+0000] {processor.py:830} INFO - Processing file /opt/airflow/dags/ingest_matches_dag.py for tasks to queue
[2026-06-10T20:08:47.439+0000] {logging_mixin.py:188} INFO - [2026-06-10T20:08:47.439+0000] {dagbag.py:538} INFO - Filling up the DagBag from /opt/airflow/dags/ingest_matches_dag.py
[2026-06-10T20:08:47.453+0000] {processor.py:840} INFO - DAG(s) 'ingest_football_matches' retrieved from /opt/airflow/dags/ingest_matches_dag.py
[2026-06-10T20:08:47.481+0000] {logging_mixin.py:188} INFO - [2026-06-10T20:08:47.481+0000] {dag.py:3036} INFO - Sync 1 DAGs
[2026-06-10T20:08:47.502+0000] {logging_mixin.py:188} INFO - [2026-06-10T20:08:47.502+0000] {dag.py:3823} INFO - Setting next_dagrun for ingest_football_matches to 2026-06-10 06:00:00+00:00, run_after=2026-06-11 06:00:00+00:00
[2026-06-10T20:08:47.518+0000] {processor.py:183} INFO - Processing /opt/airflow/dags/ingest_matches_dag.py took 0.086 seconds
[2026-06-10T20:09:17.807+0000] {processor.py:161} INFO - Started process (PID=1488) to work on /opt/airflow/dags/ingest_matches_dag.py
[2026-06-10T20:09:17.808+0000] {processor.py:830} INFO - Processing file /opt/airflow/dags/ingest_matches_dag.py for tasks to queue
[2026-06-10T20:09:17.809+0000] {logging_mixin.py:188} INFO - [2026-06-10T20:09:17.809+0000] {dagbag.py:538} INFO - Filling up the DagBag from /opt/airflow/dags/ingest_matches_dag.py
[2026-06-10T20:09:17.822+0000] {processor.py:840} INFO - DAG(s) 'ingest_football_matches' retrieved from /opt/airflow/dags/ingest_matches_dag.py
[2026-06-10T20:09:17.850+0000] {logging_mixin.py:188} INFO - [2026-06-10T20:09:17.850+0000] {dag.py:3036} INFO - Sync 1 DAGs
[2026-06-10T20:09:17.872+0000] {logging_mixin.py:188} INFO - [2026-06-10T20:09:17.872+0000] {dag.py:3823} INFO - Setting next_dagrun for ingest_football_matches to 2026-06-10 06:00:00+00:00, run_after=2026-06-11 06:00:00+00:00
[2026-06-10T20:09:17.889+0000] {processor.py:183} INFO - Processing /opt/airflow/dags/ingest_matches_dag.py took 0.085 seconds
[2026-06-10T20:09:48.362+0000] {processor.py:161} INFO - Started process (PID=1493) to work on /opt/airflow/dags/ingest_matches_dag.py
[2026-06-10T20:09:48.366+0000] {processor.py:830} INFO - Processing file /opt/airflow/dags/ingest_matches_dag.py for tasks to queue
[2026-06-10T20:09:48.367+0000] {logging_mixin.py:188} INFO - [2026-06-10T20:09:48.367+0000] {dagbag.py:538} INFO - Filling up the DagBag from /opt/airflow/dags/ingest_matches_dag.py
[2026-06-10T20:09:48.380+0000] {processor.py:840} INFO - DAG(s) 'ingest_football_matches' retrieved from /opt/airflow/dags/ingest_matches_dag.py
[2026-06-10T20:09:48.409+0000] {logging_mixin.py:188} INFO - [2026-06-10T20:09:48.409+0000] {dag.py:3036} INFO - Sync 1 DAGs
[2026-06-10T20:09:48.432+0000] {logging_mixin.py:188} INFO - [2026-06-10T20:09:48.431+0000] {dag.py:3823} INFO - Setting next_dagrun for ingest_football_matches to 2026-06-10 06:00:00+00:00, run_after=2026-06-11 06:00:00+00:00
[2026-06-10T20:09:48.448+0000] {processor.py:183} INFO - Processing /opt/airflow/dags/ingest_matches_dag.py took 0.088 seconds
[2026-06-10T20:10:18.631+0000] {processor.py:161} INFO - Started process (PID=1498) to work on /opt/airflow/dags/ingest_matches_dag.py
[2026-06-10T20:10:18.645+0000] {processor.py:830} INFO - Processing file /opt/airflow/dags/ingest_matches_dag.py for tasks to queue
[2026-06-10T20:10:18.646+0000] {logging_mixin.py:188} INFO - [2026-06-10T20:10:18.646+0000] {dagbag.py:538} INFO - Filling up the DagBag from /opt/airflow/dags/ingest_matches_dag.py
[2026-06-10T20:10:18.659+0000] {processor.py:840} INFO - DAG(s) 'ingest_football_matches' retrieved from /opt/airflow/dags/ingest_matches_dag.py
[2026-06-10T20:10:18.688+0000] {logging_mixin.py:188} INFO - [2026-06-10T20:10:18.688+0000] {dag.py:3036} INFO - Sync 1 DAGs
[2026-06-10T20:10:18.709+0000] {logging_mixin.py:188} INFO - [2026-06-10T20:10:18.709+0000] {dag.py:3823} INFO - Setting next_dagrun for ingest_football_matches to 2026-06-10 06:00:00+00:00, run_after=2026-06-11 06:00:00+00:00
[2026-06-10T20:10:18.727+0000] {processor.py:183} INFO - Processing /opt/airflow/dags/ingest_matches_dag.py took 0.099 seconds
[2026-06-10T20:10:49.099+0000] {processor.py:161} INFO - Started process (PID=1503) to work on /opt/airflow/dags/ingest_matches_dag.py
[2026-06-10T20:10:49.103+0000] {processor.py:830} INFO - Processing file /opt/airflow/dags/ingest_matches_dag.py for tasks to queue
[2026-06-10T20:10:49.104+0000] {logging_mixin.py:188} INFO - [2026-06-10T20:10:49.103+0000] {dagbag.py:538} INFO - Filling up the DagBag from /opt/airflow/dags/ingest_matches_dag.py
[2026-06-10T20:10:49.117+0000] {processor.py:840} INFO - DAG(s) 'ingest_football_matches' retrieved from /opt/airflow/dags/ingest_matches_dag.py
[2026-06-10T20:10:49.148+0000] {logging_mixin.py:188} INFO - [2026-06-10T20:10:49.148+0000] {dag.py:3036} INFO - Sync 1 DAGs
[2026-06-10T20:10:49.171+0000] {logging_mixin.py:188} INFO - [2026-06-10T20:10:49.171+0000] {dag.py:3823} INFO - Setting next_dagrun for ingest_football_matches to 2026-06-10 06:00:00+00:00, run_after=2026-06-11 06:00:00+00:00
[2026-06-10T20:10:49.190+0000] {processor.py:183} INFO - Processing /opt/airflow/dags/ingest_matches_dag.py took 0.094 seconds
[2026-06-10T20:11:19.323+0000] {processor.py:161} INFO - Started process (PID=1508) to work on /opt/airflow/dags/ingest_matches_dag.py
[2026-06-10T20:11:19.324+0000] {processor.py:830} INFO - Processing file /opt/airflow/dags/ingest_matches_dag.py for tasks to queue
[2026-06-10T20:11:19.325+0000] {logging_mixin.py:188} INFO - [2026-06-10T20:11:19.325+0000] {dagbag.py:538} INFO - Filling up the DagBag from /opt/airflow/dags/ingest_matches_dag.py
[2026-06-10T20:11:19.339+0000] {processor.py:840} INFO - DAG(s) 'ingest_football_matches' retrieved from /opt/airflow/dags/ingest_matches_dag.py
[2026-06-10T20:11:19.370+0000] {logging_mixin.py:188} INFO - [2026-06-10T20:11:19.370+0000] {dag.py:3036} INFO - Sync 1 DAGs
[2026-06-10T20:11:19.393+0000] {logging_mixin.py:188} INFO - [2026-06-10T20:11:19.393+0000] {dag.py:3823} INFO - Setting next_dagrun for ingest_football_matches to 2026-06-10 06:00:00+00:00, run_after=2026-06-11 06:00:00+00:00
[2026-06-10T20:11:19.411+0000] {processor.py:183} INFO - Processing /opt/airflow/dags/ingest_matches_dag.py took 0.091 seconds
[2026-06-10T20:11:26.474+0000] {processor.py:161} INFO - Started process (PID=1513) to work on /opt/airflow/dags/ingest_matches_dag.py
[2026-06-10T20:11:26.475+0000] {processor.py:830} INFO - Processing file /opt/airflow/dags/ingest_matches_dag.py for tasks to queue
[2026-06-10T20:11:26.476+0000] {logging_mixin.py:188} INFO - [2026-06-10T20:11:26.476+0000] {dagbag.py:538} INFO - Filling up the DagBag from /opt/airflow/dags/ingest_matches_dag.py
[2026-06-10T20:11:26.480+0000] {logging_mixin.py:188} INFO - [2026-06-10T20:11:26.479+0000] {dagbag.py:348} ERROR - Failed to import: /opt/airflow/dags/ingest_matches_dag.py
Traceback (most recent call last):
  File "/home/airflow/.local/lib/python3.8/site-packages/airflow/models/dagbag.py", line 344, in parse
    loader.exec_module(new_module)
  File "<frozen importlib._bootstrap_external>", line 839, in exec_module
  File "<frozen importlib._bootstrap_external>", line 976, in get_code
  File "<frozen importlib._bootstrap_external>", line 906, in source_to_code
  File "<frozen importlib._bootstrap>", line 219, in _call_with_frames_removed
  File "/opt/airflow/dags/ingest_matches_dag.py", line 199
    """
    Load Parquet จาก GCS เข้า BigQuery Staging
    """
    ^
IndentationError: expected an indented block
[2026-06-10T20:11:26.480+0000] {processor.py:842} WARNING - No viable dags retrieved from /opt/airflow/dags/ingest_matches_dag.py
[2026-06-10T20:11:26.503+0000] {processor.py:183} INFO - Processing /opt/airflow/dags/ingest_matches_dag.py took 0.032 seconds
[2026-06-10T20:11:39.608+0000] {processor.py:161} INFO - Started process (PID=1518) to work on /opt/airflow/dags/ingest_matches_dag.py
[2026-06-10T20:11:39.609+0000] {processor.py:830} INFO - Processing file /opt/airflow/dags/ingest_matches_dag.py for tasks to queue
[2026-06-10T20:11:39.610+0000] {logging_mixin.py:188} INFO - [2026-06-10T20:11:39.610+0000] {dagbag.py:538} INFO - Filling up the DagBag from /opt/airflow/dags/ingest_matches_dag.py
[2026-06-10T20:11:39.625+0000] {processor.py:840} INFO - DAG(s) 'ingest_football_matches' retrieved from /opt/airflow/dags/ingest_matches_dag.py
[2026-06-10T20:11:39.655+0000] {logging_mixin.py:188} INFO - [2026-06-10T20:11:39.655+0000] {dag.py:3036} INFO - Sync 1 DAGs
[2026-06-10T20:11:39.677+0000] {logging_mixin.py:188} INFO - [2026-06-10T20:11:39.677+0000] {dag.py:3823} INFO - Setting next_dagrun for ingest_football_matches to 2026-06-10 06:00:00+00:00, run_after=2026-06-11 06:00:00+00:00
[2026-06-10T20:11:39.701+0000] {processor.py:183} INFO - Processing /opt/airflow/dags/ingest_matches_dag.py took 0.096 seconds
[2026-06-10T20:11:41.627+0000] {processor.py:161} INFO - Started process (PID=1523) to work on /opt/airflow/dags/ingest_matches_dag.py
[2026-06-10T20:11:41.628+0000] {processor.py:830} INFO - Processing file /opt/airflow/dags/ingest_matches_dag.py for tasks to queue
[2026-06-10T20:11:41.629+0000] {logging_mixin.py:188} INFO - [2026-06-10T20:11:41.628+0000] {dagbag.py:538} INFO - Filling up the DagBag from /opt/airflow/dags/ingest_matches_dag.py
[2026-06-10T20:11:41.631+0000] {logging_mixin.py:188} INFO - [2026-06-10T20:11:41.631+0000] {dagbag.py:348} ERROR - Failed to import: /opt/airflow/dags/ingest_matches_dag.py
Traceback (most recent call last):
  File "/home/airflow/.local/lib/python3.8/site-packages/airflow/models/dagbag.py", line 344, in parse
    loader.exec_module(new_module)
  File "<frozen importlib._bootstrap_external>", line 839, in exec_module
  File "<frozen importlib._bootstrap_external>", line 976, in get_code
  File "<frozen importlib._bootstrap_external>", line 906, in source_to_code
  File "<frozen importlib._bootstrap>", line 219, in _call_with_frames_removed
  File "/opt/airflow/dags/ingest_matches_dag.py", line 199
    """
    Load Parquet จาก GCS เข้า BigQuery Staging
    """
    ^
IndentationError: expected an indented block
[2026-06-10T20:11:41.632+0000] {processor.py:842} WARNING - No viable dags retrieved from /opt/airflow/dags/ingest_matches_dag.py
[2026-06-10T20:11:41.652+0000] {processor.py:183} INFO - Processing /opt/airflow/dags/ingest_matches_dag.py took 0.027 seconds
[2026-06-10T20:11:49.679+0000] {processor.py:161} INFO - Started process (PID=1528) to work on /opt/airflow/dags/ingest_matches_dag.py
[2026-06-10T20:11:49.680+0000] {processor.py:830} INFO - Processing file /opt/airflow/dags/ingest_matches_dag.py for tasks to queue
[2026-06-10T20:11:49.681+0000] {logging_mixin.py:188} INFO - [2026-06-10T20:11:49.681+0000] {dagbag.py:538} INFO - Filling up the DagBag from /opt/airflow/dags/ingest_matches_dag.py
[2026-06-10T20:11:49.689+0000] {logging_mixin.py:188} INFO - [2026-06-10T20:11:49.689+0000] {dagbag.py:348} ERROR - Failed to import: /opt/airflow/dags/ingest_matches_dag.py
Traceback (most recent call last):
  File "/home/airflow/.local/lib/python3.8/site-packages/airflow/models/dagbag.py", line 344, in parse
    loader.exec_module(new_module)
  File "<frozen importlib._bootstrap_external>", line 843, in exec_module
  File "<frozen importlib._bootstrap>", line 219, in _call_with_frames_removed
  File "/opt/airflow/dags/ingest_matches_dag.py", line 233, in <module>
    load_job.result()  # รอจน job เสร็จ
NameError: name 'load_job' is not defined
[2026-06-10T20:11:49.690+0000] {processor.py:842} WARNING - No viable dags retrieved from /opt/airflow/dags/ingest_matches_dag.py
[2026-06-10T20:11:49.711+0000] {processor.py:183} INFO - Processing /opt/airflow/dags/ingest_matches_dag.py took 0.035 seconds
[2026-06-10T20:11:59.773+0000] {processor.py:161} INFO - Started process (PID=1533) to work on /opt/airflow/dags/ingest_matches_dag.py
[2026-06-10T20:11:59.777+0000] {processor.py:830} INFO - Processing file /opt/airflow/dags/ingest_matches_dag.py for tasks to queue
[2026-06-10T20:11:59.778+0000] {logging_mixin.py:188} INFO - [2026-06-10T20:11:59.777+0000] {dagbag.py:538} INFO - Filling up the DagBag from /opt/airflow/dags/ingest_matches_dag.py
[2026-06-10T20:11:59.785+0000] {logging_mixin.py:188} INFO - [2026-06-10T20:11:59.784+0000] {dagbag.py:348} ERROR - Failed to import: /opt/airflow/dags/ingest_matches_dag.py
Traceback (most recent call last):
  File "/home/airflow/.local/lib/python3.8/site-packages/airflow/models/dagbag.py", line 344, in parse
    loader.exec_module(new_module)
  File "<frozen importlib._bootstrap_external>", line 843, in exec_module
  File "<frozen importlib._bootstrap>", line 219, in _call_with_frames_removed
  File "/opt/airflow/dags/ingest_matches_dag.py", line 233, in <module>
    load_job.result()  # รอจน job เสร็จ
NameError: name 'load_job' is not defined
[2026-06-10T20:11:59.785+0000] {processor.py:842} WARNING - No viable dags retrieved from /opt/airflow/dags/ingest_matches_dag.py
[2026-06-10T20:11:59.804+0000] {processor.py:183} INFO - Processing /opt/airflow/dags/ingest_matches_dag.py took 0.033 seconds
[2026-06-10T20:12:01.804+0000] {processor.py:161} INFO - Started process (PID=1538) to work on /opt/airflow/dags/ingest_matches_dag.py
[2026-06-10T20:12:01.804+0000] {processor.py:830} INFO - Processing file /opt/airflow/dags/ingest_matches_dag.py for tasks to queue
[2026-06-10T20:12:01.805+0000] {logging_mixin.py:188} INFO - [2026-06-10T20:12:01.805+0000] {dagbag.py:538} INFO - Filling up the DagBag from /opt/airflow/dags/ingest_matches_dag.py
[2026-06-10T20:12:01.812+0000] {logging_mixin.py:188} INFO - [2026-06-10T20:12:01.812+0000] {dagbag.py:348} ERROR - Failed to import: /opt/airflow/dags/ingest_matches_dag.py
Traceback (most recent call last):
  File "/home/airflow/.local/lib/python3.8/site-packages/airflow/models/dagbag.py", line 344, in parse
    loader.exec_module(new_module)
  File "<frozen importlib._bootstrap_external>", line 843, in exec_module
  File "<frozen importlib._bootstrap>", line 219, in _call_with_frames_removed
  File "/opt/airflow/dags/ingest_matches_dag.py", line 233, in <module>
    load_job.result()  # รอจน job เสร็จ
NameError: name 'load_job' is not defined
[2026-06-10T20:12:01.813+0000] {processor.py:842} WARNING - No viable dags retrieved from /opt/airflow/dags/ingest_matches_dag.py
[2026-06-10T20:12:01.833+0000] {processor.py:183} INFO - Processing /opt/airflow/dags/ingest_matches_dag.py took 0.033 seconds
[2026-06-10T20:12:04.896+0000] {processor.py:161} INFO - Started process (PID=1543) to work on /opt/airflow/dags/ingest_matches_dag.py
[2026-06-10T20:12:04.896+0000] {processor.py:830} INFO - Processing file /opt/airflow/dags/ingest_matches_dag.py for tasks to queue
[2026-06-10T20:12:04.897+0000] {logging_mixin.py:188} INFO - [2026-06-10T20:12:04.897+0000] {dagbag.py:538} INFO - Filling up the DagBag from /opt/airflow/dags/ingest_matches_dag.py
[2026-06-10T20:12:04.904+0000] {logging_mixin.py:188} INFO - [2026-06-10T20:12:04.903+0000] {dagbag.py:348} ERROR - Failed to import: /opt/airflow/dags/ingest_matches_dag.py
Traceback (most recent call last):
  File "/home/airflow/.local/lib/python3.8/site-packages/airflow/models/dagbag.py", line 344, in parse
    loader.exec_module(new_module)
  File "<frozen importlib._bootstrap_external>", line 843, in exec_module
  File "<frozen importlib._bootstrap>", line 219, in _call_with_frames_removed
  File "/opt/airflow/dags/ingest_matches_dag.py", line 233, in <module>
    load_job.result()  # รอจน job เสร็จ
NameError: name 'load_job' is not defined
[2026-06-10T20:12:04.904+0000] {processor.py:842} WARNING - No viable dags retrieved from /opt/airflow/dags/ingest_matches_dag.py
[2026-06-10T20:12:04.949+0000] {processor.py:183} INFO - Processing /opt/airflow/dags/ingest_matches_dag.py took 0.056 seconds
[2026-06-10T20:12:06.880+0000] {processor.py:161} INFO - Started process (PID=1548) to work on /opt/airflow/dags/ingest_matches_dag.py
[2026-06-10T20:12:06.881+0000] {processor.py:830} INFO - Processing file /opt/airflow/dags/ingest_matches_dag.py for tasks to queue
[2026-06-10T20:12:06.881+0000] {logging_mixin.py:188} INFO - [2026-06-10T20:12:06.881+0000] {dagbag.py:538} INFO - Filling up the DagBag from /opt/airflow/dags/ingest_matches_dag.py
[2026-06-10T20:12:06.889+0000] {logging_mixin.py:188} INFO - [2026-06-10T20:12:06.889+0000] {dagbag.py:348} ERROR - Failed to import: /opt/airflow/dags/ingest_matches_dag.py
Traceback (most recent call last):
  File "/home/airflow/.local/lib/python3.8/site-packages/airflow/models/dagbag.py", line 344, in parse
    loader.exec_module(new_module)
  File "<frozen importlib._bootstrap_external>", line 843, in exec_module
  File "<frozen importlib._bootstrap>", line 219, in _call_with_frames_removed
  File "/opt/airflow/dags/ingest_matches_dag.py", line 233, in <module>
    load_job.result()  # รอจน job เสร็จ
NameError: name 'load_job' is not defined
[2026-06-10T20:12:06.890+0000] {processor.py:842} WARNING - No viable dags retrieved from /opt/airflow/dags/ingest_matches_dag.py
[2026-06-10T20:12:06.911+0000] {processor.py:183} INFO - Processing /opt/airflow/dags/ingest_matches_dag.py took 0.036 seconds
[2026-06-10T20:12:09.949+0000] {processor.py:161} INFO - Started process (PID=1553) to work on /opt/airflow/dags/ingest_matches_dag.py
[2026-06-10T20:12:09.950+0000] {processor.py:830} INFO - Processing file /opt/airflow/dags/ingest_matches_dag.py for tasks to queue
[2026-06-10T20:12:09.951+0000] {logging_mixin.py:188} INFO - [2026-06-10T20:12:09.951+0000] {dagbag.py:538} INFO - Filling up the DagBag from /opt/airflow/dags/ingest_matches_dag.py
[2026-06-10T20:12:09.960+0000] {logging_mixin.py:188} INFO - [2026-06-10T20:12:09.959+0000] {dagbag.py:348} ERROR - Failed to import: /opt/airflow/dags/ingest_matches_dag.py
Traceback (most recent call last):
  File "/home/airflow/.local/lib/python3.8/site-packages/airflow/models/dagbag.py", line 344, in parse
    loader.exec_module(new_module)
  File "<frozen importlib._bootstrap_external>", line 843, in exec_module
  File "<frozen importlib._bootstrap>", line 219, in _call_with_frames_removed
  File "/opt/airflow/dags/ingest_matches_dag.py", line 233, in <module>
    load_job.result()  # รอจน job เสร็จ
NameError: name 'load_job' is not defined
[2026-06-10T20:12:09.960+0000] {processor.py:842} WARNING - No viable dags retrieved from /opt/airflow/dags/ingest_matches_dag.py
[2026-06-10T20:12:09.984+0000] {processor.py:183} INFO - Processing /opt/airflow/dags/ingest_matches_dag.py took 0.038 seconds
[2026-06-10T20:15:18.570+0000] {processor.py:161} INFO - Started process (PID=175) to work on /opt/airflow/dags/ingest_matches_dag.py
[2026-06-10T20:15:18.571+0000] {processor.py:830} INFO - Processing file /opt/airflow/dags/ingest_matches_dag.py for tasks to queue
[2026-06-10T20:15:18.573+0000] {logging_mixin.py:188} INFO - [2026-06-10T20:15:18.572+0000] {dagbag.py:538} INFO - Filling up the DagBag from /opt/airflow/dags/ingest_matches_dag.py
[2026-06-10T20:15:18.583+0000] {logging_mixin.py:188} INFO - [2026-06-10T20:15:18.582+0000] {dagbag.py:348} ERROR - Failed to import: /opt/airflow/dags/ingest_matches_dag.py
Traceback (most recent call last):
  File "/home/airflow/.local/lib/python3.8/site-packages/airflow/models/dagbag.py", line 344, in parse
    loader.exec_module(new_module)
  File "<frozen importlib._bootstrap_external>", line 843, in exec_module
  File "<frozen importlib._bootstrap>", line 219, in _call_with_frames_removed
  File "/opt/airflow/dags/ingest_matches_dag.py", line 233, in <module>
    load_job.result()  # รอจน job เสร็จ
NameError: name 'load_job' is not defined
[2026-06-10T20:15:18.583+0000] {processor.py:842} WARNING - No viable dags retrieved from /opt/airflow/dags/ingest_matches_dag.py
[2026-06-10T20:15:18.610+0000] {processor.py:183} INFO - Processing /opt/airflow/dags/ingest_matches_dag.py took 0.045 seconds
[2026-06-10T20:15:48.694+0000] {processor.py:161} INFO - Started process (PID=180) to work on /opt/airflow/dags/ingest_matches_dag.py
[2026-06-10T20:15:48.695+0000] {processor.py:830} INFO - Processing file /opt/airflow/dags/ingest_matches_dag.py for tasks to queue
[2026-06-10T20:15:48.696+0000] {logging_mixin.py:188} INFO - [2026-06-10T20:15:48.696+0000] {dagbag.py:538} INFO - Filling up the DagBag from /opt/airflow/dags/ingest_matches_dag.py
[2026-06-10T20:15:48.704+0000] {logging_mixin.py:188} INFO - [2026-06-10T20:15:48.704+0000] {dagbag.py:348} ERROR - Failed to import: /opt/airflow/dags/ingest_matches_dag.py
Traceback (most recent call last):
  File "/home/airflow/.local/lib/python3.8/site-packages/airflow/models/dagbag.py", line 344, in parse
    loader.exec_module(new_module)
  File "<frozen importlib._bootstrap_external>", line 843, in exec_module
  File "<frozen importlib._bootstrap>", line 219, in _call_with_frames_removed
  File "/opt/airflow/dags/ingest_matches_dag.py", line 233, in <module>
    load_job.result()  # รอจน job เสร็จ
NameError: name 'load_job' is not defined
[2026-06-10T20:15:48.705+0000] {processor.py:842} WARNING - No viable dags retrieved from /opt/airflow/dags/ingest_matches_dag.py
[2026-06-10T20:15:48.726+0000] {processor.py:183} INFO - Processing /opt/airflow/dags/ingest_matches_dag.py took 0.037 seconds
[2026-06-10T20:16:18.795+0000] {processor.py:161} INFO - Started process (PID=185) to work on /opt/airflow/dags/ingest_matches_dag.py
[2026-06-10T20:16:18.797+0000] {processor.py:830} INFO - Processing file /opt/airflow/dags/ingest_matches_dag.py for tasks to queue
[2026-06-10T20:16:18.798+0000] {logging_mixin.py:188} INFO - [2026-06-10T20:16:18.798+0000] {dagbag.py:538} INFO - Filling up the DagBag from /opt/airflow/dags/ingest_matches_dag.py
[2026-06-10T20:16:18.814+0000] {logging_mixin.py:188} INFO - [2026-06-10T20:16:18.813+0000] {dagbag.py:348} ERROR - Failed to import: /opt/airflow/dags/ingest_matches_dag.py
Traceback (most recent call last):
  File "/home/airflow/.local/lib/python3.8/site-packages/airflow/models/dagbag.py", line 344, in parse
    loader.exec_module(new_module)
  File "<frozen importlib._bootstrap_external>", line 843, in exec_module
  File "<frozen importlib._bootstrap>", line 219, in _call_with_frames_removed
  File "/opt/airflow/dags/ingest_matches_dag.py", line 233, in <module>
    load_job.result()  # รอจน job เสร็จ
NameError: name 'load_job' is not defined
[2026-06-10T20:16:18.814+0000] {processor.py:842} WARNING - No viable dags retrieved from /opt/airflow/dags/ingest_matches_dag.py
[2026-06-10T20:16:18.846+0000] {processor.py:183} INFO - Processing /opt/airflow/dags/ingest_matches_dag.py took 0.055 seconds
[2026-06-10T20:16:48.903+0000] {processor.py:161} INFO - Started process (PID=190) to work on /opt/airflow/dags/ingest_matches_dag.py
[2026-06-10T20:16:48.905+0000] {processor.py:830} INFO - Processing file /opt/airflow/dags/ingest_matches_dag.py for tasks to queue
[2026-06-10T20:16:48.905+0000] {logging_mixin.py:188} INFO - [2026-06-10T20:16:48.905+0000] {dagbag.py:538} INFO - Filling up the DagBag from /opt/airflow/dags/ingest_matches_dag.py
[2026-06-10T20:16:48.913+0000] {logging_mixin.py:188} INFO - [2026-06-10T20:16:48.912+0000] {dagbag.py:348} ERROR - Failed to import: /opt/airflow/dags/ingest_matches_dag.py
Traceback (most recent call last):
  File "/home/airflow/.local/lib/python3.8/site-packages/airflow/models/dagbag.py", line 344, in parse
    loader.exec_module(new_module)
  File "<frozen importlib._bootstrap_external>", line 843, in exec_module
  File "<frozen importlib._bootstrap>", line 219, in _call_with_frames_removed
  File "/opt/airflow/dags/ingest_matches_dag.py", line 233, in <module>
    load_job.result()  # รอจน job เสร็จ
NameError: name 'load_job' is not defined
[2026-06-10T20:16:48.913+0000] {processor.py:842} WARNING - No viable dags retrieved from /opt/airflow/dags/ingest_matches_dag.py
[2026-06-10T20:16:48.933+0000] {processor.py:183} INFO - Processing /opt/airflow/dags/ingest_matches_dag.py took 0.034 seconds
[2026-06-10T20:17:19.012+0000] {processor.py:161} INFO - Started process (PID=195) to work on /opt/airflow/dags/ingest_matches_dag.py
[2026-06-10T20:17:19.017+0000] {processor.py:830} INFO - Processing file /opt/airflow/dags/ingest_matches_dag.py for tasks to queue
[2026-06-10T20:17:19.018+0000] {logging_mixin.py:188} INFO - [2026-06-10T20:17:19.017+0000] {dagbag.py:538} INFO - Filling up the DagBag from /opt/airflow/dags/ingest_matches_dag.py
[2026-06-10T20:17:19.026+0000] {logging_mixin.py:188} INFO - [2026-06-10T20:17:19.026+0000] {dagbag.py:348} ERROR - Failed to import: /opt/airflow/dags/ingest_matches_dag.py
Traceback (most recent call last):
  File "/home/airflow/.local/lib/python3.8/site-packages/airflow/models/dagbag.py", line 344, in parse
    loader.exec_module(new_module)
  File "<frozen importlib._bootstrap_external>", line 843, in exec_module
  File "<frozen importlib._bootstrap>", line 219, in _call_with_frames_removed
  File "/opt/airflow/dags/ingest_matches_dag.py", line 233, in <module>
    load_job.result()  # รอจน job เสร็จ
NameError: name 'load_job' is not defined
[2026-06-10T20:17:19.026+0000] {processor.py:842} WARNING - No viable dags retrieved from /opt/airflow/dags/ingest_matches_dag.py
[2026-06-10T20:17:19.053+0000] {processor.py:183} INFO - Processing /opt/airflow/dags/ingest_matches_dag.py took 0.045 seconds
[2026-06-10T20:17:49.126+0000] {processor.py:161} INFO - Started process (PID=200) to work on /opt/airflow/dags/ingest_matches_dag.py
[2026-06-10T20:17:49.130+0000] {processor.py:830} INFO - Processing file /opt/airflow/dags/ingest_matches_dag.py for tasks to queue
[2026-06-10T20:17:49.131+0000] {logging_mixin.py:188} INFO - [2026-06-10T20:17:49.131+0000] {dagbag.py:538} INFO - Filling up the DagBag from /opt/airflow/dags/ingest_matches_dag.py
[2026-06-10T20:17:49.139+0000] {logging_mixin.py:188} INFO - [2026-06-10T20:17:49.139+0000] {dagbag.py:348} ERROR - Failed to import: /opt/airflow/dags/ingest_matches_dag.py
Traceback (most recent call last):
  File "/home/airflow/.local/lib/python3.8/site-packages/airflow/models/dagbag.py", line 344, in parse
    loader.exec_module(new_module)
  File "<frozen importlib._bootstrap_external>", line 843, in exec_module
  File "<frozen importlib._bootstrap>", line 219, in _call_with_frames_removed
  File "/opt/airflow/dags/ingest_matches_dag.py", line 233, in <module>
    load_job.result()  # รอจน job เสร็จ
NameError: name 'load_job' is not defined
[2026-06-10T20:17:49.140+0000] {processor.py:842} WARNING - No viable dags retrieved from /opt/airflow/dags/ingest_matches_dag.py
[2026-06-10T20:17:49.161+0000] {processor.py:183} INFO - Processing /opt/airflow/dags/ingest_matches_dag.py took 0.038 seconds
[2026-06-10T20:18:19.243+0000] {processor.py:161} INFO - Started process (PID=205) to work on /opt/airflow/dags/ingest_matches_dag.py
[2026-06-10T20:18:19.245+0000] {processor.py:830} INFO - Processing file /opt/airflow/dags/ingest_matches_dag.py for tasks to queue
[2026-06-10T20:18:19.246+0000] {logging_mixin.py:188} INFO - [2026-06-10T20:18:19.245+0000] {dagbag.py:538} INFO - Filling up the DagBag from /opt/airflow/dags/ingest_matches_dag.py
[2026-06-10T20:18:19.253+0000] {logging_mixin.py:188} INFO - [2026-06-10T20:18:19.252+0000] {dagbag.py:348} ERROR - Failed to import: /opt/airflow/dags/ingest_matches_dag.py
Traceback (most recent call last):
  File "/home/airflow/.local/lib/python3.8/site-packages/airflow/models/dagbag.py", line 344, in parse
    loader.exec_module(new_module)
  File "<frozen importlib._bootstrap_external>", line 843, in exec_module
  File "<frozen importlib._bootstrap>", line 219, in _call_with_frames_removed
  File "/opt/airflow/dags/ingest_matches_dag.py", line 233, in <module>
    load_job.result()  # รอจน job เสร็จ
NameError: name 'load_job' is not defined
[2026-06-10T20:18:19.253+0000] {processor.py:842} WARNING - No viable dags retrieved from /opt/airflow/dags/ingest_matches_dag.py
[2026-06-10T20:18:19.273+0000] {processor.py:183} INFO - Processing /opt/airflow/dags/ingest_matches_dag.py took 0.033 seconds
[2026-06-10T20:18:49.346+0000] {processor.py:161} INFO - Started process (PID=210) to work on /opt/airflow/dags/ingest_matches_dag.py
[2026-06-10T20:18:49.348+0000] {processor.py:830} INFO - Processing file /opt/airflow/dags/ingest_matches_dag.py for tasks to queue
[2026-06-10T20:18:49.349+0000] {logging_mixin.py:188} INFO - [2026-06-10T20:18:49.348+0000] {dagbag.py:538} INFO - Filling up the DagBag from /opt/airflow/dags/ingest_matches_dag.py
[2026-06-10T20:18:49.357+0000] {logging_mixin.py:188} INFO - [2026-06-10T20:18:49.356+0000] {dagbag.py:348} ERROR - Failed to import: /opt/airflow/dags/ingest_matches_dag.py
Traceback (most recent call last):
  File "/home/airflow/.local/lib/python3.8/site-packages/airflow/models/dagbag.py", line 344, in parse
    loader.exec_module(new_module)
  File "<frozen importlib._bootstrap_external>", line 843, in exec_module
  File "<frozen importlib._bootstrap>", line 219, in _call_with_frames_removed
  File "/opt/airflow/dags/ingest_matches_dag.py", line 233, in <module>
    load_job.result()  # รอจน job เสร็จ
NameError: name 'load_job' is not defined
[2026-06-10T20:18:49.357+0000] {processor.py:842} WARNING - No viable dags retrieved from /opt/airflow/dags/ingest_matches_dag.py
[2026-06-10T20:18:49.378+0000] {processor.py:183} INFO - Processing /opt/airflow/dags/ingest_matches_dag.py took 0.035 seconds
[2026-06-10T20:19:19.433+0000] {processor.py:161} INFO - Started process (PID=215) to work on /opt/airflow/dags/ingest_matches_dag.py
[2026-06-10T20:19:19.435+0000] {processor.py:830} INFO - Processing file /opt/airflow/dags/ingest_matches_dag.py for tasks to queue
[2026-06-10T20:19:19.437+0000] {logging_mixin.py:188} INFO - [2026-06-10T20:19:19.436+0000] {dagbag.py:538} INFO - Filling up the DagBag from /opt/airflow/dags/ingest_matches_dag.py
[2026-06-10T20:19:19.458+0000] {logging_mixin.py:188} INFO - [2026-06-10T20:19:19.457+0000] {dagbag.py:348} ERROR - Failed to import: /opt/airflow/dags/ingest_matches_dag.py
Traceback (most recent call last):
  File "/home/airflow/.local/lib/python3.8/site-packages/airflow/models/dagbag.py", line 344, in parse
    loader.exec_module(new_module)
  File "<frozen importlib._bootstrap_external>", line 843, in exec_module
  File "<frozen importlib._bootstrap>", line 219, in _call_with_frames_removed
  File "/opt/airflow/dags/ingest_matches_dag.py", line 233, in <module>
    load_job.result()  # รอจน job เสร็จ
NameError: name 'load_job' is not defined
[2026-06-10T20:19:19.459+0000] {processor.py:842} WARNING - No viable dags retrieved from /opt/airflow/dags/ingest_matches_dag.py
[2026-06-10T20:19:19.495+0000] {processor.py:183} INFO - Processing /opt/airflow/dags/ingest_matches_dag.py took 0.066 seconds
[2026-06-10T20:19:50.447+0000] {processor.py:161} INFO - Started process (PID=220) to work on /opt/airflow/dags/ingest_matches_dag.py
[2026-06-10T20:19:50.450+0000] {processor.py:830} INFO - Processing file /opt/airflow/dags/ingest_matches_dag.py for tasks to queue
[2026-06-10T20:19:50.450+0000] {logging_mixin.py:188} INFO - [2026-06-10T20:19:50.450+0000] {dagbag.py:538} INFO - Filling up the DagBag from /opt/airflow/dags/ingest_matches_dag.py
[2026-06-10T20:19:50.458+0000] {logging_mixin.py:188} INFO - [2026-06-10T20:19:50.457+0000] {dagbag.py:348} ERROR - Failed to import: /opt/airflow/dags/ingest_matches_dag.py
Traceback (most recent call last):
  File "/home/airflow/.local/lib/python3.8/site-packages/airflow/models/dagbag.py", line 344, in parse
    loader.exec_module(new_module)
  File "<frozen importlib._bootstrap_external>", line 843, in exec_module
  File "<frozen importlib._bootstrap>", line 219, in _call_with_frames_removed
  File "/opt/airflow/dags/ingest_matches_dag.py", line 233, in <module>
    load_job.result()  # รอจน job เสร็จ
NameError: name 'load_job' is not defined
[2026-06-10T20:19:50.458+0000] {processor.py:842} WARNING - No viable dags retrieved from /opt/airflow/dags/ingest_matches_dag.py
[2026-06-10T20:19:50.479+0000] {processor.py:183} INFO - Processing /opt/airflow/dags/ingest_matches_dag.py took 0.036 seconds
[2026-06-10T20:20:20.583+0000] {processor.py:161} INFO - Started process (PID=225) to work on /opt/airflow/dags/ingest_matches_dag.py
[2026-06-10T20:20:20.585+0000] {processor.py:830} INFO - Processing file /opt/airflow/dags/ingest_matches_dag.py for tasks to queue
[2026-06-10T20:20:20.585+0000] {logging_mixin.py:188} INFO - [2026-06-10T20:20:20.585+0000] {dagbag.py:538} INFO - Filling up the DagBag from /opt/airflow/dags/ingest_matches_dag.py
[2026-06-10T20:20:20.591+0000] {logging_mixin.py:188} INFO - [2026-06-10T20:20:20.591+0000] {dagbag.py:348} ERROR - Failed to import: /opt/airflow/dags/ingest_matches_dag.py
Traceback (most recent call last):
  File "/home/airflow/.local/lib/python3.8/site-packages/airflow/models/dagbag.py", line 344, in parse
    loader.exec_module(new_module)
  File "<frozen importlib._bootstrap_external>", line 843, in exec_module
  File "<frozen importlib._bootstrap>", line 219, in _call_with_frames_removed
  File "/opt/airflow/dags/ingest_matches_dag.py", line 233, in <module>
    load_job.result()  # รอจน job เสร็จ
NameError: name 'load_job' is not defined
[2026-06-10T20:20:20.592+0000] {processor.py:842} WARNING - No viable dags retrieved from /opt/airflow/dags/ingest_matches_dag.py
[2026-06-10T20:20:20.612+0000] {processor.py:183} INFO - Processing /opt/airflow/dags/ingest_matches_dag.py took 0.033 seconds
[2026-06-10T20:20:50.669+0000] {processor.py:161} INFO - Started process (PID=230) to work on /opt/airflow/dags/ingest_matches_dag.py
[2026-06-10T20:20:50.670+0000] {processor.py:830} INFO - Processing file /opt/airflow/dags/ingest_matches_dag.py for tasks to queue
[2026-06-10T20:20:50.671+0000] {logging_mixin.py:188} INFO - [2026-06-10T20:20:50.670+0000] {dagbag.py:538} INFO - Filling up the DagBag from /opt/airflow/dags/ingest_matches_dag.py
[2026-06-10T20:20:50.679+0000] {logging_mixin.py:188} INFO - [2026-06-10T20:20:50.678+0000] {dagbag.py:348} ERROR - Failed to import: /opt/airflow/dags/ingest_matches_dag.py
Traceback (most recent call last):
  File "/home/airflow/.local/lib/python3.8/site-packages/airflow/models/dagbag.py", line 344, in parse
    loader.exec_module(new_module)
  File "<frozen importlib._bootstrap_external>", line 843, in exec_module
  File "<frozen importlib._bootstrap>", line 219, in _call_with_frames_removed
  File "/opt/airflow/dags/ingest_matches_dag.py", line 233, in <module>
    load_job.result()  # รอจน job เสร็จ
NameError: name 'load_job' is not defined
[2026-06-10T20:20:50.679+0000] {processor.py:842} WARNING - No viable dags retrieved from /opt/airflow/dags/ingest_matches_dag.py
[2026-06-10T20:20:50.699+0000] {processor.py:183} INFO - Processing /opt/airflow/dags/ingest_matches_dag.py took 0.033 seconds
[2026-06-10T20:20:56.707+0000] {processor.py:161} INFO - Started process (PID=235) to work on /opt/airflow/dags/ingest_matches_dag.py
[2026-06-10T20:20:56.708+0000] {processor.py:830} INFO - Processing file /opt/airflow/dags/ingest_matches_dag.py for tasks to queue
[2026-06-10T20:20:56.709+0000] {logging_mixin.py:188} INFO - [2026-06-10T20:20:56.709+0000] {dagbag.py:538} INFO - Filling up the DagBag from /opt/airflow/dags/ingest_matches_dag.py
[2026-06-10T20:20:56.732+0000] {processor.py:840} INFO - DAG(s) 'ingest_football_matches' retrieved from /opt/airflow/dags/ingest_matches_dag.py
[2026-06-10T20:20:56.928+0000] {logging_mixin.py:188} INFO - [2026-06-10T20:20:56.928+0000] {dag.py:3036} INFO - Sync 1 DAGs
[2026-06-10T20:20:56.949+0000] {logging_mixin.py:188} INFO - [2026-06-10T20:20:56.949+0000] {dag.py:3823} INFO - Setting next_dagrun for ingest_football_matches to 2026-06-10 06:00:00+00:00, run_after=2026-06-11 06:00:00+00:00
[2026-06-10T20:20:56.973+0000] {processor.py:183} INFO - Processing /opt/airflow/dags/ingest_matches_dag.py took 0.269 seconds
[2026-06-10T20:21:27.019+0000] {processor.py:161} INFO - Started process (PID=249) to work on /opt/airflow/dags/ingest_matches_dag.py
[2026-06-10T20:21:27.020+0000] {processor.py:830} INFO - Processing file /opt/airflow/dags/ingest_matches_dag.py for tasks to queue
[2026-06-10T20:21:27.021+0000] {logging_mixin.py:188} INFO - [2026-06-10T20:21:27.021+0000] {dagbag.py:538} INFO - Filling up the DagBag from /opt/airflow/dags/ingest_matches_dag.py
[2026-06-10T20:21:27.037+0000] {processor.py:840} INFO - DAG(s) 'ingest_football_matches' retrieved from /opt/airflow/dags/ingest_matches_dag.py
[2026-06-10T20:21:27.070+0000] {logging_mixin.py:188} INFO - [2026-06-10T20:21:27.070+0000] {dag.py:3036} INFO - Sync 1 DAGs
[2026-06-10T20:21:27.096+0000] {logging_mixin.py:188} INFO - [2026-06-10T20:21:27.096+0000] {dag.py:3823} INFO - Setting next_dagrun for ingest_football_matches to 2026-06-10 06:00:00+00:00, run_after=2026-06-11 06:00:00+00:00
[2026-06-10T20:21:27.123+0000] {processor.py:183} INFO - Processing /opt/airflow/dags/ingest_matches_dag.py took 0.107 seconds
[2026-06-10T20:21:57.189+0000] {processor.py:161} INFO - Started process (PID=552) to work on /opt/airflow/dags/ingest_matches_dag.py
[2026-06-10T20:21:57.192+0000] {processor.py:830} INFO - Processing file /opt/airflow/dags/ingest_matches_dag.py for tasks to queue
[2026-06-10T20:21:57.193+0000] {logging_mixin.py:188} INFO - [2026-06-10T20:21:57.192+0000] {dagbag.py:538} INFO - Filling up the DagBag from /opt/airflow/dags/ingest_matches_dag.py
[2026-06-10T20:21:57.213+0000] {processor.py:840} INFO - DAG(s) 'ingest_football_matches' retrieved from /opt/airflow/dags/ingest_matches_dag.py
[2026-06-10T20:21:57.250+0000] {logging_mixin.py:188} INFO - [2026-06-10T20:21:57.249+0000] {dag.py:3036} INFO - Sync 1 DAGs
[2026-06-10T20:21:57.276+0000] {logging_mixin.py:188} INFO - [2026-06-10T20:21:57.275+0000] {dag.py:3823} INFO - Setting next_dagrun for ingest_football_matches to 2026-06-10 06:00:00+00:00, run_after=2026-06-11 06:00:00+00:00
[2026-06-10T20:21:57.295+0000] {processor.py:183} INFO - Processing /opt/airflow/dags/ingest_matches_dag.py took 0.111 seconds
[2026-06-10T20:22:27.353+0000] {processor.py:161} INFO - Started process (PID=557) to work on /opt/airflow/dags/ingest_matches_dag.py
[2026-06-10T20:22:27.372+0000] {processor.py:830} INFO - Processing file /opt/airflow/dags/ingest_matches_dag.py for tasks to queue
[2026-06-10T20:22:27.373+0000] {logging_mixin.py:188} INFO - [2026-06-10T20:22:27.372+0000] {dagbag.py:538} INFO - Filling up the DagBag from /opt/airflow/dags/ingest_matches_dag.py
[2026-06-10T20:22:27.387+0000] {processor.py:840} INFO - DAG(s) 'ingest_football_matches' retrieved from /opt/airflow/dags/ingest_matches_dag.py
[2026-06-10T20:22:27.430+0000] {logging_mixin.py:188} INFO - [2026-06-10T20:22:27.429+0000] {dag.py:3036} INFO - Sync 1 DAGs
[2026-06-10T20:22:27.458+0000] {logging_mixin.py:188} INFO - [2026-06-10T20:22:27.457+0000] {dag.py:3823} INFO - Setting next_dagrun for ingest_football_matches to 2026-06-10 06:00:00+00:00, run_after=2026-06-11 06:00:00+00:00
[2026-06-10T20:22:27.479+0000] {processor.py:183} INFO - Processing /opt/airflow/dags/ingest_matches_dag.py took 0.129 seconds
[2026-06-10T20:22:44.503+0000] {processor.py:161} INFO - Started process (PID=562) to work on /opt/airflow/dags/ingest_matches_dag.py
[2026-06-10T20:22:44.504+0000] {processor.py:830} INFO - Processing file /opt/airflow/dags/ingest_matches_dag.py for tasks to queue
[2026-06-10T20:22:44.505+0000] {logging_mixin.py:188} INFO - [2026-06-10T20:22:44.504+0000] {dagbag.py:538} INFO - Filling up the DagBag from /opt/airflow/dags/ingest_matches_dag.py
[2026-06-10T20:22:44.508+0000] {logging_mixin.py:188} INFO - [2026-06-10T20:22:44.507+0000] {dagbag.py:348} ERROR - Failed to import: /opt/airflow/dags/ingest_matches_dag.py
Traceback (most recent call last):
  File "/home/airflow/.local/lib/python3.8/site-packages/airflow/models/dagbag.py", line 344, in parse
    loader.exec_module(new_module)
  File "<frozen importlib._bootstrap_external>", line 839, in exec_module
  File "<frozen importlib._bootstrap_external>", line 976, in get_code
  File "<frozen importlib._bootstrap_external>", line 906, in source_to_code
  File "<frozen importlib._bootstrap>", line 219, in _call_with_frames_removed
  File "/opt/airflow/dags/ingest_matches_dag.py", line 197
    from google.cloud import bigquery
    ^
IndentationError: expected an indented block
[2026-06-10T20:22:44.508+0000] {processor.py:842} WARNING - No viable dags retrieved from /opt/airflow/dags/ingest_matches_dag.py
[2026-06-10T20:22:44.534+0000] {processor.py:183} INFO - Processing /opt/airflow/dags/ingest_matches_dag.py took 0.035 seconds
[2026-06-10T20:22:48.536+0000] {processor.py:161} INFO - Started process (PID=567) to work on /opt/airflow/dags/ingest_matches_dag.py
[2026-06-10T20:22:48.537+0000] {processor.py:830} INFO - Processing file /opt/airflow/dags/ingest_matches_dag.py for tasks to queue
[2026-06-10T20:22:48.538+0000] {logging_mixin.py:188} INFO - [2026-06-10T20:22:48.537+0000] {dagbag.py:538} INFO - Filling up the DagBag from /opt/airflow/dags/ingest_matches_dag.py
[2026-06-10T20:22:48.551+0000] {processor.py:840} INFO - DAG(s) 'ingest_football_matches' retrieved from /opt/airflow/dags/ingest_matches_dag.py
[2026-06-10T20:22:48.584+0000] {logging_mixin.py:188} INFO - [2026-06-10T20:22:48.584+0000] {dag.py:3036} INFO - Sync 1 DAGs
[2026-06-10T20:22:48.606+0000] {logging_mixin.py:188} INFO - [2026-06-10T20:22:48.605+0000] {dag.py:3823} INFO - Setting next_dagrun for ingest_football_matches to 2026-06-10 06:00:00+00:00, run_after=2026-06-11 06:00:00+00:00
[2026-06-10T20:22:48.626+0000] {processor.py:183} INFO - Processing /opt/airflow/dags/ingest_matches_dag.py took 0.094 seconds
[2026-06-10T20:23:18.758+0000] {processor.py:161} INFO - Started process (PID=578) to work on /opt/airflow/dags/ingest_matches_dag.py
[2026-06-10T20:23:18.760+0000] {processor.py:830} INFO - Processing file /opt/airflow/dags/ingest_matches_dag.py for tasks to queue
[2026-06-10T20:23:18.761+0000] {logging_mixin.py:188} INFO - [2026-06-10T20:23:18.760+0000] {dagbag.py:538} INFO - Filling up the DagBag from /opt/airflow/dags/ingest_matches_dag.py
[2026-06-10T20:23:18.776+0000] {processor.py:840} INFO - DAG(s) 'ingest_football_matches' retrieved from /opt/airflow/dags/ingest_matches_dag.py
[2026-06-10T20:23:18.812+0000] {logging_mixin.py:188} INFO - [2026-06-10T20:23:18.812+0000] {dag.py:3036} INFO - Sync 1 DAGs
[2026-06-10T20:23:18.838+0000] {logging_mixin.py:188} INFO - [2026-06-10T20:23:18.838+0000] {dag.py:3823} INFO - Setting next_dagrun for ingest_football_matches to 2026-06-10 06:00:00+00:00, run_after=2026-06-11 06:00:00+00:00
[2026-06-10T20:23:18.865+0000] {processor.py:183} INFO - Processing /opt/airflow/dags/ingest_matches_dag.py took 0.110 seconds
[2026-06-10T20:23:48.950+0000] {processor.py:161} INFO - Started process (PID=900) to work on /opt/airflow/dags/ingest_matches_dag.py
[2026-06-10T20:23:48.951+0000] {processor.py:830} INFO - Processing file /opt/airflow/dags/ingest_matches_dag.py for tasks to queue
[2026-06-10T20:23:48.952+0000] {logging_mixin.py:188} INFO - [2026-06-10T20:23:48.952+0000] {dagbag.py:538} INFO - Filling up the DagBag from /opt/airflow/dags/ingest_matches_dag.py
[2026-06-10T20:23:48.966+0000] {processor.py:840} INFO - DAG(s) 'ingest_football_matches' retrieved from /opt/airflow/dags/ingest_matches_dag.py
[2026-06-10T20:23:49.002+0000] {logging_mixin.py:188} INFO - [2026-06-10T20:23:49.002+0000] {dag.py:3036} INFO - Sync 1 DAGs
[2026-06-10T20:23:49.031+0000] {logging_mixin.py:188} INFO - [2026-06-10T20:23:49.030+0000] {dag.py:3823} INFO - Setting next_dagrun for ingest_football_matches to 2026-06-10 06:00:00+00:00, run_after=2026-06-11 06:00:00+00:00
[2026-06-10T20:23:49.054+0000] {processor.py:183} INFO - Processing /opt/airflow/dags/ingest_matches_dag.py took 0.108 seconds
[2026-06-10T20:24:18.095+0000] {processor.py:161} INFO - Started process (PID=905) to work on /opt/airflow/dags/ingest_matches_dag.py
[2026-06-10T20:24:18.097+0000] {processor.py:830} INFO - Processing file /opt/airflow/dags/ingest_matches_dag.py for tasks to queue
[2026-06-10T20:24:18.098+0000] {logging_mixin.py:188} INFO - [2026-06-10T20:24:18.097+0000] {dagbag.py:538} INFO - Filling up the DagBag from /opt/airflow/dags/ingest_matches_dag.py
[2026-06-10T20:24:18.101+0000] {logging_mixin.py:188} INFO - [2026-06-10T20:24:18.100+0000] {dagbag.py:348} ERROR - Failed to import: /opt/airflow/dags/ingest_matches_dag.py
Traceback (most recent call last):
  File "/home/airflow/.local/lib/python3.8/site-packages/airflow/models/dagbag.py", line 344, in parse
    loader.exec_module(new_module)
  File "<frozen importlib._bootstrap_external>", line 839, in exec_module
  File "<frozen importlib._bootstrap_external>", line 976, in get_code
  File "<frozen importlib._bootstrap_external>", line 906, in source_to_code
  File "<frozen importlib._bootstrap>", line 219, in _call_with_frames_removed
  File "/opt/airflow/dags/ingest_matches_dag.py", line 197
    from google.cloud import bigquery, storage
    ^
IndentationError: expected an indented block
[2026-06-10T20:24:18.101+0000] {processor.py:842} WARNING - No viable dags retrieved from /opt/airflow/dags/ingest_matches_dag.py
[2026-06-10T20:24:18.123+0000] {processor.py:183} INFO - Processing /opt/airflow/dags/ingest_matches_dag.py took 0.031 seconds
[2026-06-10T20:24:22.167+0000] {processor.py:161} INFO - Started process (PID=910) to work on /opt/airflow/dags/ingest_matches_dag.py
[2026-06-10T20:24:22.167+0000] {processor.py:830} INFO - Processing file /opt/airflow/dags/ingest_matches_dag.py for tasks to queue
[2026-06-10T20:24:22.168+0000] {logging_mixin.py:188} INFO - [2026-06-10T20:24:22.168+0000] {dagbag.py:538} INFO - Filling up the DagBag from /opt/airflow/dags/ingest_matches_dag.py
[2026-06-10T20:24:22.182+0000] {processor.py:840} INFO - DAG(s) 'ingest_football_matches' retrieved from /opt/airflow/dags/ingest_matches_dag.py
[2026-06-10T20:24:22.212+0000] {logging_mixin.py:188} INFO - [2026-06-10T20:24:22.212+0000] {dag.py:3036} INFO - Sync 1 DAGs
[2026-06-10T20:24:22.234+0000] {logging_mixin.py:188} INFO - [2026-06-10T20:24:22.233+0000] {dag.py:3823} INFO - Setting next_dagrun for ingest_football_matches to 2026-06-10 06:00:00+00:00, run_after=2026-06-11 06:00:00+00:00
[2026-06-10T20:24:22.255+0000] {processor.py:183} INFO - Processing /opt/airflow/dags/ingest_matches_dag.py took 0.091 seconds
[2026-06-10T20:24:52.431+0000] {processor.py:161} INFO - Started process (PID=920) to work on /opt/airflow/dags/ingest_matches_dag.py
[2026-06-10T20:24:52.432+0000] {processor.py:830} INFO - Processing file /opt/airflow/dags/ingest_matches_dag.py for tasks to queue
[2026-06-10T20:24:52.432+0000] {logging_mixin.py:188} INFO - [2026-06-10T20:24:52.432+0000] {dagbag.py:538} INFO - Filling up the DagBag from /opt/airflow/dags/ingest_matches_dag.py
[2026-06-10T20:24:52.444+0000] {processor.py:840} INFO - DAG(s) 'ingest_football_matches' retrieved from /opt/airflow/dags/ingest_matches_dag.py
[2026-06-10T20:24:52.471+0000] {logging_mixin.py:188} INFO - [2026-06-10T20:24:52.471+0000] {dag.py:3036} INFO - Sync 1 DAGs
[2026-06-10T20:24:52.493+0000] {logging_mixin.py:188} INFO - [2026-06-10T20:24:52.493+0000] {dag.py:3823} INFO - Setting next_dagrun for ingest_football_matches to 2026-06-10 06:00:00+00:00, run_after=2026-06-11 06:00:00+00:00
[2026-06-10T20:24:52.515+0000] {processor.py:183} INFO - Processing /opt/airflow/dags/ingest_matches_dag.py took 0.087 seconds
[2026-06-10T20:25:22.588+0000] {processor.py:161} INFO - Started process (PID=925) to work on /opt/airflow/dags/ingest_matches_dag.py
[2026-06-10T20:25:22.590+0000] {processor.py:830} INFO - Processing file /opt/airflow/dags/ingest_matches_dag.py for tasks to queue
[2026-06-10T20:25:22.591+0000] {logging_mixin.py:188} INFO - [2026-06-10T20:25:22.590+0000] {dagbag.py:538} INFO - Filling up the DagBag from /opt/airflow/dags/ingest_matches_dag.py
[2026-06-10T20:25:22.605+0000] {processor.py:840} INFO - DAG(s) 'ingest_football_matches' retrieved from /opt/airflow/dags/ingest_matches_dag.py
[2026-06-10T20:25:22.640+0000] {logging_mixin.py:188} INFO - [2026-06-10T20:25:22.640+0000] {dag.py:3036} INFO - Sync 1 DAGs
[2026-06-10T20:25:22.666+0000] {logging_mixin.py:188} INFO - [2026-06-10T20:25:22.666+0000] {dag.py:3823} INFO - Setting next_dagrun for ingest_football_matches to 2026-06-10 06:00:00+00:00, run_after=2026-06-11 06:00:00+00:00
[2026-06-10T20:25:22.691+0000] {processor.py:183} INFO - Processing /opt/airflow/dags/ingest_matches_dag.py took 0.107 seconds
[2026-06-10T20:25:52.763+0000] {processor.py:161} INFO - Started process (PID=930) to work on /opt/airflow/dags/ingest_matches_dag.py
[2026-06-10T20:25:52.766+0000] {processor.py:830} INFO - Processing file /opt/airflow/dags/ingest_matches_dag.py for tasks to queue
[2026-06-10T20:25:52.767+0000] {logging_mixin.py:188} INFO - [2026-06-10T20:25:52.766+0000] {dagbag.py:538} INFO - Filling up the DagBag from /opt/airflow/dags/ingest_matches_dag.py
[2026-06-10T20:25:52.780+0000] {processor.py:840} INFO - DAG(s) 'ingest_football_matches' retrieved from /opt/airflow/dags/ingest_matches_dag.py
[2026-06-10T20:25:52.810+0000] {logging_mixin.py:188} INFO - [2026-06-10T20:25:52.810+0000] {dag.py:3036} INFO - Sync 1 DAGs
[2026-06-10T20:25:52.833+0000] {logging_mixin.py:188} INFO - [2026-06-10T20:25:52.832+0000] {dag.py:3823} INFO - Setting next_dagrun for ingest_football_matches to 2026-06-10 06:00:00+00:00, run_after=2026-06-11 06:00:00+00:00
[2026-06-10T20:25:52.850+0000] {processor.py:183} INFO - Processing /opt/airflow/dags/ingest_matches_dag.py took 0.090 seconds
[2026-06-10T20:26:22.877+0000] {processor.py:161} INFO - Started process (PID=935) to work on /opt/airflow/dags/ingest_matches_dag.py
[2026-06-10T20:26:22.879+0000] {processor.py:830} INFO - Processing file /opt/airflow/dags/ingest_matches_dag.py for tasks to queue
[2026-06-10T20:26:22.880+0000] {logging_mixin.py:188} INFO - [2026-06-10T20:26:22.879+0000] {dagbag.py:538} INFO - Filling up the DagBag from /opt/airflow/dags/ingest_matches_dag.py
[2026-06-10T20:26:22.893+0000] {processor.py:840} INFO - DAG(s) 'ingest_football_matches' retrieved from /opt/airflow/dags/ingest_matches_dag.py
[2026-06-10T20:26:22.924+0000] {logging_mixin.py:188} INFO - [2026-06-10T20:26:22.924+0000] {dag.py:3036} INFO - Sync 1 DAGs
[2026-06-10T20:26:22.946+0000] {logging_mixin.py:188} INFO - [2026-06-10T20:26:22.946+0000] {dag.py:3823} INFO - Setting next_dagrun for ingest_football_matches to 2026-06-10 06:00:00+00:00, run_after=2026-06-11 06:00:00+00:00
[2026-06-10T20:26:22.963+0000] {processor.py:183} INFO - Processing /opt/airflow/dags/ingest_matches_dag.py took 0.089 seconds
[2026-06-10T20:26:53.004+0000] {processor.py:161} INFO - Started process (PID=940) to work on /opt/airflow/dags/ingest_matches_dag.py
[2026-06-10T20:26:53.006+0000] {processor.py:830} INFO - Processing file /opt/airflow/dags/ingest_matches_dag.py for tasks to queue
[2026-06-10T20:26:53.006+0000] {logging_mixin.py:188} INFO - [2026-06-10T20:26:53.006+0000] {dagbag.py:538} INFO - Filling up the DagBag from /opt/airflow/dags/ingest_matches_dag.py
[2026-06-10T20:26:53.018+0000] {processor.py:840} INFO - DAG(s) 'ingest_football_matches' retrieved from /opt/airflow/dags/ingest_matches_dag.py
[2026-06-10T20:26:53.050+0000] {logging_mixin.py:188} INFO - [2026-06-10T20:26:53.049+0000] {dag.py:3036} INFO - Sync 1 DAGs
[2026-06-10T20:26:53.074+0000] {logging_mixin.py:188} INFO - [2026-06-10T20:26:53.073+0000] {dag.py:3823} INFO - Setting next_dagrun for ingest_football_matches to 2026-06-10 06:00:00+00:00, run_after=2026-06-11 06:00:00+00:00
[2026-06-10T20:26:53.091+0000] {processor.py:183} INFO - Processing /opt/airflow/dags/ingest_matches_dag.py took 0.090 seconds
[2026-06-10T20:27:23.147+0000] {processor.py:161} INFO - Started process (PID=945) to work on /opt/airflow/dags/ingest_matches_dag.py
[2026-06-10T20:27:23.148+0000] {processor.py:830} INFO - Processing file /opt/airflow/dags/ingest_matches_dag.py for tasks to queue
[2026-06-10T20:27:23.149+0000] {logging_mixin.py:188} INFO - [2026-06-10T20:27:23.149+0000] {dagbag.py:538} INFO - Filling up the DagBag from /opt/airflow/dags/ingest_matches_dag.py
[2026-06-10T20:27:23.162+0000] {processor.py:840} INFO - DAG(s) 'ingest_football_matches' retrieved from /opt/airflow/dags/ingest_matches_dag.py
[2026-06-10T20:27:23.191+0000] {logging_mixin.py:188} INFO - [2026-06-10T20:27:23.191+0000] {dag.py:3036} INFO - Sync 1 DAGs
[2026-06-10T20:27:23.212+0000] {logging_mixin.py:188} INFO - [2026-06-10T20:27:23.212+0000] {dag.py:3823} INFO - Setting next_dagrun for ingest_football_matches to 2026-06-10 06:00:00+00:00, run_after=2026-06-11 06:00:00+00:00
[2026-06-10T20:27:23.231+0000] {processor.py:183} INFO - Processing /opt/airflow/dags/ingest_matches_dag.py took 0.087 seconds
[2026-06-10T20:27:53.267+0000] {processor.py:161} INFO - Started process (PID=950) to work on /opt/airflow/dags/ingest_matches_dag.py
[2026-06-10T20:27:53.269+0000] {processor.py:830} INFO - Processing file /opt/airflow/dags/ingest_matches_dag.py for tasks to queue
[2026-06-10T20:27:53.270+0000] {logging_mixin.py:188} INFO - [2026-06-10T20:27:53.270+0000] {dagbag.py:538} INFO - Filling up the DagBag from /opt/airflow/dags/ingest_matches_dag.py
[2026-06-10T20:27:53.283+0000] {processor.py:840} INFO - DAG(s) 'ingest_football_matches' retrieved from /opt/airflow/dags/ingest_matches_dag.py
[2026-06-10T20:27:53.315+0000] {logging_mixin.py:188} INFO - [2026-06-10T20:27:53.315+0000] {dag.py:3036} INFO - Sync 1 DAGs
[2026-06-10T20:27:53.339+0000] {logging_mixin.py:188} INFO - [2026-06-10T20:27:53.339+0000] {dag.py:3823} INFO - Setting next_dagrun for ingest_football_matches to 2026-06-10 06:00:00+00:00, run_after=2026-06-11 06:00:00+00:00
[2026-06-10T20:27:53.355+0000] {processor.py:183} INFO - Processing /opt/airflow/dags/ingest_matches_dag.py took 0.091 seconds
[2026-06-10T20:28:23.413+0000] {processor.py:161} INFO - Started process (PID=960) to work on /opt/airflow/dags/ingest_matches_dag.py
[2026-06-10T20:28:23.415+0000] {processor.py:830} INFO - Processing file /opt/airflow/dags/ingest_matches_dag.py for tasks to queue
[2026-06-10T20:28:23.416+0000] {logging_mixin.py:188} INFO - [2026-06-10T20:28:23.416+0000] {dagbag.py:538} INFO - Filling up the DagBag from /opt/airflow/dags/ingest_matches_dag.py
[2026-06-10T20:28:23.429+0000] {processor.py:840} INFO - DAG(s) 'ingest_football_matches' retrieved from /opt/airflow/dags/ingest_matches_dag.py
[2026-06-10T20:28:23.460+0000] {logging_mixin.py:188} INFO - [2026-06-10T20:28:23.459+0000] {dag.py:3036} INFO - Sync 1 DAGs
[2026-06-10T20:28:23.482+0000] {logging_mixin.py:188} INFO - [2026-06-10T20:28:23.481+0000] {dag.py:3823} INFO - Setting next_dagrun for ingest_football_matches to 2026-06-10 06:00:00+00:00, run_after=2026-06-11 06:00:00+00:00
[2026-06-10T20:28:23.497+0000] {processor.py:183} INFO - Processing /opt/airflow/dags/ingest_matches_dag.py took 0.087 seconds
[2026-06-10T20:28:53.557+0000] {processor.py:161} INFO - Started process (PID=965) to work on /opt/airflow/dags/ingest_matches_dag.py
[2026-06-10T20:28:53.558+0000] {processor.py:830} INFO - Processing file /opt/airflow/dags/ingest_matches_dag.py for tasks to queue
[2026-06-10T20:28:53.559+0000] {logging_mixin.py:188} INFO - [2026-06-10T20:28:53.559+0000] {dagbag.py:538} INFO - Filling up the DagBag from /opt/airflow/dags/ingest_matches_dag.py
[2026-06-10T20:28:53.572+0000] {processor.py:840} INFO - DAG(s) 'ingest_football_matches' retrieved from /opt/airflow/dags/ingest_matches_dag.py
[2026-06-10T20:28:53.602+0000] {logging_mixin.py:188} INFO - [2026-06-10T20:28:53.602+0000] {dag.py:3036} INFO - Sync 1 DAGs
[2026-06-10T20:28:53.626+0000] {logging_mixin.py:188} INFO - [2026-06-10T20:28:53.626+0000] {dag.py:3823} INFO - Setting next_dagrun for ingest_football_matches to 2026-06-10 06:00:00+00:00, run_after=2026-06-11 06:00:00+00:00
[2026-06-10T20:28:53.643+0000] {processor.py:183} INFO - Processing /opt/airflow/dags/ingest_matches_dag.py took 0.090 seconds
[2026-06-10T20:29:23.884+0000] {processor.py:161} INFO - Started process (PID=970) to work on /opt/airflow/dags/ingest_matches_dag.py
[2026-06-10T20:29:23.889+0000] {processor.py:830} INFO - Processing file /opt/airflow/dags/ingest_matches_dag.py for tasks to queue
[2026-06-10T20:29:23.889+0000] {logging_mixin.py:188} INFO - [2026-06-10T20:29:23.889+0000] {dagbag.py:538} INFO - Filling up the DagBag from /opt/airflow/dags/ingest_matches_dag.py
[2026-06-10T20:29:23.902+0000] {processor.py:840} INFO - DAG(s) 'ingest_football_matches' retrieved from /opt/airflow/dags/ingest_matches_dag.py
[2026-06-10T20:29:23.931+0000] {logging_mixin.py:188} INFO - [2026-06-10T20:29:23.930+0000] {dag.py:3036} INFO - Sync 1 DAGs
[2026-06-10T20:29:23.953+0000] {logging_mixin.py:188} INFO - [2026-06-10T20:29:23.952+0000] {dag.py:3823} INFO - Setting next_dagrun for ingest_football_matches to 2026-06-10 06:00:00+00:00, run_after=2026-06-11 06:00:00+00:00
[2026-06-10T20:29:23.972+0000] {processor.py:183} INFO - Processing /opt/airflow/dags/ingest_matches_dag.py took 0.091 seconds
[2026-06-10T20:29:54.084+0000] {processor.py:161} INFO - Started process (PID=975) to work on /opt/airflow/dags/ingest_matches_dag.py
[2026-06-10T20:29:54.085+0000] {processor.py:830} INFO - Processing file /opt/airflow/dags/ingest_matches_dag.py for tasks to queue
[2026-06-10T20:29:54.086+0000] {logging_mixin.py:188} INFO - [2026-06-10T20:29:54.086+0000] {dagbag.py:538} INFO - Filling up the DagBag from /opt/airflow/dags/ingest_matches_dag.py
[2026-06-10T20:29:54.096+0000] {processor.py:840} INFO - DAG(s) 'ingest_football_matches' retrieved from /opt/airflow/dags/ingest_matches_dag.py
[2026-06-10T20:29:54.124+0000] {logging_mixin.py:188} INFO - [2026-06-10T20:29:54.124+0000] {dag.py:3036} INFO - Sync 1 DAGs
[2026-06-10T20:29:54.146+0000] {logging_mixin.py:188} INFO - [2026-06-10T20:29:54.145+0000] {dag.py:3823} INFO - Setting next_dagrun for ingest_football_matches to 2026-06-10 06:00:00+00:00, run_after=2026-06-11 06:00:00+00:00
[2026-06-10T20:29:54.163+0000] {processor.py:183} INFO - Processing /opt/airflow/dags/ingest_matches_dag.py took 0.082 seconds
[2026-06-10T20:30:24.298+0000] {processor.py:161} INFO - Started process (PID=980) to work on /opt/airflow/dags/ingest_matches_dag.py
[2026-06-10T20:30:24.300+0000] {processor.py:830} INFO - Processing file /opt/airflow/dags/ingest_matches_dag.py for tasks to queue
[2026-06-10T20:30:24.300+0000] {logging_mixin.py:188} INFO - [2026-06-10T20:30:24.300+0000] {dagbag.py:538} INFO - Filling up the DagBag from /opt/airflow/dags/ingest_matches_dag.py
[2026-06-10T20:30:24.313+0000] {processor.py:840} INFO - DAG(s) 'ingest_football_matches' retrieved from /opt/airflow/dags/ingest_matches_dag.py
[2026-06-10T20:30:24.341+0000] {logging_mixin.py:188} INFO - [2026-06-10T20:30:24.340+0000] {dag.py:3036} INFO - Sync 1 DAGs
[2026-06-10T20:30:24.362+0000] {logging_mixin.py:188} INFO - [2026-06-10T20:30:24.362+0000] {dag.py:3823} INFO - Setting next_dagrun for ingest_football_matches to 2026-06-10 06:00:00+00:00, run_after=2026-06-11 06:00:00+00:00
[2026-06-10T20:30:24.380+0000] {processor.py:183} INFO - Processing /opt/airflow/dags/ingest_matches_dag.py took 0.085 seconds
[2026-06-10T20:30:54.513+0000] {processor.py:161} INFO - Started process (PID=985) to work on /opt/airflow/dags/ingest_matches_dag.py
[2026-06-10T20:30:54.515+0000] {processor.py:830} INFO - Processing file /opt/airflow/dags/ingest_matches_dag.py for tasks to queue
[2026-06-10T20:30:54.516+0000] {logging_mixin.py:188} INFO - [2026-06-10T20:30:54.516+0000] {dagbag.py:538} INFO - Filling up the DagBag from /opt/airflow/dags/ingest_matches_dag.py
[2026-06-10T20:30:54.529+0000] {processor.py:840} INFO - DAG(s) 'ingest_football_matches' retrieved from /opt/airflow/dags/ingest_matches_dag.py
[2026-06-10T20:30:54.559+0000] {logging_mixin.py:188} INFO - [2026-06-10T20:30:54.558+0000] {dag.py:3036} INFO - Sync 1 DAGs
[2026-06-10T20:30:54.581+0000] {logging_mixin.py:188} INFO - [2026-06-10T20:30:54.581+0000] {dag.py:3823} INFO - Setting next_dagrun for ingest_football_matches to 2026-06-10 06:00:00+00:00, run_after=2026-06-11 06:00:00+00:00
[2026-06-10T20:30:54.597+0000] {processor.py:183} INFO - Processing /opt/airflow/dags/ingest_matches_dag.py took 0.087 seconds
[2026-06-10T20:31:24.915+0000] {processor.py:161} INFO - Started process (PID=990) to work on /opt/airflow/dags/ingest_matches_dag.py
[2026-06-10T20:31:24.916+0000] {processor.py:830} INFO - Processing file /opt/airflow/dags/ingest_matches_dag.py for tasks to queue
[2026-06-10T20:31:24.917+0000] {logging_mixin.py:188} INFO - [2026-06-10T20:31:24.917+0000] {dagbag.py:538} INFO - Filling up the DagBag from /opt/airflow/dags/ingest_matches_dag.py
[2026-06-10T20:31:24.931+0000] {processor.py:840} INFO - DAG(s) 'ingest_football_matches' retrieved from /opt/airflow/dags/ingest_matches_dag.py
[2026-06-10T20:31:24.961+0000] {logging_mixin.py:188} INFO - [2026-06-10T20:31:24.961+0000] {dag.py:3036} INFO - Sync 1 DAGs
[2026-06-10T20:31:24.984+0000] {logging_mixin.py:188} INFO - [2026-06-10T20:31:24.983+0000] {dag.py:3823} INFO - Setting next_dagrun for ingest_football_matches to 2026-06-10 06:00:00+00:00, run_after=2026-06-11 06:00:00+00:00
[2026-06-10T20:31:25.003+0000] {processor.py:183} INFO - Processing /opt/airflow/dags/ingest_matches_dag.py took 0.091 seconds
[2026-06-10T20:31:56.009+0000] {processor.py:161} INFO - Started process (PID=995) to work on /opt/airflow/dags/ingest_matches_dag.py
[2026-06-10T20:31:56.013+0000] {processor.py:830} INFO - Processing file /opt/airflow/dags/ingest_matches_dag.py for tasks to queue
[2026-06-10T20:31:56.014+0000] {logging_mixin.py:188} INFO - [2026-06-10T20:31:56.013+0000] {dagbag.py:538} INFO - Filling up the DagBag from /opt/airflow/dags/ingest_matches_dag.py
[2026-06-10T20:31:56.027+0000] {processor.py:840} INFO - DAG(s) 'ingest_football_matches' retrieved from /opt/airflow/dags/ingest_matches_dag.py
[2026-06-10T20:31:56.058+0000] {logging_mixin.py:188} INFO - [2026-06-10T20:31:56.058+0000] {dag.py:3036} INFO - Sync 1 DAGs
[2026-06-10T20:31:56.082+0000] {logging_mixin.py:188} INFO - [2026-06-10T20:31:56.081+0000] {dag.py:3823} INFO - Setting next_dagrun for ingest_football_matches to 2026-06-10 06:00:00+00:00, run_after=2026-06-11 06:00:00+00:00
[2026-06-10T20:31:56.101+0000] {processor.py:183} INFO - Processing /opt/airflow/dags/ingest_matches_dag.py took 0.094 seconds
[2026-06-10T20:32:27.104+0000] {processor.py:161} INFO - Started process (PID=1000) to work on /opt/airflow/dags/ingest_matches_dag.py
[2026-06-10T20:32:27.106+0000] {processor.py:830} INFO - Processing file /opt/airflow/dags/ingest_matches_dag.py for tasks to queue
[2026-06-10T20:32:27.107+0000] {logging_mixin.py:188} INFO - [2026-06-10T20:32:27.107+0000] {dagbag.py:538} INFO - Filling up the DagBag from /opt/airflow/dags/ingest_matches_dag.py
[2026-06-10T20:32:27.120+0000] {processor.py:840} INFO - DAG(s) 'ingest_football_matches' retrieved from /opt/airflow/dags/ingest_matches_dag.py
[2026-06-10T20:32:27.152+0000] {logging_mixin.py:188} INFO - [2026-06-10T20:32:27.151+0000] {dag.py:3036} INFO - Sync 1 DAGs
[2026-06-10T20:32:27.176+0000] {logging_mixin.py:188} INFO - [2026-06-10T20:32:27.176+0000] {dag.py:3823} INFO - Setting next_dagrun for ingest_football_matches to 2026-06-10 06:00:00+00:00, run_after=2026-06-11 06:00:00+00:00
[2026-06-10T20:32:27.194+0000] {processor.py:183} INFO - Processing /opt/airflow/dags/ingest_matches_dag.py took 0.094 seconds
[2026-06-10T20:32:58.172+0000] {processor.py:161} INFO - Started process (PID=1005) to work on /opt/airflow/dags/ingest_matches_dag.py
[2026-06-10T20:32:58.174+0000] {processor.py:830} INFO - Processing file /opt/airflow/dags/ingest_matches_dag.py for tasks to queue
[2026-06-10T20:32:58.174+0000] {logging_mixin.py:188} INFO - [2026-06-10T20:32:58.174+0000] {dagbag.py:538} INFO - Filling up the DagBag from /opt/airflow/dags/ingest_matches_dag.py
[2026-06-10T20:32:58.188+0000] {processor.py:840} INFO - DAG(s) 'ingest_football_matches' retrieved from /opt/airflow/dags/ingest_matches_dag.py
[2026-06-10T20:32:58.221+0000] {logging_mixin.py:188} INFO - [2026-06-10T20:32:58.220+0000] {dag.py:3036} INFO - Sync 1 DAGs
[2026-06-10T20:32:58.246+0000] {logging_mixin.py:188} INFO - [2026-06-10T20:32:58.246+0000] {dag.py:3823} INFO - Setting next_dagrun for ingest_football_matches to 2026-06-10 06:00:00+00:00, run_after=2026-06-11 06:00:00+00:00
[2026-06-10T20:32:58.267+0000] {processor.py:183} INFO - Processing /opt/airflow/dags/ingest_matches_dag.py took 0.099 seconds
[2026-06-10T20:33:28.305+0000] {processor.py:161} INFO - Started process (PID=1010) to work on /opt/airflow/dags/ingest_matches_dag.py
[2026-06-10T20:33:28.307+0000] {processor.py:830} INFO - Processing file /opt/airflow/dags/ingest_matches_dag.py for tasks to queue
[2026-06-10T20:33:28.308+0000] {logging_mixin.py:188} INFO - [2026-06-10T20:33:28.307+0000] {dagbag.py:538} INFO - Filling up the DagBag from /opt/airflow/dags/ingest_matches_dag.py
[2026-06-10T20:33:28.321+0000] {processor.py:840} INFO - DAG(s) 'ingest_football_matches' retrieved from /opt/airflow/dags/ingest_matches_dag.py
[2026-06-10T20:33:28.351+0000] {logging_mixin.py:188} INFO - [2026-06-10T20:33:28.351+0000] {dag.py:3036} INFO - Sync 1 DAGs
[2026-06-10T20:33:28.374+0000] {logging_mixin.py:188} INFO - [2026-06-10T20:33:28.374+0000] {dag.py:3823} INFO - Setting next_dagrun for ingest_football_matches to 2026-06-10 06:00:00+00:00, run_after=2026-06-11 06:00:00+00:00
[2026-06-10T20:33:28.392+0000] {processor.py:183} INFO - Processing /opt/airflow/dags/ingest_matches_dag.py took 0.090 seconds
[2026-06-10T20:33:59.358+0000] {processor.py:161} INFO - Started process (PID=1015) to work on /opt/airflow/dags/ingest_matches_dag.py
[2026-06-10T20:33:59.365+0000] {processor.py:830} INFO - Processing file /opt/airflow/dags/ingest_matches_dag.py for tasks to queue
[2026-06-10T20:33:59.369+0000] {logging_mixin.py:188} INFO - [2026-06-10T20:33:59.368+0000] {dagbag.py:538} INFO - Filling up the DagBag from /opt/airflow/dags/ingest_matches_dag.py
[2026-06-10T20:33:59.403+0000] {processor.py:840} INFO - DAG(s) 'ingest_football_matches' retrieved from /opt/airflow/dags/ingest_matches_dag.py
[2026-06-10T20:33:59.501+0000] {logging_mixin.py:188} INFO - [2026-06-10T20:33:59.500+0000] {dag.py:3036} INFO - Sync 1 DAGs
[2026-06-10T20:33:59.547+0000] {logging_mixin.py:188} INFO - [2026-06-10T20:33:59.547+0000] {dag.py:3823} INFO - Setting next_dagrun for ingest_football_matches to 2026-06-10 06:00:00+00:00, run_after=2026-06-11 06:00:00+00:00
[2026-06-10T20:33:59.574+0000] {processor.py:183} INFO - Processing /opt/airflow/dags/ingest_matches_dag.py took 0.219 seconds
[2026-06-10T20:34:29.634+0000] {processor.py:161} INFO - Started process (PID=1020) to work on /opt/airflow/dags/ingest_matches_dag.py
[2026-06-10T20:34:29.636+0000] {processor.py:830} INFO - Processing file /opt/airflow/dags/ingest_matches_dag.py for tasks to queue
[2026-06-10T20:34:29.638+0000] {logging_mixin.py:188} INFO - [2026-06-10T20:34:29.637+0000] {dagbag.py:538} INFO - Filling up the DagBag from /opt/airflow/dags/ingest_matches_dag.py
[2026-06-10T20:34:29.671+0000] {processor.py:840} INFO - DAG(s) 'ingest_football_matches' retrieved from /opt/airflow/dags/ingest_matches_dag.py
[2026-06-10T20:34:29.739+0000] {logging_mixin.py:188} INFO - [2026-06-10T20:34:29.739+0000] {dag.py:3036} INFO - Sync 1 DAGs
[2026-06-10T20:34:29.774+0000] {logging_mixin.py:188} INFO - [2026-06-10T20:34:29.774+0000] {dag.py:3823} INFO - Setting next_dagrun for ingest_football_matches to 2026-06-10 06:00:00+00:00, run_after=2026-06-11 06:00:00+00:00
[2026-06-10T20:34:29.796+0000] {processor.py:183} INFO - Processing /opt/airflow/dags/ingest_matches_dag.py took 0.168 seconds
[2026-06-10T20:34:59.983+0000] {processor.py:161} INFO - Started process (PID=1025) to work on /opt/airflow/dags/ingest_matches_dag.py
[2026-06-10T20:34:59.984+0000] {processor.py:830} INFO - Processing file /opt/airflow/dags/ingest_matches_dag.py for tasks to queue
[2026-06-10T20:34:59.984+0000] {logging_mixin.py:188} INFO - [2026-06-10T20:34:59.984+0000] {dagbag.py:538} INFO - Filling up the DagBag from /opt/airflow/dags/ingest_matches_dag.py
[2026-06-10T20:35:00.001+0000] {processor.py:840} INFO - DAG(s) 'ingest_football_matches' retrieved from /opt/airflow/dags/ingest_matches_dag.py
[2026-06-10T20:35:00.043+0000] {logging_mixin.py:188} INFO - [2026-06-10T20:35:00.043+0000] {dag.py:3036} INFO - Sync 1 DAGs
[2026-06-10T20:35:00.073+0000] {logging_mixin.py:188} INFO - [2026-06-10T20:35:00.072+0000] {dag.py:3823} INFO - Setting next_dagrun for ingest_football_matches to 2026-06-10 06:00:00+00:00, run_after=2026-06-11 06:00:00+00:00
[2026-06-10T20:35:00.097+0000] {processor.py:183} INFO - Processing /opt/airflow/dags/ingest_matches_dag.py took 0.117 seconds
[2026-06-10T20:35:30.422+0000] {processor.py:161} INFO - Started process (PID=1030) to work on /opt/airflow/dags/ingest_matches_dag.py
[2026-06-10T20:35:30.423+0000] {processor.py:830} INFO - Processing file /opt/airflow/dags/ingest_matches_dag.py for tasks to queue
[2026-06-10T20:35:30.424+0000] {logging_mixin.py:188} INFO - [2026-06-10T20:35:30.423+0000] {dagbag.py:538} INFO - Filling up the DagBag from /opt/airflow/dags/ingest_matches_dag.py
[2026-06-10T20:35:30.447+0000] {processor.py:840} INFO - DAG(s) 'ingest_football_matches' retrieved from /opt/airflow/dags/ingest_matches_dag.py
[2026-06-10T20:35:30.482+0000] {logging_mixin.py:188} INFO - [2026-06-10T20:35:30.482+0000] {dag.py:3036} INFO - Sync 1 DAGs
[2026-06-10T20:35:30.506+0000] {logging_mixin.py:188} INFO - [2026-06-10T20:35:30.506+0000] {dag.py:3823} INFO - Setting next_dagrun for ingest_football_matches to 2026-06-10 06:00:00+00:00, run_after=2026-06-11 06:00:00+00:00
[2026-06-10T20:35:30.523+0000] {processor.py:183} INFO - Processing /opt/airflow/dags/ingest_matches_dag.py took 0.104 seconds
[2026-06-10T20:36:00.840+0000] {processor.py:161} INFO - Started process (PID=1035) to work on /opt/airflow/dags/ingest_matches_dag.py
[2026-06-10T20:36:00.842+0000] {processor.py:830} INFO - Processing file /opt/airflow/dags/ingest_matches_dag.py for tasks to queue
[2026-06-10T20:36:00.843+0000] {logging_mixin.py:188} INFO - [2026-06-10T20:36:00.843+0000] {dagbag.py:538} INFO - Filling up the DagBag from /opt/airflow/dags/ingest_matches_dag.py
[2026-06-10T20:36:00.857+0000] {processor.py:840} INFO - DAG(s) 'ingest_football_matches' retrieved from /opt/airflow/dags/ingest_matches_dag.py
[2026-06-10T20:36:00.888+0000] {logging_mixin.py:188} INFO - [2026-06-10T20:36:00.888+0000] {dag.py:3036} INFO - Sync 1 DAGs
[2026-06-10T20:36:00.911+0000] {logging_mixin.py:188} INFO - [2026-06-10T20:36:00.911+0000] {dag.py:3823} INFO - Setting next_dagrun for ingest_football_matches to 2026-06-10 06:00:00+00:00, run_after=2026-06-11 06:00:00+00:00
[2026-06-10T20:36:00.933+0000] {processor.py:183} INFO - Processing /opt/airflow/dags/ingest_matches_dag.py took 0.096 seconds
[2026-06-10T20:36:31.015+0000] {processor.py:161} INFO - Started process (PID=1040) to work on /opt/airflow/dags/ingest_matches_dag.py
[2026-06-10T20:36:31.016+0000] {processor.py:830} INFO - Processing file /opt/airflow/dags/ingest_matches_dag.py for tasks to queue
[2026-06-10T20:36:31.017+0000] {logging_mixin.py:188} INFO - [2026-06-10T20:36:31.017+0000] {dagbag.py:538} INFO - Filling up the DagBag from /opt/airflow/dags/ingest_matches_dag.py
[2026-06-10T20:36:31.034+0000] {processor.py:840} INFO - DAG(s) 'ingest_football_matches' retrieved from /opt/airflow/dags/ingest_matches_dag.py
[2026-06-10T20:36:31.069+0000] {logging_mixin.py:188} INFO - [2026-06-10T20:36:31.069+0000] {dag.py:3036} INFO - Sync 1 DAGs
[2026-06-10T20:36:31.094+0000] {logging_mixin.py:188} INFO - [2026-06-10T20:36:31.094+0000] {dag.py:3823} INFO - Setting next_dagrun for ingest_football_matches to 2026-06-10 06:00:00+00:00, run_after=2026-06-11 06:00:00+00:00
[2026-06-10T20:36:31.113+0000] {processor.py:183} INFO - Processing /opt/airflow/dags/ingest_matches_dag.py took 0.102 seconds
[2026-06-10T20:37:01.389+0000] {processor.py:161} INFO - Started process (PID=1045) to work on /opt/airflow/dags/ingest_matches_dag.py
[2026-06-10T20:37:01.390+0000] {processor.py:830} INFO - Processing file /opt/airflow/dags/ingest_matches_dag.py for tasks to queue
[2026-06-10T20:37:01.391+0000] {logging_mixin.py:188} INFO - [2026-06-10T20:37:01.390+0000] {dagbag.py:538} INFO - Filling up the DagBag from /opt/airflow/dags/ingest_matches_dag.py
[2026-06-10T20:37:01.411+0000] {processor.py:840} INFO - DAG(s) 'ingest_football_matches' retrieved from /opt/airflow/dags/ingest_matches_dag.py
[2026-06-10T20:37:01.448+0000] {logging_mixin.py:188} INFO - [2026-06-10T20:37:01.448+0000] {dag.py:3036} INFO - Sync 1 DAGs
[2026-06-10T20:37:01.470+0000] {logging_mixin.py:188} INFO - [2026-06-10T20:37:01.470+0000] {dag.py:3823} INFO - Setting next_dagrun for ingest_football_matches to 2026-06-10 06:00:00+00:00, run_after=2026-06-11 06:00:00+00:00
[2026-06-10T20:37:01.485+0000] {processor.py:183} INFO - Processing /opt/airflow/dags/ingest_matches_dag.py took 0.100 seconds
[2026-06-10T20:37:32.416+0000] {processor.py:161} INFO - Started process (PID=1050) to work on /opt/airflow/dags/ingest_matches_dag.py
[2026-06-10T20:37:32.417+0000] {processor.py:830} INFO - Processing file /opt/airflow/dags/ingest_matches_dag.py for tasks to queue
[2026-06-10T20:37:32.418+0000] {logging_mixin.py:188} INFO - [2026-06-10T20:37:32.418+0000] {dagbag.py:538} INFO - Filling up the DagBag from /opt/airflow/dags/ingest_matches_dag.py
[2026-06-10T20:37:32.429+0000] {processor.py:840} INFO - DAG(s) 'ingest_football_matches' retrieved from /opt/airflow/dags/ingest_matches_dag.py
[2026-06-10T20:37:32.457+0000] {logging_mixin.py:188} INFO - [2026-06-10T20:37:32.457+0000] {dag.py:3036} INFO - Sync 1 DAGs
[2026-06-10T20:37:32.480+0000] {logging_mixin.py:188} INFO - [2026-06-10T20:37:32.480+0000] {dag.py:3823} INFO - Setting next_dagrun for ingest_football_matches to 2026-06-10 06:00:00+00:00, run_after=2026-06-11 06:00:00+00:00
[2026-06-10T20:37:32.496+0000] {processor.py:183} INFO - Processing /opt/airflow/dags/ingest_matches_dag.py took 0.083 seconds
[2026-06-10T20:38:02.623+0000] {processor.py:161} INFO - Started process (PID=1055) to work on /opt/airflow/dags/ingest_matches_dag.py
[2026-06-10T20:38:02.625+0000] {processor.py:830} INFO - Processing file /opt/airflow/dags/ingest_matches_dag.py for tasks to queue
[2026-06-10T20:38:02.626+0000] {logging_mixin.py:188} INFO - [2026-06-10T20:38:02.625+0000] {dagbag.py:538} INFO - Filling up the DagBag from /opt/airflow/dags/ingest_matches_dag.py
[2026-06-10T20:38:02.637+0000] {processor.py:840} INFO - DAG(s) 'ingest_football_matches' retrieved from /opt/airflow/dags/ingest_matches_dag.py
[2026-06-10T20:38:02.663+0000] {logging_mixin.py:188} INFO - [2026-06-10T20:38:02.663+0000] {dag.py:3036} INFO - Sync 1 DAGs
[2026-06-10T20:38:02.684+0000] {logging_mixin.py:188} INFO - [2026-06-10T20:38:02.684+0000] {dag.py:3823} INFO - Setting next_dagrun for ingest_football_matches to 2026-06-10 06:00:00+00:00, run_after=2026-06-11 06:00:00+00:00
[2026-06-10T20:38:02.703+0000] {processor.py:183} INFO - Processing /opt/airflow/dags/ingest_matches_dag.py took 0.082 seconds
[2026-06-10T20:38:32.827+0000] {processor.py:161} INFO - Started process (PID=1060) to work on /opt/airflow/dags/ingest_matches_dag.py
[2026-06-10T20:38:32.828+0000] {processor.py:830} INFO - Processing file /opt/airflow/dags/ingest_matches_dag.py for tasks to queue
[2026-06-10T20:38:32.829+0000] {logging_mixin.py:188} INFO - [2026-06-10T20:38:32.828+0000] {dagbag.py:538} INFO - Filling up the DagBag from /opt/airflow/dags/ingest_matches_dag.py
[2026-06-10T20:38:32.840+0000] {processor.py:840} INFO - DAG(s) 'ingest_football_matches' retrieved from /opt/airflow/dags/ingest_matches_dag.py
[2026-06-10T20:38:32.865+0000] {logging_mixin.py:188} INFO - [2026-06-10T20:38:32.865+0000] {dag.py:3036} INFO - Sync 1 DAGs
[2026-06-10T20:38:32.887+0000] {logging_mixin.py:188} INFO - [2026-06-10T20:38:32.887+0000] {dag.py:3823} INFO - Setting next_dagrun for ingest_football_matches to 2026-06-10 06:00:00+00:00, run_after=2026-06-11 06:00:00+00:00
[2026-06-10T20:38:32.905+0000] {processor.py:183} INFO - Processing /opt/airflow/dags/ingest_matches_dag.py took 0.081 seconds
[2026-06-10T20:39:03.910+0000] {processor.py:161} INFO - Started process (PID=1065) to work on /opt/airflow/dags/ingest_matches_dag.py
[2026-06-10T20:39:03.912+0000] {processor.py:830} INFO - Processing file /opt/airflow/dags/ingest_matches_dag.py for tasks to queue
[2026-06-10T20:39:03.912+0000] {logging_mixin.py:188} INFO - [2026-06-10T20:39:03.912+0000] {dagbag.py:538} INFO - Filling up the DagBag from /opt/airflow/dags/ingest_matches_dag.py
[2026-06-10T20:39:03.924+0000] {processor.py:840} INFO - DAG(s) 'ingest_football_matches' retrieved from /opt/airflow/dags/ingest_matches_dag.py
[2026-06-10T20:39:03.951+0000] {logging_mixin.py:188} INFO - [2026-06-10T20:39:03.950+0000] {dag.py:3036} INFO - Sync 1 DAGs
[2026-06-10T20:39:03.972+0000] {logging_mixin.py:188} INFO - [2026-06-10T20:39:03.972+0000] {dag.py:3823} INFO - Setting next_dagrun for ingest_football_matches to 2026-06-10 06:00:00+00:00, run_after=2026-06-11 06:00:00+00:00
[2026-06-10T20:39:03.989+0000] {processor.py:183} INFO - Processing /opt/airflow/dags/ingest_matches_dag.py took 0.081 seconds
[2026-06-10T20:39:35.020+0000] {processor.py:161} INFO - Started process (PID=1070) to work on /opt/airflow/dags/ingest_matches_dag.py
[2026-06-10T20:39:35.021+0000] {processor.py:830} INFO - Processing file /opt/airflow/dags/ingest_matches_dag.py for tasks to queue
[2026-06-10T20:39:35.022+0000] {logging_mixin.py:188} INFO - [2026-06-10T20:39:35.021+0000] {dagbag.py:538} INFO - Filling up the DagBag from /opt/airflow/dags/ingest_matches_dag.py
[2026-06-10T20:39:35.034+0000] {processor.py:840} INFO - DAG(s) 'ingest_football_matches' retrieved from /opt/airflow/dags/ingest_matches_dag.py
[2026-06-10T20:39:35.062+0000] {logging_mixin.py:188} INFO - [2026-06-10T20:39:35.062+0000] {dag.py:3036} INFO - Sync 1 DAGs
[2026-06-10T20:39:35.083+0000] {logging_mixin.py:188} INFO - [2026-06-10T20:39:35.083+0000] {dag.py:3823} INFO - Setting next_dagrun for ingest_football_matches to 2026-06-10 06:00:00+00:00, run_after=2026-06-11 06:00:00+00:00
[2026-06-10T20:39:35.099+0000] {processor.py:183} INFO - Processing /opt/airflow/dags/ingest_matches_dag.py took 0.081 seconds
[2026-06-10T20:40:05.426+0000] {processor.py:161} INFO - Started process (PID=1075) to work on /opt/airflow/dags/ingest_matches_dag.py
[2026-06-10T20:40:05.427+0000] {processor.py:830} INFO - Processing file /opt/airflow/dags/ingest_matches_dag.py for tasks to queue
[2026-06-10T20:40:05.427+0000] {logging_mixin.py:188} INFO - [2026-06-10T20:40:05.427+0000] {dagbag.py:538} INFO - Filling up the DagBag from /opt/airflow/dags/ingest_matches_dag.py
[2026-06-10T20:40:05.439+0000] {processor.py:840} INFO - DAG(s) 'ingest_football_matches' retrieved from /opt/airflow/dags/ingest_matches_dag.py
[2026-06-10T20:40:05.466+0000] {logging_mixin.py:188} INFO - [2026-06-10T20:40:05.466+0000] {dag.py:3036} INFO - Sync 1 DAGs
[2026-06-10T20:40:05.488+0000] {logging_mixin.py:188} INFO - [2026-06-10T20:40:05.487+0000] {dag.py:3823} INFO - Setting next_dagrun for ingest_football_matches to 2026-06-10 06:00:00+00:00, run_after=2026-06-11 06:00:00+00:00
[2026-06-10T20:40:05.505+0000] {processor.py:183} INFO - Processing /opt/airflow/dags/ingest_matches_dag.py took 0.082 seconds
[2026-06-10T20:40:35.640+0000] {processor.py:161} INFO - Started process (PID=1080) to work on /opt/airflow/dags/ingest_matches_dag.py
[2026-06-10T20:40:35.642+0000] {processor.py:830} INFO - Processing file /opt/airflow/dags/ingest_matches_dag.py for tasks to queue
[2026-06-10T20:40:35.643+0000] {logging_mixin.py:188} INFO - [2026-06-10T20:40:35.642+0000] {dagbag.py:538} INFO - Filling up the DagBag from /opt/airflow/dags/ingest_matches_dag.py
[2026-06-10T20:40:35.654+0000] {processor.py:840} INFO - DAG(s) 'ingest_football_matches' retrieved from /opt/airflow/dags/ingest_matches_dag.py
[2026-06-10T20:40:35.684+0000] {logging_mixin.py:188} INFO - [2026-06-10T20:40:35.683+0000] {dag.py:3036} INFO - Sync 1 DAGs
[2026-06-10T20:40:35.705+0000] {logging_mixin.py:188} INFO - [2026-06-10T20:40:35.705+0000] {dag.py:3823} INFO - Setting next_dagrun for ingest_football_matches to 2026-06-10 06:00:00+00:00, run_after=2026-06-11 06:00:00+00:00
[2026-06-10T20:40:35.721+0000] {processor.py:183} INFO - Processing /opt/airflow/dags/ingest_matches_dag.py took 0.083 seconds
[2026-06-10T20:41:06.080+0000] {processor.py:161} INFO - Started process (PID=1085) to work on /opt/airflow/dags/ingest_matches_dag.py
[2026-06-10T20:41:06.081+0000] {processor.py:830} INFO - Processing file /opt/airflow/dags/ingest_matches_dag.py for tasks to queue
[2026-06-10T20:41:06.082+0000] {logging_mixin.py:188} INFO - [2026-06-10T20:41:06.081+0000] {dagbag.py:538} INFO - Filling up the DagBag from /opt/airflow/dags/ingest_matches_dag.py
[2026-06-10T20:41:06.093+0000] {processor.py:840} INFO - DAG(s) 'ingest_football_matches' retrieved from /opt/airflow/dags/ingest_matches_dag.py
[2026-06-10T20:41:06.122+0000] {logging_mixin.py:188} INFO - [2026-06-10T20:41:06.122+0000] {dag.py:3036} INFO - Sync 1 DAGs
[2026-06-10T20:41:06.144+0000] {logging_mixin.py:188} INFO - [2026-06-10T20:41:06.143+0000] {dag.py:3823} INFO - Setting next_dagrun for ingest_football_matches to 2026-06-10 06:00:00+00:00, run_after=2026-06-11 06:00:00+00:00
[2026-06-10T20:41:06.160+0000] {processor.py:183} INFO - Processing /opt/airflow/dags/ingest_matches_dag.py took 0.083 seconds
[2026-06-10T20:41:36.188+0000] {processor.py:161} INFO - Started process (PID=1090) to work on /opt/airflow/dags/ingest_matches_dag.py
[2026-06-10T20:41:36.192+0000] {processor.py:830} INFO - Processing file /opt/airflow/dags/ingest_matches_dag.py for tasks to queue
[2026-06-10T20:41:36.193+0000] {logging_mixin.py:188} INFO - [2026-06-10T20:41:36.193+0000] {dagbag.py:538} INFO - Filling up the DagBag from /opt/airflow/dags/ingest_matches_dag.py
[2026-06-10T20:41:36.212+0000] {processor.py:840} INFO - DAG(s) 'ingest_football_matches' retrieved from /opt/airflow/dags/ingest_matches_dag.py
[2026-06-10T20:41:36.262+0000] {logging_mixin.py:188} INFO - [2026-06-10T20:41:36.261+0000] {dag.py:3036} INFO - Sync 1 DAGs
[2026-06-10T20:41:36.305+0000] {logging_mixin.py:188} INFO - [2026-06-10T20:41:36.305+0000] {dag.py:3823} INFO - Setting next_dagrun for ingest_football_matches to 2026-06-10 06:00:00+00:00, run_after=2026-06-11 06:00:00+00:00
[2026-06-10T20:41:36.369+0000] {processor.py:183} INFO - Processing /opt/airflow/dags/ingest_matches_dag.py took 0.184 seconds
[2026-06-10T20:42:06.472+0000] {processor.py:161} INFO - Started process (PID=1095) to work on /opt/airflow/dags/ingest_matches_dag.py
[2026-06-10T20:42:06.474+0000] {processor.py:830} INFO - Processing file /opt/airflow/dags/ingest_matches_dag.py for tasks to queue
[2026-06-10T20:42:06.475+0000] {logging_mixin.py:188} INFO - [2026-06-10T20:42:06.474+0000] {dagbag.py:538} INFO - Filling up the DagBag from /opt/airflow/dags/ingest_matches_dag.py
[2026-06-10T20:42:06.489+0000] {processor.py:840} INFO - DAG(s) 'ingest_football_matches' retrieved from /opt/airflow/dags/ingest_matches_dag.py
[2026-06-10T20:42:06.522+0000] {logging_mixin.py:188} INFO - [2026-06-10T20:42:06.522+0000] {dag.py:3036} INFO - Sync 1 DAGs
[2026-06-10T20:42:06.548+0000] {logging_mixin.py:188} INFO - [2026-06-10T20:42:06.548+0000] {dag.py:3823} INFO - Setting next_dagrun for ingest_football_matches to 2026-06-10 06:00:00+00:00, run_after=2026-06-11 06:00:00+00:00
[2026-06-10T20:42:06.568+0000] {processor.py:183} INFO - Processing /opt/airflow/dags/ingest_matches_dag.py took 0.099 seconds
[2026-06-10T20:42:36.729+0000] {processor.py:161} INFO - Started process (PID=1100) to work on /opt/airflow/dags/ingest_matches_dag.py
[2026-06-10T20:42:36.751+0000] {processor.py:830} INFO - Processing file /opt/airflow/dags/ingest_matches_dag.py for tasks to queue
[2026-06-10T20:42:36.753+0000] {logging_mixin.py:188} INFO - [2026-06-10T20:42:36.752+0000] {dagbag.py:538} INFO - Filling up the DagBag from /opt/airflow/dags/ingest_matches_dag.py
[2026-06-10T20:42:36.768+0000] {processor.py:840} INFO - DAG(s) 'ingest_football_matches' retrieved from /opt/airflow/dags/ingest_matches_dag.py
[2026-06-10T20:42:36.798+0000] {logging_mixin.py:188} INFO - [2026-06-10T20:42:36.797+0000] {dag.py:3036} INFO - Sync 1 DAGs
[2026-06-10T20:42:36.819+0000] {logging_mixin.py:188} INFO - [2026-06-10T20:42:36.819+0000] {dag.py:3823} INFO - Setting next_dagrun for ingest_football_matches to 2026-06-10 06:00:00+00:00, run_after=2026-06-11 06:00:00+00:00
[2026-06-10T20:42:36.835+0000] {processor.py:183} INFO - Processing /opt/airflow/dags/ingest_matches_dag.py took 0.109 seconds
[2026-06-10T20:43:06.963+0000] {processor.py:161} INFO - Started process (PID=1105) to work on /opt/airflow/dags/ingest_matches_dag.py
[2026-06-10T20:43:06.965+0000] {processor.py:830} INFO - Processing file /opt/airflow/dags/ingest_matches_dag.py for tasks to queue
[2026-06-10T20:43:06.965+0000] {logging_mixin.py:188} INFO - [2026-06-10T20:43:06.965+0000] {dagbag.py:538} INFO - Filling up the DagBag from /opt/airflow/dags/ingest_matches_dag.py
[2026-06-10T20:43:06.986+0000] {processor.py:840} INFO - DAG(s) 'ingest_football_matches' retrieved from /opt/airflow/dags/ingest_matches_dag.py
[2026-06-10T20:43:07.019+0000] {logging_mixin.py:188} INFO - [2026-06-10T20:43:07.018+0000] {dag.py:3036} INFO - Sync 1 DAGs
[2026-06-10T20:43:07.041+0000] {logging_mixin.py:188} INFO - [2026-06-10T20:43:07.040+0000] {dag.py:3823} INFO - Setting next_dagrun for ingest_football_matches to 2026-06-10 06:00:00+00:00, run_after=2026-06-11 06:00:00+00:00
[2026-06-10T20:43:07.059+0000] {processor.py:183} INFO - Processing /opt/airflow/dags/ingest_matches_dag.py took 0.099 seconds
[2026-06-10T20:43:37.379+0000] {processor.py:161} INFO - Started process (PID=1110) to work on /opt/airflow/dags/ingest_matches_dag.py
[2026-06-10T20:43:37.381+0000] {processor.py:830} INFO - Processing file /opt/airflow/dags/ingest_matches_dag.py for tasks to queue
[2026-06-10T20:43:37.381+0000] {logging_mixin.py:188} INFO - [2026-06-10T20:43:37.381+0000] {dagbag.py:538} INFO - Filling up the DagBag from /opt/airflow/dags/ingest_matches_dag.py
[2026-06-10T20:43:37.393+0000] {processor.py:840} INFO - DAG(s) 'ingest_football_matches' retrieved from /opt/airflow/dags/ingest_matches_dag.py
[2026-06-10T20:43:37.419+0000] {logging_mixin.py:188} INFO - [2026-06-10T20:43:37.419+0000] {dag.py:3036} INFO - Sync 1 DAGs
[2026-06-10T20:43:37.439+0000] {logging_mixin.py:188} INFO - [2026-06-10T20:43:37.438+0000] {dag.py:3823} INFO - Setting next_dagrun for ingest_football_matches to 2026-06-10 06:00:00+00:00, run_after=2026-06-11 06:00:00+00:00
[2026-06-10T20:43:37.454+0000] {processor.py:183} INFO - Processing /opt/airflow/dags/ingest_matches_dag.py took 0.077 seconds
[2026-06-10T20:44:07.653+0000] {processor.py:161} INFO - Started process (PID=1115) to work on /opt/airflow/dags/ingest_matches_dag.py
[2026-06-10T20:44:07.654+0000] {processor.py:830} INFO - Processing file /opt/airflow/dags/ingest_matches_dag.py for tasks to queue
[2026-06-10T20:44:07.655+0000] {logging_mixin.py:188} INFO - [2026-06-10T20:44:07.655+0000] {dagbag.py:538} INFO - Filling up the DagBag from /opt/airflow/dags/ingest_matches_dag.py
[2026-06-10T20:44:07.684+0000] {processor.py:840} INFO - DAG(s) 'ingest_football_matches' retrieved from /opt/airflow/dags/ingest_matches_dag.py
[2026-06-10T20:44:07.724+0000] {logging_mixin.py:188} INFO - [2026-06-10T20:44:07.724+0000] {dag.py:3036} INFO - Sync 1 DAGs
[2026-06-10T20:44:07.751+0000] {logging_mixin.py:188} INFO - [2026-06-10T20:44:07.751+0000] {dag.py:3823} INFO - Setting next_dagrun for ingest_football_matches to 2026-06-10 06:00:00+00:00, run_after=2026-06-11 06:00:00+00:00
[2026-06-10T20:44:07.770+0000] {processor.py:183} INFO - Processing /opt/airflow/dags/ingest_matches_dag.py took 0.120 seconds
[2026-06-10T20:44:38.788+0000] {processor.py:161} INFO - Started process (PID=1120) to work on /opt/airflow/dags/ingest_matches_dag.py
[2026-06-10T20:44:38.789+0000] {processor.py:830} INFO - Processing file /opt/airflow/dags/ingest_matches_dag.py for tasks to queue
[2026-06-10T20:44:38.790+0000] {logging_mixin.py:188} INFO - [2026-06-10T20:44:38.790+0000] {dagbag.py:538} INFO - Filling up the DagBag from /opt/airflow/dags/ingest_matches_dag.py
[2026-06-10T20:44:38.801+0000] {processor.py:840} INFO - DAG(s) 'ingest_football_matches' retrieved from /opt/airflow/dags/ingest_matches_dag.py
[2026-06-10T20:44:38.827+0000] {logging_mixin.py:188} INFO - [2026-06-10T20:44:38.827+0000] {dag.py:3036} INFO - Sync 1 DAGs
[2026-06-10T20:44:38.848+0000] {logging_mixin.py:188} INFO - [2026-06-10T20:44:38.848+0000] {dag.py:3823} INFO - Setting next_dagrun for ingest_football_matches to 2026-06-10 06:00:00+00:00, run_after=2026-06-11 06:00:00+00:00
[2026-06-10T20:44:38.864+0000] {processor.py:183} INFO - Processing /opt/airflow/dags/ingest_matches_dag.py took 0.079 seconds
[2026-06-10T20:45:09.847+0000] {processor.py:161} INFO - Started process (PID=1125) to work on /opt/airflow/dags/ingest_matches_dag.py
[2026-06-10T20:45:09.849+0000] {processor.py:830} INFO - Processing file /opt/airflow/dags/ingest_matches_dag.py for tasks to queue
[2026-06-10T20:45:09.850+0000] {logging_mixin.py:188} INFO - [2026-06-10T20:45:09.849+0000] {dagbag.py:538} INFO - Filling up the DagBag from /opt/airflow/dags/ingest_matches_dag.py
[2026-06-10T20:45:09.870+0000] {processor.py:840} INFO - DAG(s) 'ingest_football_matches' retrieved from /opt/airflow/dags/ingest_matches_dag.py
[2026-06-10T20:45:09.906+0000] {logging_mixin.py:188} INFO - [2026-06-10T20:45:09.906+0000] {dag.py:3036} INFO - Sync 1 DAGs
[2026-06-10T20:45:09.930+0000] {logging_mixin.py:188} INFO - [2026-06-10T20:45:09.929+0000] {dag.py:3823} INFO - Setting next_dagrun for ingest_football_matches to 2026-06-10 06:00:00+00:00, run_after=2026-06-11 06:00:00+00:00
[2026-06-10T20:45:09.949+0000] {processor.py:183} INFO - Processing /opt/airflow/dags/ingest_matches_dag.py took 0.105 seconds
[2026-06-10T20:45:40.980+0000] {processor.py:161} INFO - Started process (PID=1130) to work on /opt/airflow/dags/ingest_matches_dag.py
[2026-06-10T20:45:40.982+0000] {processor.py:830} INFO - Processing file /opt/airflow/dags/ingest_matches_dag.py for tasks to queue
[2026-06-10T20:45:40.983+0000] {logging_mixin.py:188} INFO - [2026-06-10T20:45:40.982+0000] {dagbag.py:538} INFO - Filling up the DagBag from /opt/airflow/dags/ingest_matches_dag.py
[2026-06-10T20:45:40.996+0000] {processor.py:840} INFO - DAG(s) 'ingest_football_matches' retrieved from /opt/airflow/dags/ingest_matches_dag.py
[2026-06-10T20:45:41.022+0000] {logging_mixin.py:188} INFO - [2026-06-10T20:45:41.022+0000] {dag.py:3036} INFO - Sync 1 DAGs
[2026-06-10T20:45:41.042+0000] {logging_mixin.py:188} INFO - [2026-06-10T20:45:41.042+0000] {dag.py:3823} INFO - Setting next_dagrun for ingest_football_matches to 2026-06-10 06:00:00+00:00, run_after=2026-06-11 06:00:00+00:00
[2026-06-10T20:45:41.058+0000] {processor.py:183} INFO - Processing /opt/airflow/dags/ingest_matches_dag.py took 0.080 seconds
[2026-06-10T20:46:11.103+0000] {processor.py:161} INFO - Started process (PID=1135) to work on /opt/airflow/dags/ingest_matches_dag.py
[2026-06-10T20:46:11.104+0000] {processor.py:830} INFO - Processing file /opt/airflow/dags/ingest_matches_dag.py for tasks to queue
[2026-06-10T20:46:11.105+0000] {logging_mixin.py:188} INFO - [2026-06-10T20:46:11.105+0000] {dagbag.py:538} INFO - Filling up the DagBag from /opt/airflow/dags/ingest_matches_dag.py
[2026-06-10T20:46:11.125+0000] {processor.py:840} INFO - DAG(s) 'ingest_football_matches' retrieved from /opt/airflow/dags/ingest_matches_dag.py
[2026-06-10T20:46:11.159+0000] {logging_mixin.py:188} INFO - [2026-06-10T20:46:11.158+0000] {dag.py:3036} INFO - Sync 1 DAGs
[2026-06-10T20:46:11.182+0000] {logging_mixin.py:188} INFO - [2026-06-10T20:46:11.181+0000] {dag.py:3823} INFO - Setting next_dagrun for ingest_football_matches to 2026-06-10 06:00:00+00:00, run_after=2026-06-11 06:00:00+00:00
[2026-06-10T20:46:11.201+0000] {processor.py:183} INFO - Processing /opt/airflow/dags/ingest_matches_dag.py took 0.101 seconds
[2026-06-10T20:46:41.310+0000] {processor.py:161} INFO - Started process (PID=1140) to work on /opt/airflow/dags/ingest_matches_dag.py
[2026-06-10T20:46:41.311+0000] {processor.py:830} INFO - Processing file /opt/airflow/dags/ingest_matches_dag.py for tasks to queue
[2026-06-10T20:46:41.311+0000] {logging_mixin.py:188} INFO - [2026-06-10T20:46:41.311+0000] {dagbag.py:538} INFO - Filling up the DagBag from /opt/airflow/dags/ingest_matches_dag.py
[2026-06-10T20:46:41.323+0000] {processor.py:840} INFO - DAG(s) 'ingest_football_matches' retrieved from /opt/airflow/dags/ingest_matches_dag.py
[2026-06-10T20:46:41.354+0000] {logging_mixin.py:188} INFO - [2026-06-10T20:46:41.354+0000] {dag.py:3036} INFO - Sync 1 DAGs
[2026-06-10T20:46:41.377+0000] {logging_mixin.py:188} INFO - [2026-06-10T20:46:41.377+0000] {dag.py:3823} INFO - Setting next_dagrun for ingest_football_matches to 2026-06-10 06:00:00+00:00, run_after=2026-06-11 06:00:00+00:00
[2026-06-10T20:46:41.400+0000] {processor.py:183} INFO - Processing /opt/airflow/dags/ingest_matches_dag.py took 0.092 seconds
[2026-06-10T20:47:12.343+0000] {processor.py:161} INFO - Started process (PID=1145) to work on /opt/airflow/dags/ingest_matches_dag.py
[2026-06-10T20:47:12.345+0000] {processor.py:830} INFO - Processing file /opt/airflow/dags/ingest_matches_dag.py for tasks to queue
[2026-06-10T20:47:12.346+0000] {logging_mixin.py:188} INFO - [2026-06-10T20:47:12.345+0000] {dagbag.py:538} INFO - Filling up the DagBag from /opt/airflow/dags/ingest_matches_dag.py
[2026-06-10T20:47:12.359+0000] {processor.py:840} INFO - DAG(s) 'ingest_football_matches' retrieved from /opt/airflow/dags/ingest_matches_dag.py
[2026-06-10T20:47:12.390+0000] {logging_mixin.py:188} INFO - [2026-06-10T20:47:12.389+0000] {dag.py:3036} INFO - Sync 1 DAGs
[2026-06-10T20:47:12.413+0000] {logging_mixin.py:188} INFO - [2026-06-10T20:47:12.413+0000] {dag.py:3823} INFO - Setting next_dagrun for ingest_football_matches to 2026-06-10 06:00:00+00:00, run_after=2026-06-11 06:00:00+00:00
[2026-06-10T20:47:12.434+0000] {processor.py:183} INFO - Processing /opt/airflow/dags/ingest_matches_dag.py took 0.095 seconds
[2026-06-10T20:47:43.406+0000] {processor.py:161} INFO - Started process (PID=1150) to work on /opt/airflow/dags/ingest_matches_dag.py
[2026-06-10T20:47:43.406+0000] {processor.py:830} INFO - Processing file /opt/airflow/dags/ingest_matches_dag.py for tasks to queue
[2026-06-10T20:47:43.407+0000] {logging_mixin.py:188} INFO - [2026-06-10T20:47:43.407+0000] {dagbag.py:538} INFO - Filling up the DagBag from /opt/airflow/dags/ingest_matches_dag.py
[2026-06-10T20:47:43.418+0000] {processor.py:840} INFO - DAG(s) 'ingest_football_matches' retrieved from /opt/airflow/dags/ingest_matches_dag.py
[2026-06-10T20:47:43.444+0000] {logging_mixin.py:188} INFO - [2026-06-10T20:47:43.444+0000] {dag.py:3036} INFO - Sync 1 DAGs
[2026-06-10T20:47:43.464+0000] {logging_mixin.py:188} INFO - [2026-06-10T20:47:43.464+0000] {dag.py:3823} INFO - Setting next_dagrun for ingest_football_matches to 2026-06-10 06:00:00+00:00, run_after=2026-06-11 06:00:00+00:00
[2026-06-10T20:47:43.478+0000] {processor.py:183} INFO - Processing /opt/airflow/dags/ingest_matches_dag.py took 0.076 seconds
[2026-06-10T20:48:14.262+0000] {processor.py:161} INFO - Started process (PID=1155) to work on /opt/airflow/dags/ingest_matches_dag.py
[2026-06-10T20:48:14.280+0000] {processor.py:830} INFO - Processing file /opt/airflow/dags/ingest_matches_dag.py for tasks to queue
[2026-06-10T20:48:14.281+0000] {logging_mixin.py:188} INFO - [2026-06-10T20:48:14.280+0000] {dagbag.py:538} INFO - Filling up the DagBag from /opt/airflow/dags/ingest_matches_dag.py
[2026-06-10T20:48:14.294+0000] {processor.py:840} INFO - DAG(s) 'ingest_football_matches' retrieved from /opt/airflow/dags/ingest_matches_dag.py
[2026-06-10T20:48:14.323+0000] {logging_mixin.py:188} INFO - [2026-06-10T20:48:14.323+0000] {dag.py:3036} INFO - Sync 1 DAGs
[2026-06-10T20:48:14.345+0000] {logging_mixin.py:188} INFO - [2026-06-10T20:48:14.344+0000] {dag.py:3823} INFO - Setting next_dagrun for ingest_football_matches to 2026-06-10 06:00:00+00:00, run_after=2026-06-11 06:00:00+00:00
[2026-06-10T20:48:14.360+0000] {processor.py:183} INFO - Processing /opt/airflow/dags/ingest_matches_dag.py took 0.102 seconds
[2026-06-10T20:48:45.370+0000] {processor.py:161} INFO - Started process (PID=1160) to work on /opt/airflow/dags/ingest_matches_dag.py
[2026-06-10T20:48:45.371+0000] {processor.py:830} INFO - Processing file /opt/airflow/dags/ingest_matches_dag.py for tasks to queue
[2026-06-10T20:48:45.371+0000] {logging_mixin.py:188} INFO - [2026-06-10T20:48:45.371+0000] {dagbag.py:538} INFO - Filling up the DagBag from /opt/airflow/dags/ingest_matches_dag.py
[2026-06-10T20:48:45.393+0000] {processor.py:840} INFO - DAG(s) 'ingest_football_matches' retrieved from /opt/airflow/dags/ingest_matches_dag.py
[2026-06-10T20:48:45.429+0000] {logging_mixin.py:188} INFO - [2026-06-10T20:48:45.429+0000] {dag.py:3036} INFO - Sync 1 DAGs
[2026-06-10T20:48:45.450+0000] {logging_mixin.py:188} INFO - [2026-06-10T20:48:45.450+0000] {dag.py:3823} INFO - Setting next_dagrun for ingest_football_matches to 2026-06-10 06:00:00+00:00, run_after=2026-06-11 06:00:00+00:00
[2026-06-10T20:48:45.469+0000] {processor.py:183} INFO - Processing /opt/airflow/dags/ingest_matches_dag.py took 0.102 seconds
[2026-06-10T20:49:16.408+0000] {processor.py:161} INFO - Started process (PID=1165) to work on /opt/airflow/dags/ingest_matches_dag.py
[2026-06-10T20:49:16.410+0000] {processor.py:830} INFO - Processing file /opt/airflow/dags/ingest_matches_dag.py for tasks to queue
[2026-06-10T20:49:16.412+0000] {logging_mixin.py:188} INFO - [2026-06-10T20:49:16.411+0000] {dagbag.py:538} INFO - Filling up the DagBag from /opt/airflow/dags/ingest_matches_dag.py
[2026-06-10T20:49:16.424+0000] {processor.py:840} INFO - DAG(s) 'ingest_football_matches' retrieved from /opt/airflow/dags/ingest_matches_dag.py
[2026-06-10T20:49:16.455+0000] {logging_mixin.py:188} INFO - [2026-06-10T20:49:16.455+0000] {dag.py:3036} INFO - Sync 1 DAGs
[2026-06-10T20:49:16.477+0000] {logging_mixin.py:188} INFO - [2026-06-10T20:49:16.476+0000] {dag.py:3823} INFO - Setting next_dagrun for ingest_football_matches to 2026-06-10 06:00:00+00:00, run_after=2026-06-11 06:00:00+00:00
[2026-06-10T20:49:16.494+0000] {processor.py:183} INFO - Processing /opt/airflow/dags/ingest_matches_dag.py took 0.090 seconds
[2026-06-10T20:49:47.495+0000] {processor.py:161} INFO - Started process (PID=1170) to work on /opt/airflow/dags/ingest_matches_dag.py
[2026-06-10T20:49:47.496+0000] {processor.py:830} INFO - Processing file /opt/airflow/dags/ingest_matches_dag.py for tasks to queue
[2026-06-10T20:49:47.496+0000] {logging_mixin.py:188} INFO - [2026-06-10T20:49:47.496+0000] {dagbag.py:538} INFO - Filling up the DagBag from /opt/airflow/dags/ingest_matches_dag.py
[2026-06-10T20:49:47.509+0000] {processor.py:840} INFO - DAG(s) 'ingest_football_matches' retrieved from /opt/airflow/dags/ingest_matches_dag.py
[2026-06-10T20:49:47.539+0000] {logging_mixin.py:188} INFO - [2026-06-10T20:49:47.538+0000] {dag.py:3036} INFO - Sync 1 DAGs
[2026-06-10T20:49:47.559+0000] {logging_mixin.py:188} INFO - [2026-06-10T20:49:47.559+0000] {dag.py:3823} INFO - Setting next_dagrun for ingest_football_matches to 2026-06-10 06:00:00+00:00, run_after=2026-06-11 06:00:00+00:00
[2026-06-10T20:49:47.575+0000] {processor.py:183} INFO - Processing /opt/airflow/dags/ingest_matches_dag.py took 0.084 seconds
[2026-06-10T20:50:17.609+0000] {processor.py:161} INFO - Started process (PID=1175) to work on /opt/airflow/dags/ingest_matches_dag.py
[2026-06-10T20:50:17.610+0000] {processor.py:830} INFO - Processing file /opt/airflow/dags/ingest_matches_dag.py for tasks to queue
[2026-06-10T20:50:17.611+0000] {logging_mixin.py:188} INFO - [2026-06-10T20:50:17.610+0000] {dagbag.py:538} INFO - Filling up the DagBag from /opt/airflow/dags/ingest_matches_dag.py
[2026-06-10T20:50:17.623+0000] {processor.py:840} INFO - DAG(s) 'ingest_football_matches' retrieved from /opt/airflow/dags/ingest_matches_dag.py
[2026-06-10T20:50:17.648+0000] {logging_mixin.py:188} INFO - [2026-06-10T20:50:17.648+0000] {dag.py:3036} INFO - Sync 1 DAGs
[2026-06-10T20:50:17.666+0000] {logging_mixin.py:188} INFO - [2026-06-10T20:50:17.666+0000] {dag.py:3823} INFO - Setting next_dagrun for ingest_football_matches to 2026-06-10 06:00:00+00:00, run_after=2026-06-11 06:00:00+00:00
[2026-06-10T20:50:17.682+0000] {processor.py:183} INFO - Processing /opt/airflow/dags/ingest_matches_dag.py took 0.076 seconds
[2026-06-10T20:50:48.656+0000] {processor.py:161} INFO - Started process (PID=1180) to work on /opt/airflow/dags/ingest_matches_dag.py
[2026-06-10T20:50:48.677+0000] {processor.py:830} INFO - Processing file /opt/airflow/dags/ingest_matches_dag.py for tasks to queue
[2026-06-10T20:50:48.678+0000] {logging_mixin.py:188} INFO - [2026-06-10T20:50:48.678+0000] {dagbag.py:538} INFO - Filling up the DagBag from /opt/airflow/dags/ingest_matches_dag.py
[2026-06-10T20:50:48.691+0000] {processor.py:840} INFO - DAG(s) 'ingest_football_matches' retrieved from /opt/airflow/dags/ingest_matches_dag.py
[2026-06-10T20:50:48.718+0000] {logging_mixin.py:188} INFO - [2026-06-10T20:50:48.718+0000] {dag.py:3036} INFO - Sync 1 DAGs
[2026-06-10T20:50:48.738+0000] {logging_mixin.py:188} INFO - [2026-06-10T20:50:48.737+0000] {dag.py:3823} INFO - Setting next_dagrun for ingest_football_matches to 2026-06-10 06:00:00+00:00, run_after=2026-06-11 06:00:00+00:00
[2026-06-10T20:50:48.753+0000] {processor.py:183} INFO - Processing /opt/airflow/dags/ingest_matches_dag.py took 0.100 seconds
[2026-06-10T20:51:19.684+0000] {processor.py:161} INFO - Started process (PID=1185) to work on /opt/airflow/dags/ingest_matches_dag.py
[2026-06-10T20:51:19.685+0000] {processor.py:830} INFO - Processing file /opt/airflow/dags/ingest_matches_dag.py for tasks to queue
[2026-06-10T20:51:19.686+0000] {logging_mixin.py:188} INFO - [2026-06-10T20:51:19.685+0000] {dagbag.py:538} INFO - Filling up the DagBag from /opt/airflow/dags/ingest_matches_dag.py
[2026-06-10T20:51:19.699+0000] {processor.py:840} INFO - DAG(s) 'ingest_football_matches' retrieved from /opt/airflow/dags/ingest_matches_dag.py
[2026-06-10T20:51:19.728+0000] {logging_mixin.py:188} INFO - [2026-06-10T20:51:19.728+0000] {dag.py:3036} INFO - Sync 1 DAGs
[2026-06-10T20:51:19.750+0000] {logging_mixin.py:188} INFO - [2026-06-10T20:51:19.750+0000] {dag.py:3823} INFO - Setting next_dagrun for ingest_football_matches to 2026-06-10 06:00:00+00:00, run_after=2026-06-11 06:00:00+00:00
[2026-06-10T20:51:19.796+0000] {processor.py:183} INFO - Processing /opt/airflow/dags/ingest_matches_dag.py took 0.115 seconds
[2026-06-10T20:51:50.765+0000] {processor.py:161} INFO - Started process (PID=1190) to work on /opt/airflow/dags/ingest_matches_dag.py
[2026-06-10T20:51:50.767+0000] {processor.py:830} INFO - Processing file /opt/airflow/dags/ingest_matches_dag.py for tasks to queue
[2026-06-10T20:51:50.768+0000] {logging_mixin.py:188} INFO - [2026-06-10T20:51:50.767+0000] {dagbag.py:538} INFO - Filling up the DagBag from /opt/airflow/dags/ingest_matches_dag.py
[2026-06-10T20:51:50.782+0000] {processor.py:840} INFO - DAG(s) 'ingest_football_matches' retrieved from /opt/airflow/dags/ingest_matches_dag.py
[2026-06-10T20:51:50.814+0000] {logging_mixin.py:188} INFO - [2026-06-10T20:51:50.813+0000] {dag.py:3036} INFO - Sync 1 DAGs
[2026-06-10T20:51:50.837+0000] {logging_mixin.py:188} INFO - [2026-06-10T20:51:50.836+0000] {dag.py:3823} INFO - Setting next_dagrun for ingest_football_matches to 2026-06-10 06:00:00+00:00, run_after=2026-06-11 06:00:00+00:00
[2026-06-10T20:51:50.856+0000] {processor.py:183} INFO - Processing /opt/airflow/dags/ingest_matches_dag.py took 0.094 seconds
[2026-06-10T20:52:21.790+0000] {processor.py:161} INFO - Started process (PID=1195) to work on /opt/airflow/dags/ingest_matches_dag.py
[2026-06-10T20:52:21.791+0000] {processor.py:830} INFO - Processing file /opt/airflow/dags/ingest_matches_dag.py for tasks to queue
[2026-06-10T20:52:21.791+0000] {logging_mixin.py:188} INFO - [2026-06-10T20:52:21.791+0000] {dagbag.py:538} INFO - Filling up the DagBag from /opt/airflow/dags/ingest_matches_dag.py
[2026-06-10T20:52:21.806+0000] {processor.py:840} INFO - DAG(s) 'ingest_football_matches' retrieved from /opt/airflow/dags/ingest_matches_dag.py
[2026-06-10T20:52:21.837+0000] {logging_mixin.py:188} INFO - [2026-06-10T20:52:21.837+0000] {dag.py:3036} INFO - Sync 1 DAGs
[2026-06-10T20:52:21.860+0000] {logging_mixin.py:188} INFO - [2026-06-10T20:52:21.860+0000] {dag.py:3823} INFO - Setting next_dagrun for ingest_football_matches to 2026-06-10 06:00:00+00:00, run_after=2026-06-11 06:00:00+00:00
[2026-06-10T20:52:21.876+0000] {processor.py:183} INFO - Processing /opt/airflow/dags/ingest_matches_dag.py took 0.090 seconds
[2026-06-10T20:52:51.902+0000] {processor.py:161} INFO - Started process (PID=1200) to work on /opt/airflow/dags/ingest_matches_dag.py
[2026-06-10T20:52:51.904+0000] {processor.py:830} INFO - Processing file /opt/airflow/dags/ingest_matches_dag.py for tasks to queue
[2026-06-10T20:52:51.905+0000] {logging_mixin.py:188} INFO - [2026-06-10T20:52:51.905+0000] {dagbag.py:538} INFO - Filling up the DagBag from /opt/airflow/dags/ingest_matches_dag.py
[2026-06-10T20:52:51.918+0000] {processor.py:840} INFO - DAG(s) 'ingest_football_matches' retrieved from /opt/airflow/dags/ingest_matches_dag.py
[2026-06-10T20:52:51.947+0000] {logging_mixin.py:188} INFO - [2026-06-10T20:52:51.947+0000] {dag.py:3036} INFO - Sync 1 DAGs
[2026-06-10T20:52:51.967+0000] {logging_mixin.py:188} INFO - [2026-06-10T20:52:51.967+0000] {dag.py:3823} INFO - Setting next_dagrun for ingest_football_matches to 2026-06-10 06:00:00+00:00, run_after=2026-06-11 06:00:00+00:00
[2026-06-10T20:52:51.982+0000] {processor.py:183} INFO - Processing /opt/airflow/dags/ingest_matches_dag.py took 0.083 seconds
[2026-06-10T20:53:22.924+0000] {processor.py:161} INFO - Started process (PID=1205) to work on /opt/airflow/dags/ingest_matches_dag.py
[2026-06-10T20:53:22.925+0000] {processor.py:830} INFO - Processing file /opt/airflow/dags/ingest_matches_dag.py for tasks to queue
[2026-06-10T20:53:22.925+0000] {logging_mixin.py:188} INFO - [2026-06-10T20:53:22.925+0000] {dagbag.py:538} INFO - Filling up the DagBag from /opt/airflow/dags/ingest_matches_dag.py
[2026-06-10T20:53:22.937+0000] {processor.py:840} INFO - DAG(s) 'ingest_football_matches' retrieved from /opt/airflow/dags/ingest_matches_dag.py
[2026-06-10T20:53:22.965+0000] {logging_mixin.py:188} INFO - [2026-06-10T20:53:22.964+0000] {dag.py:3036} INFO - Sync 1 DAGs
[2026-06-10T20:53:22.985+0000] {logging_mixin.py:188} INFO - [2026-06-10T20:53:22.985+0000] {dag.py:3823} INFO - Setting next_dagrun for ingest_football_matches to 2026-06-10 06:00:00+00:00, run_after=2026-06-11 06:00:00+00:00
[2026-06-10T20:53:23.003+0000] {processor.py:183} INFO - Processing /opt/airflow/dags/ingest_matches_dag.py took 0.082 seconds
[2026-06-10T20:53:54.027+0000] {processor.py:161} INFO - Started process (PID=1210) to work on /opt/airflow/dags/ingest_matches_dag.py
[2026-06-10T20:53:54.030+0000] {processor.py:830} INFO - Processing file /opt/airflow/dags/ingest_matches_dag.py for tasks to queue
[2026-06-10T20:53:54.031+0000] {logging_mixin.py:188} INFO - [2026-06-10T20:53:54.030+0000] {dagbag.py:538} INFO - Filling up the DagBag from /opt/airflow/dags/ingest_matches_dag.py
[2026-06-10T20:53:54.042+0000] {processor.py:840} INFO - DAG(s) 'ingest_football_matches' retrieved from /opt/airflow/dags/ingest_matches_dag.py
[2026-06-10T20:53:54.070+0000] {logging_mixin.py:188} INFO - [2026-06-10T20:53:54.069+0000] {dag.py:3036} INFO - Sync 1 DAGs
[2026-06-10T20:53:54.091+0000] {logging_mixin.py:188} INFO - [2026-06-10T20:53:54.091+0000] {dag.py:3823} INFO - Setting next_dagrun for ingest_football_matches to 2026-06-10 06:00:00+00:00, run_after=2026-06-11 06:00:00+00:00
[2026-06-10T20:53:54.109+0000] {processor.py:183} INFO - Processing /opt/airflow/dags/ingest_matches_dag.py took 0.084 seconds
[2026-06-10T20:54:25.044+0000] {processor.py:161} INFO - Started process (PID=1215) to work on /opt/airflow/dags/ingest_matches_dag.py
[2026-06-10T20:54:25.045+0000] {processor.py:830} INFO - Processing file /opt/airflow/dags/ingest_matches_dag.py for tasks to queue
[2026-06-10T20:54:25.046+0000] {logging_mixin.py:188} INFO - [2026-06-10T20:54:25.045+0000] {dagbag.py:538} INFO - Filling up the DagBag from /opt/airflow/dags/ingest_matches_dag.py
[2026-06-10T20:54:25.057+0000] {processor.py:840} INFO - DAG(s) 'ingest_football_matches' retrieved from /opt/airflow/dags/ingest_matches_dag.py
[2026-06-10T20:54:25.086+0000] {logging_mixin.py:188} INFO - [2026-06-10T20:54:25.086+0000] {dag.py:3036} INFO - Sync 1 DAGs
[2026-06-10T20:54:25.108+0000] {logging_mixin.py:188} INFO - [2026-06-10T20:54:25.108+0000] {dag.py:3823} INFO - Setting next_dagrun for ingest_football_matches to 2026-06-10 06:00:00+00:00, run_after=2026-06-11 06:00:00+00:00
[2026-06-10T20:54:25.126+0000] {processor.py:183} INFO - Processing /opt/airflow/dags/ingest_matches_dag.py took 0.085 seconds
[2026-06-10T20:54:56.127+0000] {processor.py:161} INFO - Started process (PID=1220) to work on /opt/airflow/dags/ingest_matches_dag.py
[2026-06-10T20:54:56.128+0000] {processor.py:830} INFO - Processing file /opt/airflow/dags/ingest_matches_dag.py for tasks to queue
[2026-06-10T20:54:56.129+0000] {logging_mixin.py:188} INFO - [2026-06-10T20:54:56.129+0000] {dagbag.py:538} INFO - Filling up the DagBag from /opt/airflow/dags/ingest_matches_dag.py
[2026-06-10T20:54:56.140+0000] {processor.py:840} INFO - DAG(s) 'ingest_football_matches' retrieved from /opt/airflow/dags/ingest_matches_dag.py
[2026-06-10T20:54:56.165+0000] {logging_mixin.py:188} INFO - [2026-06-10T20:54:56.165+0000] {dag.py:3036} INFO - Sync 1 DAGs
[2026-06-10T20:54:56.187+0000] {logging_mixin.py:188} INFO - [2026-06-10T20:54:56.186+0000] {dag.py:3823} INFO - Setting next_dagrun for ingest_football_matches to 2026-06-10 06:00:00+00:00, run_after=2026-06-11 06:00:00+00:00
[2026-06-10T20:54:56.202+0000] {processor.py:183} INFO - Processing /opt/airflow/dags/ingest_matches_dag.py took 0.078 seconds
[2026-06-10T20:55:26.985+0000] {processor.py:161} INFO - Started process (PID=1225) to work on /opt/airflow/dags/ingest_matches_dag.py
[2026-06-10T20:55:26.986+0000] {processor.py:830} INFO - Processing file /opt/airflow/dags/ingest_matches_dag.py for tasks to queue
[2026-06-10T20:55:26.987+0000] {logging_mixin.py:188} INFO - [2026-06-10T20:55:26.986+0000] {dagbag.py:538} INFO - Filling up the DagBag from /opt/airflow/dags/ingest_matches_dag.py
[2026-06-10T20:55:27.000+0000] {processor.py:840} INFO - DAG(s) 'ingest_football_matches' retrieved from /opt/airflow/dags/ingest_matches_dag.py
[2026-06-10T20:55:27.031+0000] {logging_mixin.py:188} INFO - [2026-06-10T20:55:27.031+0000] {dag.py:3036} INFO - Sync 1 DAGs
[2026-06-10T20:55:27.052+0000] {logging_mixin.py:188} INFO - [2026-06-10T20:55:27.051+0000] {dag.py:3823} INFO - Setting next_dagrun for ingest_football_matches to 2026-06-10 06:00:00+00:00, run_after=2026-06-11 06:00:00+00:00
[2026-06-10T20:55:27.069+0000] {processor.py:183} INFO - Processing /opt/airflow/dags/ingest_matches_dag.py took 0.087 seconds
